department,region,education,gender,recruitment_channel,no_of_trainings,age,previous_year_rating,length_of_service,KPIs_met_more_than_80,awards_won,avg_training_score
HR,4,Bachelors,f,other,1,31,3.0,5,0,0,51
Sales & Marketing,13,Bachelors,m,other,1,31,1.0,4,0,0,47
Procurement,2,Bachelors,f,other,3,31,2.0,9,0,0,65
Finance,29,Bachelors,m,sourcing,1,30,4.0,7,0,0,61
Procurement,7,Bachelors,m,sourcing,1,36,3.0,2,0,0,68
Finance,2,Bachelors,m,other,1,33,5.0,3,1,0,57
Analytics,22,Bachelors,m,sourcing,2,36,3.0,3,0,0,85
Technology,7,Masters & above,m,other,1,51,4.0,11,0,0,75
Technology,22,Bachelors,m,sourcing,1,29,5.0,2,1,0,76
Sales & Marketing,16,Bachelors,m,sourcing,2,40,5.0,12,1,0,50
Sales & Marketing,17,Masters & above,m,sourcing,1,40,3.0,10,0,0,46
Sales & Marketing,4,Masters & above,f,other,1,34,3.0,4,0,0,52
Analytics,24,Bachelors,m,other,1,37,3.0,10,0,0,82
Operations,11,Bachelors,m,sourcing,1,30,5.0,6,1,0,58
Sales & Marketing,7,Bachelors,m,sourcing,1,31,4.0,4,1,0,47
Operations,27,Bachelors,f,sourcing,1,26,5.0,3,0,0,56
Sales & Marketing,17,Bachelors,m,sourcing,1,40,5.0,6,1,0,50
Procurement,7,Bachelors,f,other,1,49,3.0,7,1,0,64
Procurement,27,Bachelors,m,other,1,27,2.0,5,0,0,65
Sales & Marketing,9,Masters & above,m,sourcing,1,37,5.0,3,0,0,47
Technology,29,Masters & above,m,sourcing,1,30,1.0,3,0,0,83
Procurement,4,Masters & above,m,other,1,41,3.0,4,0,0,76
Finance,20,Bachelors,f,other,1,29,4.0,6,1,0,58
Operations,20,Bachelors,m,other,1,33,3.0,7,1,1,62
Sales & Marketing,17,Masters & above,m,sourcing,1,34,4.0,6,1,0,50
Analytics,13,Bachelors,m,sourcing,1,34,3.0,3,1,0,87
Operations,22,Bachelors,m,other,1,52,1.0,10,0,0,61
Sales & Marketing,34,Bachelors,m,sourcing,1,30,2.0,3,0,0,50
Analytics,2,Masters & above,m,sourcing,2,34,4.0,7,0,0,87
Sales & Marketing,2,Bachelors,m,sourcing,2,43,1.0,14,0,0,52
Sales & Marketing,2,Bachelors,f,sourcing,1,35,3.0,3,1,0,52
Technology,22,Masters & above,m,other,4,40,3.0,12,0,0,77
Technology,23,Bachelors,m,sourcing,2,33,4.0,9,0,0,83
Sales & Marketing,8,Masters & above,m,other,1,30,3.0,2,1,0,55
Sales & Marketing,14,Bachelors,f,sourcing,2,42,1.0,3,1,0,46
Sales & Marketing,22,Bachelors,m,sourcing,3,29,1.0,3,0,0,51
Analytics,26,Bachelors,m,sourcing,1,26,5.0,4,1,0,90
Sales & Marketing,31,Bachelors,m,other,1,27,2.0,3,0,0,52
Operations,13,Bachelors,m,other,1,34,5.0,5,1,0,66
Sales & Marketing,31,Bachelors,m,sourcing,1,26,4.0,5,0,0,45
Technology,2,Bachelors,f,other,1,52,5.0,18,0,0,80
Sales & Marketing,7,Bachelors,m,other,1,26,5.0,2,1,0,54
Analytics,34,Bachelors,m,sourcing,3,27,3.0,2,0,0,83
Operations,23,Bachelors,m,other,1,33,4.0,8,1,0,59
Technology,2,Masters & above,f,other,1,57,1.0,26,0,0,76
Sales & Marketing,2,Bachelors,m,other,2,46,1.0,7,0,0,49
Sales & Marketing,19,Bachelors,m,sourcing,1,30,2.0,3,0,0,50
Technology,7,Masters & above,m,sourcing,2,40,3.0,6,0,0,81
Technology,23,Bachelors,m,other,2,32,3.0,6,0,0,79
Finance,22,Masters & above,f,sourcing,1,36,3.0,2,1,0,61
Legal,2,Bachelors,m,other,1,28,2.0,2,0,0,62
Operations,22,Bachelors,f,sourcing,1,29,5.0,4,1,0,56
Sales & Marketing,2,Masters & above,m,sourcing,1,38,4.0,4,0,0,49
Technology,4,Bachelors,m,other,1,31,2.0,4,1,0,78
Sales & Marketing,22,Bachelors,m,other,1,29,1.0,4,0,0,46
Operations,26,Bachelors,m,sourcing,1,41,4.0,6,1,0,60
Procurement,2,Bachelors,m,other,1,29,5.0,2,1,0,74
Sales & Marketing,28,Bachelors,f,other,1,29,2.0,5,0,0,51
Analytics,29,Bachelors,m,other,2,28,5.0,4,1,0,84
Procurement,22,Bachelors,f,sourcing,1,31,1.0,6,0,0,64
Technology,4,Masters & above,m,sourcing,1,36,3.0,4,0,0,76
Operations,2,Bachelors,m,other,3,26,3.0,4,1,0,57
Technology,15,Bachelors,m,other,1,29,3.0,2,0,0,84
Analytics,7,Bachelors,m,sourcing,1,32,4.0,6,0,0,85
Sales & Marketing,2,Bachelors,f,other,1,40,1.0,10,0,0,50
Analytics,22,Bachelors,m,sourcing,2,38,4.0,13,0,0,87
Analytics,4,Bachelors,m,other,1,42,5.0,11,1,0,80
Procurement,29,Masters & above,f,other,1,33,3.0,6,0,0,68
Analytics,2,Bachelors,m,other,1,31,5.0,5,1,0,92
Operations,3,Masters & above,f,sourcing,1,35,3.0,4,0,0,58
HR,2,Masters & above,f,sourcing,1,58,5.0,6,1,0,51
Sales & Marketing,28,Bachelors,f,sourcing,1,26,2.0,4,0,0,48
HR,29,Bachelors,f,sourcing,1,33,3.0,8,1,0,49
Technology,7,Bachelors,m,sourcing,1,30,3.0,3,1,0,80
Technology,13,Masters & above,f,sourcing,1,43,3.0,12,0,0,79
HR,17,Bachelors,f,sourcing,1,31,4.0,7,0,0,48
Analytics,29,Bachelors,m,sourcing,1,32,3.0,5,1,0,86
Technology,2,Masters & above,f,sourcing,2,57,2.0,7,0,0,83
Operations,2,Bachelors,f,other,1,54,4.0,22,0,0,57
R&D,22,Masters & above,m,other,2,27,4.0,5,0,0,86
Operations,22,Masters & above,m,sourcing,1,44,3.0,10,0,0,55
Technology,24,Masters & above,f,other,1,37,3.0,10,0,0,81
Procurement,7,Masters & above,m,other,1,48,4.0,8,0,0,72
Sales & Marketing,25,Bachelors,f,other,1,31,3.0,6,1,0,43
Finance,22,Bachelors,f,other,1,28,5.0,5,1,0,60
Procurement,13,Masters & above,f,other,1,34,3.0,4,0,0,69
Sales & Marketing,14,Bachelors,f,sourcing,1,44,1.0,4,0,0,47
Sales & Marketing,12,Bachelors,m,sourcing,1,27,5.0,2,0,0,50
Operations,22,Masters & above,m,referred,1,45,3.0,4,1,0,57
Sales & Marketing,13,Bachelors,m,sourcing,1,24,4.0,2,0,0,48
Analytics,29,Bachelors,m,other,1,37,5.0,4,0,0,82
Sales & Marketing,2,Masters & above,f,other,1,31,1.0,2,1,0,53
Sales & Marketing,7,Masters & above,m,sourcing,3,38,3.0,5,0,0,49
Procurement,22,Bachelors,m,other,1,32,5.0,2,1,0,72
Analytics,19,Bachelors,m,other,1,29,3.0,4,0,0,84
Sales & Marketing,15,Bachelors,m,other,1,37,4.0,9,0,0,50
Operations,13,Bachelors,m,other,2,42,3.0,12,0,0,60
R&D,22,Masters & above,m,sourcing,2,32,5.0,5,1,0,88
Operations,13,Bachelors,m,other,1,45,3.0,3,0,0,60
Analytics,29,Bachelors,m,other,1,28,3.0,7,0,0,83
Technology,15,Masters & above,m,sourcing,1,35,1.0,9,0,0,81
Sales & Marketing,4,Bachelors,m,other,3,28,3.0,5,0,0,48
Operations,8,Bachelors,f,other,1,37,1.0,3,1,0,59
Analytics,4,Masters & above,m,other,1,38,4.0,7,1,0,88
Procurement,2,Bachelors,f,sourcing,1,31,1.0,6,0,0,68
Operations,2,Masters & above,m,other,2,43,3.0,2,0,0,69
Operations,23,Bachelors,m,other,1,32,3.0,2,1,0,62
Procurement,2,Below Secondary,m,sourcing,1,24,4.0,2,1,0,69
Operations,2,Masters & above,m,other,1,52,5.0,8,0,0,59
Technology,13,Masters & above,m,other,1,38,5.0,2,0,0,88
Finance,20,Bachelors,m,other,1,35,3.0,4,0,0,59
Technology,31,Masters & above,m,other,1,39,5.0,4,0,1,81
Procurement,7,Bachelors,m,other,1,31,3.0,5,1,0,65
Operations,27,Bachelors,m,sourcing,1,37,3.0,5,0,0,57
Operations,30,Masters & above,f,other,1,37,5.0,9,1,0,56
Analytics,16,Bachelors,m,other,2,31,3.0,5,1,0,81
Analytics,22,Bachelors,m,sourcing,1,28,5.0,4,1,0,85
Technology,15,Bachelors,m,other,1,26,3.0,3,0,0,77
Finance,2,Masters & above,m,other,1,49,4.0,7,1,0,62
Procurement,13,Bachelors,f,other,1,34,3.0,9,0,0,68
Finance,4,Masters & above,f,other,1,38,3.0,2,0,0,58
Sales & Marketing,13,Masters & above,m,other,1,52,4.0,4,1,0,51
Sales & Marketing,22,Bachelors,m,sourcing,3,31,1.0,7,1,0,50
Technology,2,Bachelors,f,other,1,24,1.0,2,0,0,82
HR,7,Bachelors,m,other,1,31,2.0,5,0,0,66
Technology,26,Bachelors,f,other,1,43,1.0,4,1,0,86
Procurement,4,Masters & above,m,other,4,37,3.0,6,0,0,68
HR,2,Masters & above,m,other,1,37,5.0,9,1,0,53
Operations,29,Bachelors,m,other,1,32,5.0,8,1,0,58
Sales & Marketing,26,Bachelors,f,other,1,30,4.0,2,0,0,53
Procurement,20,Bachelors,f,other,1,30,5.0,4,1,0,71
Sales & Marketing,7,Bachelors,m,sourcing,1,27,4.0,3,0,0,50
Sales & Marketing,2,Bachelors,m,other,2,36,4.0,8,0,0,45
Technology,9,Bachelors,m,sourcing,4,30,3.0,2,0,0,78
Procurement,2,Masters & above,m,sourcing,1,49,4.0,19,0,0,73
Sales & Marketing,10,Masters & above,m,other,1,38,5.0,5,0,0,63
Sales & Marketing,30,Bachelors,m,other,1,29,3.0,6,0,0,51
Technology,33,Bachelors,m,other,1,48,3.0,6,1,0,81
Analytics,2,Masters & above,m,other,1,59,4.0,13,0,0,82
Operations,7,Bachelors,f,other,1,36,5.0,5,1,0,62
Finance,13,Bachelors,m,other,1,28,3.0,3,0,0,59
Procurement,22,Bachelors,m,other,2,27,4.0,2,1,0,68
Operations,2,Bachelors,m,sourcing,1,25,3.0,2,0,0,62
Sales & Marketing,26,Bachelors,m,other,1,30,5.0,6,1,0,52
Sales & Marketing,2,Bachelors,m,other,1,38,4.0,5,1,0,48
HR,2,Bachelors,f,other,1,53,4.0,21,0,0,53
Sales & Marketing,8,Masters & above,m,other,1,35,3.0,8,0,0,45
HR,2,Bachelors,m,other,1,45,3.0,14,1,0,53
Operations,32,Bachelors,m,other,1,39,3.0,8,0,0,58
Analytics,13,Bachelors,m,other,1,46,4.0,6,0,0,82
Technology,5,Bachelors,m,sourcing,2,29,3.0,3,0,0,79
Technology,15,Bachelors,f,other,1,34,4.0,6,1,0,82
Sales & Marketing,14,Bachelors,m,other,1,38,5.0,3,0,0,51
HR,22,Masters & above,m,sourcing,1,32,3.0,5,0,0,52
Operations,26,Bachelors,m,other,1,33,3.0,5,1,0,58
Procurement,2,Bachelors,f,other,1,39,4.0,9,0,0,70
Procurement,4,Masters & above,m,other,4,36,3.0,6,0,0,71
Operations,22,Bachelors,m,sourcing,2,33,4.0,4,0,0,59
Sales & Marketing,2,Bachelors,f,other,1,29,4.0,6,1,0,45
R&D,7,Bachelors,f,other,1,32,3.0,5,0,0,85
Sales & Marketing,28,Bachelors,f,sourcing,1,26,3.0,2,1,0,46
Analytics,32,Bachelors,m,sourcing,1,38,3.0,3,0,0,82
Procurement,22,Masters & above,m,sourcing,1,42,2.0,15,0,0,70
Operations,32,Bachelors,f,sourcing,1,30,5.0,6,0,0,60
Sales & Marketing,14,Bachelors,m,other,1,36,4.0,6,0,0,47
Procurement,2,Bachelors,f,other,1,56,5.0,6,0,0,84
Sales & Marketing,14,Bachelors,f,other,1,30,3.0,5,0,0,51
HR,7,Bachelors,f,other,1,29,5.0,6,1,0,49
Sales & Marketing,7,Bachelors,m,other,1,36,2.0,7,0,0,47
Technology,14,Bachelors,f,other,1,39,3.0,4,0,0,80
Analytics,26,Bachelors,m,sourcing,1,30,5.0,4,1,0,84
R&D,2,Bachelors,m,other,2,42,3.0,9,0,0,84
Sales & Marketing,26,Bachelors,m,sourcing,2,37,4.0,9,0,0,49
Procurement,22,Bachelors,m,sourcing,1,31,2.0,2,1,0,66
Sales & Marketing,28,Masters & above,m,sourcing,1,32,4.0,6,1,0,48
Operations,15,Masters & above,m,other,1,40,5.0,11,1,0,59
Finance,2,Bachelors,m,sourcing,2,39,5.0,10,1,0,58
Sales & Marketing,26,Bachelors,m,other,1,40,4.0,10,1,0,47
HR,22,Bachelors,m,sourcing,1,23,1.0,2,0,0,45
Sales & Marketing,7,Bachelors,m,other,1,37,2.0,4,0,0,51
Operations,2,Bachelors,m,sourcing,1,37,3.0,9,0,0,61
Legal,22,Bachelors,m,referred,1,29,5.0,3,1,0,54
Operations,32,Bachelors,f,other,1,38,4.0,10,0,0,55
Operations,22,Bachelors,m,other,2,39,4.0,10,0,0,57
Sales & Marketing,22,Masters & above,m,other,2,38,5.0,7,1,0,48
Procurement,13,Bachelors,m,sourcing,1,34,3.0,4,0,0,69
Procurement,15,Bachelors,f,other,1,48,5.0,21,0,0,69
R&D,26,Masters & above,m,other,1,29,5.0,4,0,0,82
Technology,13,Masters & above,f,other,1,37,4.0,7,1,0,81
Operations,2,Bachelors,f,other,1,47,5.0,2,1,0,63
Sales & Marketing,14,Bachelors,m,sourcing,1,31,1.0,3,0,0,50
Analytics,16,Bachelors,m,other,1,28,3.0,4,0,0,83
Finance,28,Masters & above,f,other,2,32,4.0,6,1,0,57
Procurement,27,Bachelors,f,other,1,33,2.0,4,1,0,71
Operations,6,Bachelors,m,sourcing,1,34,3.0,10,0,0,67
Sales & Marketing,7,Bachelors,m,sourcing,1,38,5.0,3,1,0,52
Technology,33,Bachelors,m,other,1,28,4.0,5,0,0,79
Analytics,24,Masters & above,m,other,1,34,3.0,3,0,0,87
Procurement,2,Bachelors,m,other,1,44,2.0,16,0,0,70
Procurement,20,Bachelors,m,sourcing,1,28,3.0,4,0,0,69
Operations,27,Bachelors,f,other,1,31,1.0,5,1,0,61
Analytics,29,Bachelors,m,other,1,34,2.0,5,0,0,84
Procurement,2,Below Secondary,m,other,1,22,3.0,2,1,0,71
Procurement,11,Bachelors,f,other,1,32,3.0,7,1,0,66
Technology,2,Masters & above,f,other,1,43,3.0,6,1,0,80
Analytics,2,Masters & above,f,other,1,42,5.0,13,1,0,85
HR,7,Bachelors,m,other,1,41,3.0,8,1,0,54
Technology,11,Bachelors,f,other,1,27,3.0,2,0,0,84
Finance,2,Bachelors,m,sourcing,1,41,4.0,9,0,0,56
Technology,23,Bachelors,m,other,1,26,5.0,2,1,0,76
Analytics,34,Bachelors,m,other,1,35,5.0,10,1,0,85
Sales & Marketing,28,Bachelors,f,sourcing,1,28,1.0,3,0,0,58
HR,2,Bachelors,f,sourcing,1,50,1.0,9,0,0,46
Sales & Marketing,7,Masters & above,m,other,2,37,1.0,10,0,0,49
Operations,4,Bachelors,m,other,2,35,3.0,8,1,0,64
Sales & Marketing,28,Masters & above,f,other,1,29,4.0,4,0,0,51
Sales & Marketing,6,Bachelors,f,sourcing,1,36,5.0,8,0,0,47
Finance,2,Bachelors,m,other,1,36,3.0,3,0,0,55
Operations,22,Bachelors,f,other,2,37,4.0,2,0,0,71
Analytics,29,Bachelors,m,other,1,30,3.0,4,0,0,83
Finance,2,Bachelors,m,sourcing,2,26,2.0,2,0,0,54
Procurement,13,Bachelors,f,sourcing,2,28,5.0,3,1,0,68
Operations,15,Bachelors,m,other,1,49,4.0,9,0,0,61
Procurement,21,Masters & above,m,other,1,35,5.0,7,1,0,70
Technology,24,Bachelors,m,other,1,32,2.0,6,0,0,90
Sales & Marketing,28,Masters & above,f,sourcing,1,42,3.0,4,0,0,54
Technology,4,Masters & above,m,other,1,37,4.0,5,0,0,76
Sales & Marketing,29,Bachelors,m,other,1,28,5.0,2,0,0,45
Procurement,15,Bachelors,m,other,1,38,4.0,2,1,1,97
Analytics,2,Bachelors,m,sourcing,2,39,4.0,5,1,0,86
Analytics,27,Bachelors,m,other,1,28,5.0,2,1,0,87
Operations,14,Bachelors,m,other,2,34,3.0,10,0,0,60
Operations,22,Bachelors,f,other,1,37,3.0,3,0,0,63
Sales & Marketing,2,Masters & above,f,sourcing,2,38,1.0,6,0,0,51
Finance,2,Bachelors,f,sourcing,1,24,5.0,2,1,0,57
Sales & Marketing,11,Masters & above,m,other,1,36,3.0,7,0,0,52
Procurement,2,Bachelors,m,other,1,41,2.0,15,0,0,70
Technology,2,Masters & above,f,sourcing,2,59,1.0,15,0,0,76
Sales & Marketing,12,Bachelors,f,sourcing,1,29,3.0,1,0,0,48
Operations,22,Bachelors,f,other,1,29,5.0,3,0,0,57
Sales & Marketing,13,Bachelors,f,sourcing,3,31,1.0,5,0,0,51
Sales & Marketing,28,Bachelors,m,sourcing,1,31,5.0,7,0,0,51
Sales & Marketing,25,Bachelors,f,sourcing,1,31,4.0,3,0,0,50
Sales & Marketing,26,Bachelors,m,other,1,32,3.0,4,1,0,47
Procurement,26,Bachelors,f,other,1,49,4.0,8,0,0,68
Operations,2,Masters & above,m,other,1,42,5.0,11,0,0,59
Sales & Marketing,11,Bachelors,m,other,1,32,5.0,7,1,0,49
Analytics,11,Bachelors,m,other,1,30,3.0,4,0,0,80
Analytics,4,Bachelors,m,other,1,32,5.0,8,0,0,86
Procurement,1,Bachelors,f,sourcing,2,29,1.0,2,0,0,74
Sales & Marketing,2,Bachelors,m,sourcing,2,31,1.0,6,0,0,50
Operations,34,Bachelors,m,other,1,30,3.0,2,1,0,58
Operations,2,Bachelors,f,sourcing,1,48,4.0,8,1,0,60
Sales & Marketing,2,Bachelors,m,sourcing,1,39,5.0,12,0,0,50
Analytics,23,Masters & above,m,sourcing,1,35,2.0,7,1,0,87
Technology,2,Bachelors,f,other,1,47,4.0,7,0,0,78
Sales & Marketing,31,Masters & above,m,other,1,46,5.0,3,1,0,51
Procurement,31,Masters & above,f,other,1,37,3.0,2,1,1,97
Operations,19,Bachelors,m,other,1,26,5.0,6,1,0,60
Technology,6,Bachelors,f,sourcing,1,31,5.0,4,1,0,87
Procurement,20,Bachelors,f,other,1,28,2.0,4,0,0,69
Operations,4,Masters & above,f,sourcing,2,36,1.0,6,1,1,65
Technology,24,Masters & above,f,other,1,35,1.0,7,0,0,80
Analytics,13,Bachelors,m,sourcing,1,34,4.0,9,0,0,84
Analytics,2,Masters & above,m,sourcing,2,58,5.0,6,1,0,81
Sales & Marketing,22,Masters & above,m,sourcing,1,29,2.0,5,1,0,50
Operations,13,Bachelors,m,other,1,36,2.0,9,0,0,59
R&D,2,Bachelors,m,sourcing,1,30,1.0,4,0,0,84
HR,2,Masters & above,f,other,1,40,3.0,10,0,0,49
Procurement,15,Bachelors,m,other,1,38,3.0,4,1,0,71
Sales & Marketing,11,Bachelors,m,other,1,36,2.0,5,0,0,52
Sales & Marketing,2,Bachelors,m,other,1,41,4.0,9,0,0,49
Procurement,22,Masters & above,m,other,1,33,5.0,5,1,0,66
Technology,31,Bachelors,m,sourcing,1,29,1.0,4,0,0,79
Operations,22,Masters & above,f,other,1,33,4.0,8,1,0,81
Sales & Marketing,7,Masters & above,f,other,1,41,1.0,2,0,0,47
Procurement,2,Masters & above,m,other,2,41,3.0,10,0,0,67
Operations,13,Masters & above,m,other,1,41,3.0,4,0,0,60
Technology,7,Bachelors,f,other,1,28,4.0,5,1,0,76
Sales & Marketing,7,Masters & above,f,sourcing,1,32,5.0,7,1,0,53
Technology,8,Bachelors,m,other,1,25,3.0,3,0,0,77
Technology,13,Below Secondary,f,sourcing,1,24,2.0,2,0,0,85
Sales & Marketing,7,Bachelors,m,other,1,53,4.0,10,1,0,45
Sales & Marketing,25,Masters & above,m,sourcing,1,38,5.0,12,1,0,49
Legal,22,Bachelors,m,sourcing,1,31,3.0,3,0,0,62
Sales & Marketing,2,Bachelors,f,other,2,51,3.0,17,0,0,52
Operations,14,Masters & above,m,sourcing,1,42,3.0,4,0,0,59
Operations,2,Masters & above,m,other,1,56,5.0,16,1,0,59
Sales & Marketing,4,Bachelors,m,other,1,48,4.0,9,0,0,46
Procurement,2,Masters & above,m,sourcing,1,56,3.0,2,1,0,65
R&D,26,Bachelors,m,other,1,31,4.0,6,0,0,84
Procurement,22,Masters & above,m,sourcing,2,33,3.0,3,0,0,72
Technology,7,Masters & above,m,referred,1,36,4.0,4,1,0,80
Procurement,11,Masters & above,f,other,1,38,5.0,4,1,0,70
Procurement,5,Bachelors,m,other,1,36,2.0,4,0,0,64
Sales & Marketing,2,Bachelors,f,sourcing,1,50,4.0,21,1,0,49
Sales & Marketing,14,Bachelors,m,sourcing,1,40,1.0,3,0,0,47
Finance,28,Below Secondary,f,other,1,26,1.0,2,1,0,54
Operations,20,Bachelors,m,sourcing,1,27,3.0,3,0,0,58
Sales & Marketing,27,Masters & above,m,other,1,54,5.0,21,0,0,53
Finance,26,Bachelors,f,other,1,29,4.0,7,0,0,67
Procurement,2,Bachelors,m,sourcing,3,31,4.0,4,0,0,67
Technology,2,Masters & above,m,other,2,45,5.0,15,0,0,75
Procurement,22,Masters & above,m,other,1,39,3.0,5,0,0,70
Sales & Marketing,22,Bachelors,m,other,1,28,5.0,2,0,0,51
Sales & Marketing,30,Bachelors,m,other,1,42,3.0,4,0,0,51
Operations,7,Bachelors,m,other,1,33,4.0,3,0,0,58
Sales & Marketing,15,Bachelors,m,sourcing,1,33,3.0,4,0,0,52
Finance,2,Bachelors,m,sourcing,1,25,5.0,2,0,0,57
Operations,31,Bachelors,m,other,1,29,3.0,2,0,0,57
Technology,27,Bachelors,m,other,1,28,5.0,2,0,1,95
Procurement,13,Masters & above,m,other,1,33,4.0,3,1,0,70
HR,15,Bachelors,m,sourcing,1,32,3.0,6,0,0,52
Operations,20,Masters & above,f,other,1,32,3.0,5,0,0,57
Analytics,2,Bachelors,m,other,1,37,3.0,4,1,0,81
Sales & Marketing,31,Bachelors,m,other,1,35,5.0,8,0,0,50
Procurement,1,Bachelors,m,other,3,28,3.0,2,0,0,70
Analytics,31,Bachelors,m,other,1,39,3.0,10,0,0,86
Operations,27,Masters & above,m,other,1,40,4.0,11,0,0,59
Sales & Marketing,2,Masters & above,m,other,2,36,4.0,9,1,0,47
Technology,26,Bachelors,m,other,1,36,3.0,11,0,0,82
Analytics,26,Bachelors,m,other,1,30,2.0,5,0,0,88
Legal,13,Bachelors,m,sourcing,1,43,3.0,9,0,0,59
Operations,4,Bachelors,f,sourcing,1,39,2.0,11,0,0,70
Operations,7,Masters & above,f,other,3,32,4.0,6,0,0,62
Operations,15,Bachelors,m,other,1,43,4.0,11,1,0,58
Operations,2,Bachelors,f,sourcing,1,34,4.0,6,1,0,60
Sales & Marketing,22,Bachelors,m,other,1,47,4.0,9,0,0,52
Analytics,4,Masters & above,m,other,1,38,1.0,9,1,1,85
Operations,30,Bachelors,f,sourcing,1,30,3.0,6,0,0,58
Sales & Marketing,27,Bachelors,f,other,1,29,3.0,3,0,0,47
Procurement,16,Bachelors,m,other,1,36,3.0,9,0,0,66
Operations,22,Masters & above,m,other,1,40,5.0,7,0,0,56
Legal,11,Bachelors,m,sourcing,1,33,4.0,3,0,0,60
Operations,22,Bachelors,f,sourcing,1,35,2.0,5,0,0,54
Sales & Marketing,2,Bachelors,m,sourcing,1,23,5.0,2,1,0,54
Finance,22,Bachelors,m,other,3,26,5.0,2,1,0,60
Sales & Marketing,24,Bachelors,m,sourcing,1,38,3.0,8,0,0,48
Analytics,22,Masters & above,m,sourcing,1,38,3.0,10,0,0,90
Technology,15,Bachelors,m,sourcing,1,29,1.0,6,0,0,82
Sales & Marketing,7,Bachelors,f,sourcing,1,41,3.0,4,0,0,51
Procurement,24,Bachelors,m,other,1,29,1.0,1,0,0,72
Sales & Marketing,5,Bachelors,m,sourcing,2,29,1.0,2,0,0,50
Sales & Marketing,9,Masters & above,m,other,1,31,3.0,9,0,0,51
Procurement,17,Masters & above,f,other,1,56,3.0,4,0,0,70
Procurement,22,Masters & above,m,other,1,50,3.0,15,0,0,67
Legal,2,Masters & above,m,sourcing,1,36,5.0,4,1,0,57
Sales & Marketing,13,Bachelors,m,other,1,36,5.0,10,1,0,46
Operations,2,Bachelors,f,sourcing,1,42,5.0,14,1,0,64
Sales & Marketing,4,Bachelors,m,other,1,30,3.0,2,1,0,46
Analytics,6,Bachelors,m,sourcing,1,28,5.0,2,1,0,86
Operations,22,Masters & above,f,sourcing,1,46,3.0,16,0,0,62
Technology,16,Masters & above,f,other,1,55,4.0,14,0,0,75
HR,28,Masters & above,m,sourcing,1,35,5.0,10,1,0,50
Sales & Marketing,2,Bachelors,f,other,1,58,3.0,2,1,1,48
Analytics,28,Masters & above,m,sourcing,1,35,5.0,7,0,0,85
Operations,29,Bachelors,m,other,1,30,1.0,7,0,0,58
Technology,7,Bachelors,m,sourcing,2,27,5.0,4,1,0,82
Analytics,32,Bachelors,f,sourcing,1,29,1.0,4,0,0,87
Analytics,31,Bachelors,m,other,1,34,1.0,3,0,0,87
Sales & Marketing,4,Masters & above,m,other,1,40,3.0,2,1,0,49
Sales & Marketing,26,Masters & above,m,sourcing,1,33,5.0,4,1,0,47
Finance,2,Masters & above,f,other,3,40,3.0,4,0,0,56
Sales & Marketing,15,Bachelors,m,other,1,34,1.0,6,0,0,49
Sales & Marketing,7,Bachelors,m,sourcing,1,28,4.0,6,1,0,47
Sales & Marketing,33,Bachelors,m,sourcing,4,29,3.0,8,0,1,51
Sales & Marketing,14,Bachelors,m,sourcing,1,41,4.0,4,0,0,60
Finance,2,Masters & above,m,sourcing,1,43,5.0,15,0,0,74
Sales & Marketing,13,Masters & above,m,other,1,36,1.0,5,0,0,54
Procurement,16,Bachelors,f,sourcing,1,38,4.0,6,0,0,72
Technology,7,Masters & above,f,other,1,37,4.0,8,0,0,82
Operations,33,Bachelors,m,sourcing,1,35,4.0,8,0,0,59
HR,22,Bachelors,f,referred,1,29,5.0,6,1,0,45
Sales & Marketing,19,Bachelors,m,sourcing,1,42,3.0,3,0,0,57
Technology,31,Masters & above,m,other,1,35,2.0,10,0,0,81
Finance,15,Bachelors,m,other,1,30,5.0,7,1,0,54
Operations,15,Bachelors,m,sourcing,1,33,5.0,6,0,0,63
Sales & Marketing,14,Bachelors,m,sourcing,1,29,4.0,3,0,0,43
Sales & Marketing,28,Bachelors,m,sourcing,1,27,1.0,3,0,0,47
R&D,16,Bachelors,m,other,1,36,3.0,7,1,1,86
Procurement,2,Bachelors,f,other,1,34,5.0,8,1,0,68
Technology,33,Masters & above,m,sourcing,1,40,1.0,4,0,0,80
Sales & Marketing,25,Bachelors,f,other,1,27,4.0,3,0,0,46
Analytics,5,Bachelors,m,other,1,31,5.0,4,0,0,88
Sales & Marketing,25,Masters & above,m,sourcing,1,34,3.0,3,0,0,49
R&D,7,Bachelors,m,other,1,32,3.0,2,1,0,85
Sales & Marketing,2,Bachelors,f,other,1,28,2.0,5,1,1,45
Procurement,10,Masters & above,f,other,1,44,3.0,16,0,0,68
Technology,26,Bachelors,m,sourcing,1,26,5.0,4,1,0,94
Operations,2,Bachelors,f,other,1,27,1.0,2,0,0,64
Operations,31,Bachelors,f,other,1,38,3.0,3,0,0,60
Technology,20,Bachelors,m,sourcing,1,30,4.0,4,0,0,80
Procurement,5,Bachelors,m,sourcing,2,40,3.0,2,1,0,67
Sales & Marketing,2,Masters & above,m,other,1,35,5.0,11,1,0,51
Technology,2,Masters & above,f,other,1,42,4.0,17,0,0,78
R&D,22,Masters & above,m,other,1,39,4.0,9,0,0,84
Sales & Marketing,32,Bachelors,f,other,1,31,4.0,4,0,0,45
Sales & Marketing,11,Bachelors,m,sourcing,1,31,4.0,4,0,0,52
Operations,4,Bachelors,m,sourcing,2,31,5.0,3,1,0,64
Analytics,29,Bachelors,f,other,1,31,4.0,3,1,0,81
Operations,22,Masters & above,f,other,2,41,5.0,8,0,0,71
Procurement,7,Masters & above,f,other,1,35,2.0,3,0,0,70
Operations,15,Bachelors,m,sourcing,1,33,1.0,2,0,0,62
Sales & Marketing,16,Masters & above,f,other,2,35,3.0,5,0,0,46
Technology,33,Masters & above,m,other,1,41,2.0,9,0,0,77
Operations,16,Masters & above,m,sourcing,1,38,5.0,9,1,0,58
Operations,32,Bachelors,m,other,1,31,4.0,5,0,0,55
Technology,2,Bachelors,m,sourcing,1,29,3.0,6,0,0,81
HR,2,Masters & above,m,other,1,45,4.0,7,0,0,52
Operations,11,Bachelors,m,sourcing,1,36,1.0,9,0,0,54
Sales & Marketing,22,Bachelors,m,other,2,29,5.0,2,0,0,45
Sales & Marketing,21,Masters & above,m,sourcing,1,44,4.0,4,1,0,50
Sales & Marketing,30,Bachelors,m,sourcing,1,32,1.0,3,0,0,46
Operations,2,Bachelors,f,other,1,41,3.0,5,0,0,60
Technology,13,Bachelors,f,other,1,30,5.0,4,1,0,81
Sales & Marketing,12,Bachelors,m,other,1,27,5.0,3,1,0,52
Analytics,30,Bachelors,m,sourcing,1,30,5.0,5,1,0,86
Operations,28,Masters & above,m,other,1,34,5.0,5,0,0,63
Sales & Marketing,7,Bachelors,f,other,2,32,3.0,2,0,0,44
Procurement,11,Bachelors,f,other,1,31,4.0,3,0,0,74
Sales & Marketing,14,Bachelors,m,other,1,35,3.0,7,0,0,56
Operations,17,Bachelors,m,sourcing,1,31,3.0,10,0,0,59
Analytics,22,Bachelors,m,other,1,30,2.0,5,1,0,84
Procurement,2,Masters & above,f,sourcing,1,54,5.0,11,1,0,71
Sales & Marketing,13,Bachelors,m,other,1,33,4.0,8,1,0,54
Operations,2,Masters & above,m,sourcing,2,36,4.0,2,0,0,57
Technology,6,Bachelors,f,other,1,34,2.0,6,0,0,76
Legal,2,Bachelors,m,sourcing,1,60,3.0,12,0,0,58
Sales & Marketing,26,Bachelors,m,other,1,37,3.0,5,0,0,51
Operations,10,Masters & above,f,sourcing,2,34,3.0,7,0,0,60
Operations,29,Bachelors,m,sourcing,1,28,4.0,2,0,0,60
Technology,13,Bachelors,m,other,2,37,2.0,4,0,0,83
Operations,2,Bachelors,f,sourcing,1,52,5.0,11,0,0,63
Analytics,34,Bachelors,m,sourcing,2,27,4.0,2,0,0,86
Sales & Marketing,20,Bachelors,m,sourcing,1,33,3.0,2,0,0,48
Operations,22,Masters & above,m,other,1,46,5.0,15,0,0,60
Sales & Marketing,16,Bachelors,m,other,1,32,2.0,4,1,0,53
Procurement,2,Masters & above,f,sourcing,3,42,3.0,4,1,0,68
R&D,22,Masters & above,m,sourcing,1,31,5.0,5,1,0,86
Procurement,2,Bachelors,m,sourcing,1,43,3.0,5,1,0,66
Procurement,31,Bachelors,f,sourcing,1,35,3.0,8,1,0,70
Sales & Marketing,2,Bachelors,f,other,1,54,4.0,12,0,0,49
Sales & Marketing,15,Bachelors,m,sourcing,1,40,3.0,5,0,0,47
Operations,1,Masters & above,f,other,1,32,5.0,7,1,0,61
Analytics,24,Bachelors,m,other,1,32,4.0,8,1,0,83
Sales & Marketing,13,Bachelors,m,sourcing,1,41,5.0,12,0,0,52
Analytics,27,Bachelors,m,sourcing,3,29,5.0,5,0,0,87
Sales & Marketing,31,Bachelors,m,other,1,28,3.0,5,0,0,49
Sales & Marketing,7,Bachelors,m,other,1,36,3.0,10,0,0,51
Technology,2,Bachelors,m,other,1,55,3.0,15,0,0,78
Sales & Marketing,4,Masters & above,m,other,1,39,3.0,6,0,0,53
Technology,2,Bachelors,m,sourcing,1,59,3.0,18,0,0,78
Analytics,21,Bachelors,m,sourcing,1,27,3.0,2,0,0,82
Sales & Marketing,2,Bachelors,m,sourcing,1,34,4.0,8,1,0,55
Technology,26,Bachelors,f,other,1,29,4.0,2,1,0,85
Legal,22,Bachelors,m,other,1,32,1.0,4,0,0,57
Analytics,22,Masters & above,m,other,1,31,4.0,4,0,0,82
Procurement,5,Bachelors,f,sourcing,1,32,3.0,9,0,0,70
Technology,2,Masters & above,m,sourcing,1,40,3.0,11,0,0,82
Sales & Marketing,5,Masters & above,m,sourcing,1,37,4.0,8,0,0,49
Operations,31,Bachelors,f,sourcing,1,27,1.0,2,0,0,56
Operations,4,Bachelors,m,other,1,29,3.0,3,0,0,57
Sales & Marketing,25,Bachelors,m,other,1,32,5.0,9,1,0,48
Procurement,22,Masters & above,m,sourcing,4,39,3.0,16,0,0,73
Sales & Marketing,15,Bachelors,m,other,1,35,4.0,7,0,0,50
Technology,2,Bachelors,m,other,1,34,2.0,6,0,0,77
Operations,26,Bachelors,f,other,1,34,4.0,7,1,0,58
Technology,23,Masters & above,f,sourcing,1,35,3.0,8,0,0,78
Procurement,5,Bachelors,f,sourcing,2,32,3.0,2,0,0,72
Technology,26,Bachelors,f,sourcing,1,37,1.0,7,0,0,84
Technology,5,Masters & above,m,sourcing,1,34,3.0,7,1,0,82
Sales & Marketing,31,Bachelors,m,other,3,30,1.0,3,0,0,51
Operations,19,Bachelors,f,other,2,40,5.0,10,0,0,62
Sales & Marketing,22,Bachelors,f,sourcing,3,29,4.0,5,0,0,52
Sales & Marketing,13,Masters & above,m,sourcing,1,56,5.0,22,0,0,46
Operations,31,Bachelors,m,sourcing,1,33,5.0,8,1,0,57
Procurement,2,Bachelors,f,sourcing,1,30,5.0,3,1,0,70
Technology,22,Bachelors,f,referred,1,27,3.0,2,0,0,77
Operations,22,Bachelors,m,other,1,33,3.0,7,0,0,56
Operations,22,Bachelors,f,other,2,30,3.0,6,0,0,57
HR,2,Bachelors,f,other,1,36,3.0,3,0,0,46
Sales & Marketing,28,Bachelors,m,sourcing,1,37,1.0,9,0,0,51
Operations,31,Bachelors,m,other,1,27,1.0,4,0,0,61
Sales & Marketing,13,Bachelors,m,sourcing,1,49,1.0,19,0,0,52
Sales & Marketing,22,Bachelors,m,sourcing,1,30,5.0,4,0,0,48
Operations,13,Masters & above,f,other,2,34,5.0,5,0,1,75
Sales & Marketing,20,Masters & above,m,other,1,42,5.0,5,0,0,47
Sales & Marketing,22,Bachelors,m,other,1,26,2.0,3,1,0,44
Sales & Marketing,2,Bachelors,f,other,1,37,1.0,3,1,0,46
Analytics,25,Bachelors,m,sourcing,1,27,3.0,2,1,0,85
Sales & Marketing,16,Bachelors,m,other,1,36,2.0,7,1,0,49
Analytics,10,Masters & above,m,other,2,35,3.0,2,1,0,85
Operations,22,Bachelors,f,sourcing,1,34,5.0,7,0,0,61
Technology,2,Masters & above,m,sourcing,1,34,3.0,8,0,0,81
Sales & Marketing,13,Masters & above,m,sourcing,1,51,1.0,22,0,0,54
HR,16,Bachelors,m,sourcing,1,31,4.0,6,0,0,54
Operations,8,Bachelors,f,other,1,44,3.0,3,0,0,58
Sales & Marketing,22,Bachelors,m,sourcing,2,26,2.0,4,0,0,52
Operations,34,Bachelors,m,sourcing,1,28,3.0,2,0,0,59
Procurement,2,Masters & above,f,other,1,59,4.0,11,0,0,70
HR,26,Below Secondary,m,other,1,23,5.0,2,0,0,50
Analytics,21,Bachelors,m,other,2,27,5.0,5,1,0,83
Sales & Marketing,7,Bachelors,m,sourcing,1,35,5.0,8,0,0,49
Technology,2,Masters & above,m,other,1,58,4.0,18,1,0,76
Sales & Marketing,4,Bachelors,m,other,1,35,2.0,4,0,0,53
Analytics,31,Bachelors,m,sourcing,1,30,4.0,4,1,0,91
Sales & Marketing,1,Masters & above,f,sourcing,2,32,3.0,4,0,0,45
Operations,2,Masters & above,f,referred,1,54,3.0,6,1,0,61
Sales & Marketing,15,Bachelors,m,sourcing,1,40,1.0,8,0,0,50
HR,22,Bachelors,f,other,1,29,1.0,2,1,0,52
HR,22,Bachelors,m,referred,1,29,3.0,2,0,0,50
Sales & Marketing,28,Masters & above,f,other,2,36,5.0,4,0,0,46
R&D,22,Bachelors,f,other,1,31,4.0,3,0,0,87
Sales & Marketing,14,Bachelors,m,other,1,34,3.0,8,0,0,53
Analytics,7,Bachelors,m,other,1,33,5.0,5,0,0,82
Sales & Marketing,1,Bachelors,m,sourcing,1,26,4.0,2,0,0,46
Sales & Marketing,8,Bachelors,m,sourcing,1,33,1.0,6,0,0,46
R&D,22,Bachelors,m,referred,2,27,5.0,3,1,0,77
Finance,22,Bachelors,m,other,1,26,3.0,3,1,0,59
Sales & Marketing,23,Bachelors,m,sourcing,1,28,5.0,3,0,0,51
Operations,22,Masters & above,m,referred,1,34,4.0,10,0,0,63
Operations,31,Bachelors,m,other,1,42,4.0,11,1,0,58
Analytics,4,Masters & above,m,other,1,49,5.0,13,1,0,85
Finance,27,Bachelors,m,other,1,37,4.0,9,0,0,59
Operations,22,Masters & above,m,sourcing,1,42,5.0,10,1,0,62
Procurement,30,Masters & above,f,other,1,38,2.0,7,0,0,68
Procurement,17,Bachelors,f,other,1,28,3.0,3,0,0,71
Sales & Marketing,2,Masters & above,m,sourcing,1,33,5.0,6,0,0,49
Finance,2,Masters & above,m,other,3,42,3.0,12,0,0,58
Operations,7,Masters & above,m,sourcing,1,34,4.0,3,1,0,57
Operations,14,Below Secondary,m,other,1,22,3.0,2,0,0,57
Legal,32,Bachelors,m,sourcing,1,29,1.0,4,1,0,60
R&D,7,Masters & above,m,other,1,38,3.0,3,1,0,83
Procurement,15,Masters & above,m,sourcing,1,40,5.0,11,0,0,74
Finance,2,Masters & above,m,sourcing,1,38,5.0,8,0,0,58
Sales & Marketing,5,Bachelors,f,other,1,34,1.0,9,0,0,46
Analytics,28,Masters & above,m,other,2,32,5.0,5,0,0,90
Technology,19,Bachelors,m,other,1,33,3.0,4,0,0,75
Sales & Marketing,15,Bachelors,m,other,2,39,3.0,12,0,0,46
Sales & Marketing,7,Bachelors,m,sourcing,1,41,5.0,11,0,0,54
Operations,19,Bachelors,m,other,1,34,4.0,7,0,0,55
Operations,13,Masters & above,f,other,1,43,4.0,14,0,0,60
Sales & Marketing,29,Bachelors,m,other,1,43,3.0,6,0,0,46
Operations,22,Bachelors,m,sourcing,1,56,3.0,15,0,0,63
Sales & Marketing,17,Bachelors,f,other,1,28,5.0,4,1,0,46
Operations,2,Bachelors,f,other,1,33,3.0,2,1,0,62
Sales & Marketing,8,Bachelors,m,sourcing,1,35,5.0,8,1,0,49
Sales & Marketing,11,Bachelors,m,sourcing,1,35,1.0,9,0,0,52
Technology,22,Masters & above,m,sourcing,1,36,3.0,3,0,0,78
Operations,13,Bachelors,m,sourcing,1,32,5.0,6,1,0,57
Procurement,26,Bachelors,m,other,5,32,3.0,8,0,0,67
Operations,11,Bachelors,m,other,2,30,5.0,2,0,0,57
Technology,15,Bachelors,m,sourcing,1,49,3.0,7,1,0,75
Operations,15,Bachelors,f,sourcing,1,50,4.0,8,1,0,74
Procurement,12,Bachelors,f,other,2,25,3.0,2,1,0,67
Operations,4,Masters & above,m,other,1,42,2.0,7,1,0,62
Sales & Marketing,26,Bachelors,f,sourcing,1,29,1.0,4,0,0,53
Procurement,22,Bachelors,m,sourcing,3,29,3.0,6,1,0,67
Sales & Marketing,7,Bachelors,f,sourcing,1,33,5.0,7,1,0,54
Sales & Marketing,2,Bachelors,f,other,1,49,1.0,16,0,0,47
Operations,22,Masters & above,m,sourcing,1,34,5.0,10,1,0,60
Sales & Marketing,31,Bachelors,m,sourcing,1,38,3.0,8,1,0,49
Legal,2,Bachelors,m,sourcing,1,60,1.0,3,0,0,60
Operations,31,Bachelors,m,other,1,38,2.0,4,0,0,56
HR,22,Bachelors,m,sourcing,1,30,3.0,2,0,0,49
HR,22,Bachelors,m,other,1,31,4.0,9,0,0,48
Technology,5,Bachelors,f,other,1,37,5.0,3,1,0,82
Operations,10,Bachelors,m,sourcing,1,31,4.0,5,0,0,59
Sales & Marketing,7,Bachelors,m,other,1,33,1.0,7,0,0,45
Sales & Marketing,7,Bachelors,m,other,1,42,5.0,7,1,1,91
Procurement,22,Bachelors,m,other,1,33,3.0,5,1,0,73
Sales & Marketing,4,Masters & above,f,other,1,34,1.0,7,0,0,50
Technology,16,Bachelors,m,sourcing,1,54,3.0,8,0,0,80
Operations,29,Bachelors,m,other,1,33,4.0,5,0,0,62
Sales & Marketing,7,Bachelors,m,sourcing,2,38,5.0,10,0,0,63
Operations,30,Bachelors,f,other,1,33,3.0,10,0,0,64
Sales & Marketing,20,Masters & above,m,sourcing,1,41,3.0,3,0,0,53
Technology,2,Bachelors,m,sourcing,1,37,2.0,3,0,0,80
Procurement,4,Masters & above,m,other,2,46,5.0,18,1,0,66
Procurement,2,Bachelors,m,sourcing,1,30,2.0,5,0,0,66
HR,2,Masters & above,m,other,1,54,1.0,3,0,0,49
HR,28,Masters & above,f,sourcing,1,37,5.0,11,0,0,50
Operations,15,Masters & above,m,sourcing,1,47,3.0,17,1,0,62
Operations,26,Masters & above,f,sourcing,2,33,3.0,2,0,0,59
Analytics,15,Bachelors,m,sourcing,1,30,4.0,5,0,0,80
Technology,22,Bachelors,m,other,2,28,3.0,2,0,0,81
Sales & Marketing,26,Bachelors,m,other,1,36,3.0,4,0,0,54
Procurement,5,Bachelors,m,other,1,41,5.0,5,1,0,67
Sales & Marketing,19,Bachelors,m,sourcing,1,29,2.0,5,0,0,49
Technology,2,Bachelors,f,sourcing,1,28,3.0,1,0,0,80
HR,7,Bachelors,m,sourcing,1,48,3.0,5,0,0,49
Operations,6,Bachelors,f,other,1,29,5.0,7,1,0,59
Procurement,17,Bachelors,f,other,1,52,3.0,5,0,0,71
Technology,13,Masters & above,m,sourcing,1,39,3.0,14,0,0,77
Operations,13,Bachelors,f,other,1,30,5.0,6,1,0,59
Operations,13,Bachelors,f,sourcing,1,30,3.0,6,1,0,61
Technology,26,Masters & above,m,sourcing,1,43,3.0,4,0,0,84
Sales & Marketing,2,Bachelors,m,other,1,26,4.0,3,1,0,50
Operations,15,Bachelors,m,other,1,33,4.0,7,1,0,57
Operations,4,Bachelors,f,other,1,38,4.0,4,1,0,60
Finance,2,Bachelors,f,other,1,27,3.0,2,0,0,59
Sales & Marketing,22,Bachelors,m,sourcing,1,29,4.0,5,1,0,50
Sales & Marketing,26,Masters & above,m,sourcing,1,40,5.0,4,0,0,48
Technology,10,Masters & above,m,other,1,44,4.0,15,0,0,81
Sales & Marketing,27,Masters & above,m,other,1,33,3.0,4,0,0,52
Sales & Marketing,15,Bachelors,m,sourcing,2,33,1.0,5,0,0,49
Sales & Marketing,2,Masters & above,f,other,1,49,5.0,5,1,0,50
Sales & Marketing,26,Bachelors,m,other,1,28,4.0,4,0,0,50
R&D,7,Bachelors,m,sourcing,2,34,3.0,8,0,0,87
Sales & Marketing,2,Bachelors,m,other,1,42,3.0,14,1,0,53
Technology,2,Bachelors,m,sourcing,2,56,3.0,23,0,0,84
Analytics,15,Bachelors,m,other,1,31,4.0,4,0,1,85
Procurement,19,Bachelors,m,sourcing,2,36,5.0,7,1,0,68
Operations,2,Bachelors,m,other,2,39,5.0,8,0,0,58
Sales & Marketing,25,Masters & above,f,sourcing,2,33,3.0,7,0,0,53
Operations,2,Masters & above,m,other,2,53,3.0,13,0,0,58
Sales & Marketing,27,Bachelors,m,sourcing,1,31,4.0,3,1,0,49
Sales & Marketing,2,Masters & above,f,other,1,49,1.0,21,0,0,50
Operations,19,Bachelors,m,sourcing,1,37,4.0,7,1,0,58
Analytics,13,Masters & above,m,other,1,30,3.0,5,0,0,83
Analytics,22,Bachelors,m,sourcing,2,32,3.0,9,0,0,83
Finance,2,Bachelors,m,other,2,39,5.0,5,1,0,64
Sales & Marketing,13,Masters & above,m,other,1,37,1.0,5,0,0,47
HR,22,Bachelors,m,other,1,47,2.0,16,0,0,47
Operations,4,Masters & above,m,other,1,38,3.0,5,0,0,58
Procurement,20,Bachelors,f,other,1,31,5.0,2,1,1,71
HR,2,Bachelors,m,other,1,31,3.0,6,1,0,49
Sales & Marketing,19,Bachelors,m,sourcing,2,38,1.0,5,0,0,48
Operations,20,Bachelors,f,sourcing,1,31,5.0,10,1,0,57
Operations,2,Masters & above,m,other,1,34,3.0,8,1,0,62
Analytics,2,Bachelors,m,other,3,38,3.0,10,1,0,86
Operations,2,Bachelors,m,sourcing,1,60,5.0,23,1,0,60
R&D,2,Bachelors,m,other,1,34,3.0,6,1,0,77
Finance,2,Bachelors,m,other,1,44,2.0,9,0,0,64
Sales & Marketing,12,Bachelors,m,other,1,25,4.0,2,0,0,51
Sales & Marketing,13,Bachelors,m,sourcing,1,38,5.0,10,1,0,46
Sales & Marketing,30,Bachelors,m,sourcing,1,37,4.0,9,0,0,47
Procurement,23,Bachelors,m,other,2,36,3.0,9,0,0,66
Sales & Marketing,33,Bachelors,m,other,1,37,3.0,9,0,0,52
Sales & Marketing,11,Bachelors,m,sourcing,1,43,3.0,17,0,0,52
Sales & Marketing,13,Bachelors,m,other,1,38,4.0,10,0,0,48
Procurement,2,Masters & above,f,other,2,57,3.0,16,0,0,69
Procurement,27,Masters & above,m,other,2,40,4.0,10,1,1,67
Sales & Marketing,2,Masters & above,m,other,2,60,3.0,8,1,0,44
Sales & Marketing,19,Bachelors,f,sourcing,1,30,3.0,5,0,0,50
HR,7,Masters & above,f,other,1,42,5.0,7,1,0,45
Technology,23,Masters & above,m,other,1,39,4.0,4,1,0,82
Operations,2,Masters & above,f,sourcing,3,50,5.0,7,1,0,59
Analytics,31,Bachelors,m,sourcing,1,27,1.0,4,0,0,83
Operations,31,Masters & above,m,other,1,55,3.0,17,0,0,67
Technology,26,Masters & above,f,other,1,33,4.0,5,1,0,77
Sales & Marketing,31,Bachelors,f,sourcing,1,30,3.0,3,0,0,50
Procurement,2,Below Secondary,m,sourcing,4,23,2.0,2,1,0,72
Sales & Marketing,2,Bachelors,m,other,2,34,1.0,7,0,0,46
Sales & Marketing,7,Masters & above,m,other,1,52,3.0,16,0,0,50
Analytics,31,Bachelors,m,sourcing,2,28,4.0,2,0,0,85
Analytics,4,Masters & above,m,other,2,39,1.0,6,0,0,89
R&D,25,Masters & above,m,other,2,37,5.0,8,0,0,85
Operations,22,Masters & above,f,sourcing,2,39,3.0,12,0,0,57
Operations,23,Bachelors,f,other,1,33,3.0,5,0,0,63
Operations,19,Bachelors,m,other,1,36,4.0,12,1,0,58
Sales & Marketing,17,Bachelors,m,sourcing,1,32,5.0,6,1,1,46
Operations,22,Bachelors,f,other,2,28,5.0,6,1,0,56
Sales & Marketing,28,Masters & above,f,sourcing,1,33,4.0,7,0,0,50
Sales & Marketing,13,Bachelors,m,other,2,26,1.0,2,0,0,45
Sales & Marketing,7,Bachelors,m,other,1,34,4.0,3,1,0,49
Technology,17,Masters & above,f,other,3,35,3.0,7,0,0,81
Procurement,22,Bachelors,m,sourcing,4,27,3.0,3,0,0,71
Operations,20,Bachelors,m,other,1,30,3.0,4,0,0,62
Operations,7,Bachelors,m,sourcing,1,33,4.0,8,0,0,59
HR,7,Bachelors,f,other,1,30,3.0,4,0,0,50
Operations,2,Bachelors,m,other,1,48,4.0,9,1,0,58
Sales & Marketing,31,Masters & above,m,other,1,46,3.0,7,1,0,49
Sales & Marketing,22,Bachelors,m,other,3,25,1.0,3,0,0,51
Sales & Marketing,2,Bachelors,m,other,1,30,3.0,3,0,0,48
Sales & Marketing,22,Masters & above,m,sourcing,1,45,1.0,17,0,0,47
Technology,4,Masters & above,m,sourcing,1,52,4.0,6,1,0,83
Operations,8,Masters & above,f,sourcing,1,40,5.0,3,1,0,56
Technology,4,Bachelors,f,other,1,30,2.0,2,0,0,77
Finance,22,Bachelors,m,other,2,30,4.0,6,0,0,63
Finance,2,Masters & above,m,other,2,54,5.0,6,0,0,70
Analytics,25,Masters & above,m,sourcing,1,37,5.0,4,1,0,84
Sales & Marketing,26,Bachelors,m,other,2,35,1.0,6,0,0,51
Procurement,11,Masters & above,m,other,2,41,3.0,7,0,0,69
Finance,32,Bachelors,m,other,1,27,3.0,4,1,0,58
Technology,13,Bachelors,m,other,1,40,2.0,3,1,0,78
Sales & Marketing,2,Masters & above,m,other,1,52,1.0,7,0,0,49
Sales & Marketing,21,Bachelors,m,sourcing,1,36,1.0,7,0,0,54
Sales & Marketing,19,Masters & above,m,sourcing,1,40,4.0,9,0,0,46
Sales & Marketing,11,Bachelors,m,other,1,40,3.0,5,0,0,51
Sales & Marketing,25,Bachelors,m,other,1,42,3.0,15,0,0,45
Procurement,22,Masters & above,m,other,1,31,5.0,4,0,0,73
Procurement,2,Masters & above,m,other,1,60,4.0,9,1,0,68
Sales & Marketing,22,Bachelors,m,other,3,27,2.0,2,0,0,44
Operations,22,Bachelors,m,other,2,38,4.0,6,0,0,71
Operations,26,Bachelors,m,other,1,30,3.0,3,1,0,60
Sales & Marketing,4,Masters & above,m,sourcing,1,33,3.0,6,1,0,45
Finance,28,Masters & above,f,sourcing,1,33,5.0,6,0,0,61
Operations,23,Bachelors,m,other,1,32,5.0,2,1,0,60
Sales & Marketing,13,Bachelors,m,other,1,49,3.0,6,1,0,53
Sales & Marketing,8,Masters & above,m,sourcing,1,35,2.0,8,0,0,51
Operations,22,Bachelors,m,other,1,32,5.0,5,1,0,57
Analytics,25,Bachelors,m,other,1,32,3.0,3,0,0,82
Analytics,23,Masters & above,m,sourcing,1,36,5.0,2,1,0,84
Operations,2,Bachelors,m,sourcing,1,31,5.0,6,1,0,55
Operations,16,Bachelors,m,sourcing,1,33,3.0,6,0,0,62
Technology,1,Bachelors,m,other,1,31,2.0,4,0,0,75
Analytics,29,Bachelors,m,sourcing,1,31,4.0,7,1,0,87
Sales & Marketing,16,Bachelors,m,other,1,29,1.0,3,0,0,46
Operations,11,Bachelors,m,sourcing,1,30,3.0,7,0,0,58
Operations,22,Masters & above,m,other,1,29,5.0,5,1,0,62
Technology,22,Masters & above,m,sourcing,1,37,4.0,2,1,0,80
Operations,2,Bachelors,m,sourcing,2,37,3.0,9,0,0,59
Analytics,29,Bachelors,m,other,2,27,3.0,3,0,0,85
Operations,22,Masters & above,m,referred,3,37,4.0,10,0,1,71
Technology,7,Bachelors,f,sourcing,1,32,3.0,3,1,0,82
Sales & Marketing,13,Bachelors,m,other,2,48,1.0,7,0,0,46
HR,22,Masters & above,f,other,1,30,3.0,3,0,0,50
Legal,22,Masters & above,m,other,1,34,4.0,4,0,0,62
Sales & Marketing,2,Bachelors,m,other,2,43,1.0,5,0,0,54
Analytics,4,Bachelors,m,sourcing,1,29,4.0,3,0,0,89
Sales & Marketing,14,Bachelors,m,other,1,30,4.0,2,0,0,46
Analytics,22,Bachelors,m,sourcing,2,30,3.0,5,0,0,83
HR,2,Bachelors,m,referred,1,24,4.0,2,0,0,51
Technology,15,Bachelors,m,other,1,39,5.0,9,1,0,79
Technology,14,Bachelors,f,other,1,37,2.0,5,0,0,75
Analytics,2,Masters & above,m,sourcing,1,37,3.0,5,0,0,81
Analytics,30,Bachelors,m,sourcing,1,34,5.0,6,1,0,85
Procurement,27,Bachelors,f,other,1,35,3.0,12,0,0,70
Sales & Marketing,2,Masters & above,m,sourcing,1,37,5.0,11,1,0,49
Operations,1,Bachelors,f,sourcing,1,27,3.0,3,0,0,63
Procurement,7,Bachelors,m,sourcing,3,38,1.0,10,0,0,67
Procurement,2,Masters & above,m,sourcing,3,33,3.0,4,1,0,73
Sales & Marketing,7,Bachelors,m,sourcing,1,28,4.0,4,0,0,55
Sales & Marketing,9,Masters & above,m,other,1,33,3.0,5,0,0,51
Sales & Marketing,22,Masters & above,m,sourcing,2,32,5.0,9,1,0,52
Procurement,16,Bachelors,f,sourcing,2,27,3.0,6,0,0,68
Operations,13,Masters & above,f,sourcing,1,39,1.0,5,1,0,59
Technology,2,Bachelors,f,referred,1,39,3.0,10,0,0,80
Operations,13,Bachelors,m,sourcing,2,36,4.0,2,0,0,58
Analytics,16,Bachelors,m,other,1,34,5.0,7,1,0,86
Procurement,15,Masters & above,m,sourcing,1,36,3.0,4,0,0,70
Technology,28,Masters & above,f,other,2,32,3.0,2,0,0,80
Technology,2,Bachelors,m,other,1,48,3.0,16,0,0,89
Sales & Marketing,23,Bachelors,m,sourcing,1,47,1.0,4,1,0,45
HR,31,Bachelors,m,sourcing,1,31,2.0,3,1,0,49
Analytics,30,Bachelors,m,other,1,34,5.0,9,0,0,82
Technology,13,Masters & above,f,other,1,38,1.0,4,0,0,83
Sales & Marketing,4,Bachelors,m,other,1,44,5.0,14,0,0,51
Analytics,7,Masters & above,m,other,1,42,5.0,4,0,0,85
Sales & Marketing,7,Masters & above,f,other,1,36,5.0,7,0,0,56
Operations,16,Masters & above,f,other,1,37,4.0,8,0,0,59
Technology,14,Masters & above,f,other,1,34,4.0,6,1,0,76
Operations,7,Bachelors,f,sourcing,1,29,5.0,3,1,0,60
Analytics,26,Bachelors,m,sourcing,1,30,3.0,5,0,0,87
Technology,2,Masters & above,m,referred,1,34,3.0,7,0,0,77
Analytics,2,Masters & above,m,other,1,53,4.0,6,1,0,88
Sales & Marketing,27,Masters & above,m,other,1,41,3.0,7,0,0,49
Technology,2,Masters & above,m,sourcing,1,37,2.0,10,1,0,78
Technology,16,Bachelors,f,sourcing,1,33,3.0,8,0,0,78
Procurement,17,Masters & above,f,sourcing,1,36,3.0,4,0,0,66
Finance,13,Masters & above,m,sourcing,1,33,4.0,9,0,0,58
Sales & Marketing,29,Bachelors,m,sourcing,1,29,3.0,6,1,0,50
Procurement,2,Masters & above,m,other,1,48,3.0,20,0,0,66
Sales & Marketing,26,Bachelors,m,other,1,40,3.0,10,0,0,49
Sales & Marketing,22,Masters & above,f,sourcing,1,39,3.0,10,0,0,50
Analytics,32,Bachelors,m,other,1,26,3.0,2,0,0,84
Sales & Marketing,1,Masters & above,f,sourcing,1,31,4.0,6,0,0,50
HR,28,Masters & above,m,other,1,34,4.0,12,1,0,51
Procurement,2,Bachelors,f,other,2,26,3.0,3,0,0,72
Procurement,26,Bachelors,f,other,1,24,2.0,2,0,0,73
Sales & Marketing,8,Masters & above,m,sourcing,1,31,3.0,4,0,0,47
Procurement,22,Masters & above,f,other,1,40,3.0,3,0,0,72
Sales & Marketing,6,Bachelors,m,other,1,33,5.0,6,0,0,50
Sales & Marketing,28,Bachelors,m,sourcing,1,36,5.0,4,1,0,53
Legal,16,Bachelors,m,other,1,30,2.0,1,1,0,58
Sales & Marketing,16,Masters & above,f,other,1,35,5.0,7,1,0,44
R&D,4,Bachelors,m,sourcing,3,32,4.0,3,1,0,89
Sales & Marketing,2,Bachelors,m,other,2,34,4.0,3,1,0,51
Analytics,27,Bachelors,m,other,2,35,3.0,10,0,0,86
Procurement,7,Bachelors,f,sourcing,1,28,5.0,6,0,0,84
Technology,17,Bachelors,f,other,1,28,4.0,2,0,0,81
Procurement,11,Bachelors,m,other,1,40,3.0,10,0,0,69
Procurement,13,Bachelors,m,sourcing,1,38,4.0,9,1,0,69
Technology,7,Bachelors,f,sourcing,1,31,3.0,7,0,0,88
Operations,15,Masters & above,f,sourcing,1,39,2.0,6,0,0,63
Sales & Marketing,29,Bachelors,m,other,1,37,2.0,12,0,0,44
Finance,2,Bachelors,m,other,1,41,4.0,8,1,0,65
Operations,2,Bachelors,m,sourcing,1,39,4.0,2,0,0,61
Operations,2,Bachelors,m,sourcing,1,46,3.0,6,0,0,60
Sales & Marketing,2,Masters & above,m,other,1,40,5.0,9,1,0,49
Sales & Marketing,22,Bachelors,m,other,1,39,1.0,5,0,0,50
Operations,27,Bachelors,f,sourcing,1,44,5.0,6,1,0,63
Sales & Marketing,4,Masters & above,m,other,1,34,1.0,10,0,0,49
HR,2,Bachelors,m,other,1,54,5.0,13,0,0,52
HR,2,Bachelors,m,sourcing,1,48,4.0,16,0,0,52
Technology,31,Bachelors,m,other,1,45,3.0,11,0,0,77
Procurement,16,Bachelors,m,other,1,30,1.0,5,0,0,72
Procurement,26,Bachelors,m,other,1,31,5.0,7,1,0,69
Sales & Marketing,26,Bachelors,m,sourcing,1,41,5.0,13,0,0,55
Sales & Marketing,4,Bachelors,m,other,1,44,5.0,6,0,0,50
Analytics,22,Masters & above,f,other,1,30,3.0,2,0,0,87
Sales & Marketing,13,Bachelors,f,sourcing,1,30,2.0,6,0,0,47
Procurement,2,Bachelors,f,other,1,36,4.0,10,0,0,69
Analytics,22,Bachelors,m,other,2,35,2.0,4,0,0,87
Analytics,19,Bachelors,m,other,1,33,3.0,6,0,0,83
Analytics,2,Bachelors,m,other,1,35,1.0,4,0,0,86
Sales & Marketing,2,Bachelors,m,other,1,35,3.0,8,0,0,49
Sales & Marketing,31,Bachelors,m,other,1,49,3.0,17,0,0,69
Operations,2,Bachelors,f,other,1,29,5.0,4,1,0,60
Technology,33,Bachelors,m,other,1,38,5.0,10,0,0,88
Finance,11,Bachelors,m,other,2,28,5.0,6,1,1,57
Technology,13,Bachelors,m,other,1,35,1.0,7,0,0,74
Operations,27,Bachelors,m,other,1,43,3.0,13,0,0,58
Technology,2,Masters & above,f,other,3,39,1.0,3,0,0,74
Sales & Marketing,7,Masters & above,m,other,1,34,5.0,9,1,0,52
Sales & Marketing,7,Bachelors,m,sourcing,1,30,3.0,7,1,0,48
Sales & Marketing,2,Masters & above,f,other,1,31,4.0,5,0,0,51
Sales & Marketing,7,Masters & above,m,sourcing,2,36,2.0,10,0,0,45
Sales & Marketing,6,Bachelors,f,sourcing,2,29,3.0,8,1,0,47
Operations,21,Bachelors,m,sourcing,1,38,3.0,4,0,0,58
Legal,2,Bachelors,m,sourcing,1,39,3.0,3,1,0,60
Analytics,2,Bachelors,m,other,1,43,5.0,4,1,0,83
Finance,22,Bachelors,f,other,1,29,2.0,9,0,0,59
Finance,31,Bachelors,m,other,1,25,3.0,3,0,0,73
Sales & Marketing,28,Masters & above,m,other,1,34,5.0,3,1,0,54
Finance,22,Masters & above,m,sourcing,1,32,3.0,4,0,0,60
Technology,2,Bachelors,f,referred,1,24,4.0,2,1,0,76
Sales & Marketing,1,Masters & above,f,other,1,37,5.0,9,0,0,53
Analytics,2,Bachelors,m,sourcing,2,35,3.0,8,0,0,83
Technology,26,Bachelors,m,other,1,47,3.0,4,0,0,87
R&D,7,Masters & above,m,other,1,40,4.0,3,1,0,85
Technology,4,Bachelors,m,other,1,28,3.0,7,0,0,81
Sales & Marketing,30,Bachelors,m,other,2,28,4.0,5,0,0,49
Operations,15,Masters & above,f,other,1,45,5.0,15,0,0,58
Procurement,27,Bachelors,f,other,1,29,3.0,2,0,0,73
Operations,22,Bachelors,m,sourcing,2,28,2.0,6,0,0,63
Operations,26,Bachelors,f,sourcing,1,28,4.0,4,0,0,65
HR,22,Bachelors,m,referred,1,27,4.0,2,0,0,51
Analytics,14,Bachelors,m,sourcing,2,30,4.0,1,1,0,85
Operations,2,Masters & above,m,other,2,38,5.0,2,0,0,58
Sales & Marketing,2,Bachelors,m,other,4,27,3.0,3,0,0,48
Sales & Marketing,13,Bachelors,m,other,1,39,3.0,6,0,0,53
Procurement,17,Masters & above,f,sourcing,1,34,5.0,5,1,0,70
Operations,31,Bachelors,m,sourcing,1,30,4.0,8,1,0,60
Operations,21,Masters & above,m,sourcing,2,46,3.0,12,0,1,68
Sales & Marketing,2,Masters & above,m,other,1,34,1.0,8,0,0,55
Analytics,11,Bachelors,m,sourcing,1,31,5.0,9,1,0,85
Finance,15,Bachelors,m,other,2,36,3.0,2,0,0,61
Finance,32,Bachelors,m,sourcing,2,35,4.0,7,1,0,60
Procurement,22,Bachelors,m,other,1,41,4.0,11,0,0,70
Technology,15,Bachelors,m,other,2,35,1.0,3,0,0,79
Technology,25,Bachelors,f,other,1,30,3.0,4,0,0,80
Technology,10,Bachelors,m,other,1,27,5.0,4,0,1,81
Technology,2,Bachelors,m,referred,1,30,3.0,3,1,0,80
Operations,19,Bachelors,m,sourcing,1,36,5.0,4,0,0,60
HR,2,Bachelors,f,sourcing,1,41,5.0,6,0,0,48
Sales & Marketing,14,Bachelors,f,sourcing,1,32,3.0,6,0,0,50
Technology,2,Masters & above,m,sourcing,3,34,3.0,5,1,0,76
Procurement,22,Bachelors,m,other,1,32,3.0,5,0,0,69
Operations,2,Masters & above,f,other,1,55,3.0,23,1,0,66
Sales & Marketing,27,Bachelors,m,other,1,27,4.0,4,0,0,51
Operations,3,Masters & above,m,sourcing,1,33,5.0,5,1,0,61
Operations,1,Masters & above,m,other,1,36,3.0,7,0,0,62
Sales & Marketing,22,Bachelors,m,sourcing,1,33,3.0,9,1,0,48
Operations,28,Bachelors,m,other,1,30,3.0,4,1,0,57
Sales & Marketing,2,Masters & above,m,other,2,44,4.0,14,1,0,48
Operations,16,Bachelors,m,sourcing,1,39,1.0,8,0,0,57
Sales & Marketing,22,Bachelors,m,sourcing,1,38,1.0,7,0,0,50
HR,2,Bachelors,m,other,1,32,2.0,3,0,0,44
Sales & Marketing,26,Bachelors,m,sourcing,1,51,3.0,13,0,0,50
Procurement,30,Bachelors,f,other,1,38,3.0,9,0,0,71
Sales & Marketing,10,Masters & above,f,other,1,31,2.0,2,1,0,53
Sales & Marketing,25,Masters & above,m,other,1,37,5.0,6,1,0,49
Procurement,13,Bachelors,m,sourcing,1,32,3.0,6,0,0,65
Operations,2,Bachelors,f,other,1,32,3.0,6,1,0,60
Sales & Marketing,2,Bachelors,f,other,2,31,5.0,5,1,0,50
Procurement,2,Bachelors,m,sourcing,1,47,4.0,15,1,0,66
Procurement,15,Bachelors,m,other,1,34,4.0,6,0,0,61
Procurement,22,Masters & above,m,other,1,36,3.0,9,0,0,73
Finance,2,Bachelors,m,sourcing,1,40,3.0,6,1,0,59
Operations,2,Bachelors,f,sourcing,1,50,3.0,4,1,0,55
Operations,22,Bachelors,m,other,1,27,1.0,4,1,0,61
Operations,22,Bachelors,f,other,1,32,4.0,8,0,0,60
Operations,22,Bachelors,f,other,1,36,4.0,9,0,0,74
Sales & Marketing,19,Bachelors,m,other,1,35,3.0,5,1,0,49
Legal,31,Bachelors,m,other,1,35,3.0,6,0,0,61
Technology,11,Masters & above,m,other,1,41,2.0,2,0,0,81
Sales & Marketing,2,Masters & above,m,sourcing,1,32,5.0,5,0,0,55
Procurement,27,Bachelors,m,other,2,33,1.0,5,0,0,73
Sales & Marketing,2,Bachelors,f,sourcing,2,22,1.0,2,1,0,51
Finance,15,Bachelors,m,sourcing,2,28,3.0,2,0,0,61
Technology,5,Bachelors,f,other,1,29,1.0,3,0,0,79
Operations,2,Masters & above,m,other,1,47,5.0,19,0,0,61
Technology,7,Masters & above,m,sourcing,1,47,5.0,16,1,0,81
Operations,20,Bachelors,m,other,1,27,3.0,4,1,0,64
Sales & Marketing,14,Bachelors,m,other,1,35,4.0,7,0,0,48
Operations,26,Bachelors,m,other,2,44,3.0,3,0,0,62
Legal,22,Masters & above,m,sourcing,1,37,5.0,9,1,0,61
Sales & Marketing,12,Bachelors,m,sourcing,1,31,3.0,9,0,0,52
Finance,2,Bachelors,f,other,1,30,5.0,4,1,0,56
Sales & Marketing,11,Bachelors,m,other,2,40,1.0,2,1,0,50
Sales & Marketing,8,Bachelors,m,sourcing,1,33,4.0,6,0,0,47
Sales & Marketing,6,Bachelors,m,other,1,37,5.0,10,0,0,51
Technology,7,Below Secondary,m,other,2,26,4.0,3,1,0,76
Technology,7,Masters & above,m,sourcing,2,37,3.0,2,1,0,75
Operations,2,Bachelors,f,other,1,39,3.0,8,1,0,57
Operations,7,Bachelors,m,other,1,50,1.0,23,0,0,61
Operations,7,Bachelors,f,other,1,50,5.0,17,1,0,57
Operations,2,Bachelors,f,other,2,56,5.0,5,1,0,57
HR,8,Bachelors,m,other,1,33,5.0,4,1,0,50
Sales & Marketing,2,Bachelors,m,sourcing,1,34,3.0,5,1,0,49
Sales & Marketing,7,Bachelors,m,other,2,29,1.0,3,0,0,48
Sales & Marketing,19,Bachelors,m,other,2,33,1.0,5,0,0,52
Analytics,2,Bachelors,f,other,1,26,4.0,2,1,0,89
Technology,2,Bachelors,f,referred,1,34,4.0,7,1,0,82
Finance,16,Below Secondary,m,other,1,25,5.0,2,0,0,73
Sales & Marketing,14,Bachelors,f,other,1,41,3.0,13,0,0,52
Finance,31,Bachelors,m,other,1,26,2.0,2,0,0,59
Procurement,27,Bachelors,m,other,1,25,3.0,2,0,0,65
Technology,14,Bachelors,f,sourcing,1,42,4.0,10,0,0,75
Sales & Marketing,15,Bachelors,m,sourcing,4,27,1.0,5,0,0,50
Analytics,22,Bachelors,m,sourcing,2,28,3.0,2,1,0,80
Analytics,2,Bachelors,m,sourcing,1,32,4.0,8,0,0,86
Finance,2,Bachelors,f,sourcing,1,60,5.0,8,1,0,59
Sales & Marketing,15,Masters & above,m,other,2,39,3.0,5,1,0,49
Operations,2,Masters & above,f,other,1,39,4.0,10,1,0,60
Analytics,31,Bachelors,m,sourcing,1,40,3.0,6,0,0,81
Sales & Marketing,7,Masters & above,m,other,1,48,5.0,18,0,0,51
Analytics,31,Bachelors,m,other,3,29,5.0,6,1,0,87
Finance,10,Masters & above,m,other,1,32,3.0,7,0,0,61
Procurement,15,Masters & above,m,sourcing,1,42,3.0,4,0,0,71
Operations,4,Bachelors,m,other,1,32,3.0,7,1,0,56
Technology,28,Masters & above,m,other,1,31,4.0,5,0,0,81
Sales & Marketing,2,Bachelors,m,sourcing,2,41,1.0,14,0,0,50
Sales & Marketing,14,Masters & above,m,other,1,36,3.0,9,0,0,45
Analytics,22,Bachelors,f,other,1,26,5.0,2,1,0,94
Operations,29,Masters & above,f,other,1,31,3.0,3,0,0,65
Technology,26,Masters & above,f,other,1,33,3.0,7,0,0,80
Sales & Marketing,9,Bachelors,m,other,1,34,3.0,10,0,0,48
Sales & Marketing,26,Bachelors,m,sourcing,1,30,2.0,2,1,0,51
Operations,20,Bachelors,m,other,1,29,5.0,6,1,0,57
Procurement,2,Masters & above,m,sourcing,1,41,2.0,16,0,0,70
Operations,7,Bachelors,f,sourcing,1,30,3.0,4,1,0,58
Sales & Marketing,2,Bachelors,m,sourcing,1,31,5.0,6,1,0,51
Finance,23,Bachelors,m,other,1,34,3.0,7,0,0,58
Analytics,22,Masters & above,m,sourcing,1,29,3.0,4,1,0,84
Technology,16,Bachelors,m,other,1,27,2.0,5,0,0,78
Sales & Marketing,13,Masters & above,m,other,1,34,5.0,4,0,0,50
Sales & Marketing,18,Bachelors,m,other,1,34,5.0,6,1,0,50
Legal,22,Masters & above,m,other,1,38,3.0,9,0,0,64
Operations,28,Masters & above,m,sourcing,1,36,5.0,7,1,0,58
Procurement,16,Bachelors,f,other,1,30,5.0,3,1,0,65
Sales & Marketing,27,Bachelors,m,other,1,35,5.0,7,1,0,51
Operations,30,Bachelors,m,other,1,33,5.0,3,1,0,57
Operations,22,Bachelors,m,sourcing,1,25,3.0,3,1,0,60
Technology,33,Bachelors,f,other,1,33,3.0,7,0,0,82
Sales & Marketing,31,Masters & above,m,other,1,39,1.0,10,0,0,48
Technology,4,Masters & above,f,sourcing,1,33,3.0,3,0,1,78
R&D,22,Bachelors,m,other,1,34,1.0,9,0,0,82
Procurement,22,Bachelors,f,other,2,37,4.0,7,0,0,69
Sales & Marketing,9,Masters & above,m,sourcing,1,31,2.0,2,0,0,49
Sales & Marketing,1,Bachelors,m,other,1,37,3.0,8,0,0,53
Procurement,22,Bachelors,f,other,1,28,4.0,2,0,0,66
Technology,15,Masters & above,m,sourcing,2,50,3.0,16,0,0,86
HR,25,Masters & above,m,sourcing,1,34,1.0,3,0,0,50
Sales & Marketing,4,Bachelors,m,other,1,37,3.0,7,0,0,91
Sales & Marketing,2,Bachelors,m,other,3,33,3.0,7,0,0,45
Analytics,7,Bachelors,m,sourcing,2,43,5.0,13,0,0,87
Technology,13,Masters & above,f,other,1,34,3.0,3,1,0,75
Procurement,23,Masters & above,m,sourcing,1,37,2.0,4,0,0,68
Analytics,11,Masters & above,m,sourcing,1,35,4.0,8,0,0,84
Sales & Marketing,25,Masters & above,f,sourcing,1,40,3.0,3,0,0,51
Legal,13,Masters & above,m,other,1,40,2.0,8,0,0,54
Operations,13,Masters & above,m,sourcing,1,35,3.0,3,1,0,60
Sales & Marketing,31,Bachelors,m,sourcing,1,25,1.0,2,0,0,52
Technology,7,Masters & above,f,other,1,46,5.0,5,1,0,75
Procurement,8,Masters & above,m,other,1,38,4.0,11,0,0,71
Sales & Marketing,22,Bachelors,m,sourcing,1,34,5.0,7,0,0,52
R&D,8,Bachelors,m,sourcing,1,28,4.0,3,1,0,82
Operations,22,Bachelors,m,sourcing,2,40,5.0,5,1,0,60
Sales & Marketing,28,Masters & above,m,other,1,30,2.0,5,0,0,48
Sales & Marketing,16,Bachelors,f,other,1,35,3.0,7,0,0,50
Finance,2,Bachelors,m,other,2,35,3.0,6,1,0,58
Operations,22,Bachelors,m,other,1,30,5.0,3,0,0,55
Operations,6,Bachelors,f,other,1,31,3.0,3,0,0,58
Analytics,15,Bachelors,m,other,2,27,3.0,3,0,0,87
R&D,4,Masters & above,f,other,1,34,4.0,6,0,0,88
Technology,15,Masters & above,m,sourcing,1,44,4.0,4,1,0,80
Sales & Marketing,2,Masters & above,m,sourcing,1,39,5.0,12,0,0,49
Sales & Marketing,22,Bachelors,f,sourcing,1,26,4.0,2,0,0,52
R&D,22,Bachelors,m,sourcing,2,29,5.0,5,1,0,87
Legal,2,Bachelors,m,other,1,38,5.0,4,1,0,62
Operations,31,Masters & above,m,other,1,36,5.0,4,1,0,65
HR,7,Bachelors,m,other,1,41,3.0,7,0,0,52
Technology,30,Bachelors,m,other,1,26,2.0,3,1,0,77
Procurement,17,Masters & above,m,other,1,56,3.0,3,1,0,70
Technology,26,Bachelors,f,other,1,30,4.0,3,1,0,79
HR,25,Masters & above,f,sourcing,1,36,4.0,9,0,0,49
Sales & Marketing,9,Bachelors,m,other,1,33,1.0,5,0,0,49
Sales & Marketing,25,Masters & above,m,other,1,34,2.0,7,0,0,52
Sales & Marketing,4,Bachelors,m,sourcing,1,34,1.0,10,1,1,94
Technology,2,Masters & above,f,sourcing,1,43,4.0,5,0,0,80
Operations,7,Bachelors,m,other,1,30,4.0,6,1,0,54
Legal,2,Bachelors,f,other,1,31,1.0,7,0,0,64
Analytics,28,Masters & above,m,other,2,36,5.0,7,0,0,85
Procurement,7,Masters & above,f,other,1,33,3.0,5,1,0,69
Finance,2,Masters & above,m,other,1,31,2.0,4,0,0,59
Operations,22,Bachelors,m,other,1,28,5.0,5,1,0,61
Analytics,31,Bachelors,m,sourcing,2,29,4.0,3,0,1,86
Sales & Marketing,25,Masters & above,m,other,3,36,1.0,7,0,0,51
Sales & Marketing,7,Bachelors,m,sourcing,1,34,5.0,6,0,0,58
Sales & Marketing,13,Bachelors,f,sourcing,1,38,5.0,7,1,0,55
Technology,2,Masters & above,f,other,1,60,3.0,5,0,0,76
Procurement,17,Bachelors,f,sourcing,1,31,3.0,3,1,0,68
Technology,2,Bachelors,m,other,1,44,3.0,3,0,0,78
Technology,7,Masters & above,m,other,2,36,3.0,8,0,0,74
Procurement,20,Bachelors,m,sourcing,1,35,3.0,4,0,0,70
Sales & Marketing,26,Bachelors,m,other,1,38,2.0,5,0,0,44
Operations,22,Masters & above,m,referred,1,36,4.0,4,1,0,61
Sales & Marketing,20,Bachelors,m,other,2,30,3.0,4,0,0,52
Technology,2,Bachelors,m,referred,1,32,5.0,6,1,0,77
Procurement,2,Bachelors,f,other,1,43,3.0,6,0,0,72
Sales & Marketing,4,Masters & above,m,sourcing,1,40,5.0,10,1,0,50
Procurement,7,Bachelors,f,sourcing,2,26,4.0,3,1,0,73
Analytics,6,Bachelors,m,other,2,34,2.0,5,1,0,85
Procurement,7,Masters & above,m,other,1,42,3.0,14,1,0,64
Sales & Marketing,20,Masters & above,m,sourcing,1,43,2.0,4,0,0,54
Operations,22,Masters & above,f,other,1,33,3.0,4,1,1,94
Sales & Marketing,8,Bachelors,m,sourcing,2,28,4.0,3,0,0,49
Technology,27,Bachelors,f,other,1,36,5.0,6,1,0,76
HR,32,Bachelors,m,sourcing,1,32,3.0,7,1,0,50
Technology,2,Masters & above,m,other,1,58,3.0,17,0,0,77
Sales & Marketing,28,Bachelors,m,other,1,36,3.0,10,0,0,49
Finance,13,Masters & above,f,sourcing,1,39,3.0,6,1,0,55
Operations,15,Bachelors,m,other,1,41,4.0,12,0,0,64
Operations,9,Bachelors,m,other,1,29,3.0,2,0,0,62
Procurement,2,Masters & above,m,other,1,54,3.0,4,0,0,71
Technology,26,Bachelors,m,sourcing,1,47,3.0,6,0,0,84
Technology,2,Bachelors,m,sourcing,2,35,4.0,7,0,0,74
Operations,16,Bachelors,m,other,1,30,4.0,5,0,0,60
Finance,2,Bachelors,f,sourcing,1,35,3.0,3,1,0,58
Operations,19,Bachelors,m,other,1,42,4.0,4,1,0,61
Operations,2,Masters & above,m,other,1,54,5.0,31,1,0,58
Technology,2,Masters & above,m,other,1,50,4.0,17,0,0,80
Sales & Marketing,16,Bachelors,f,sourcing,1,32,3.0,5,1,0,51
Finance,27,Bachelors,m,other,1,26,3.0,2,0,0,64
Operations,2,Bachelors,f,sourcing,2,27,4.0,2,0,0,57
Sales & Marketing,22,Bachelors,m,other,1,20,5.0,2,0,0,44
Operations,21,Bachelors,f,other,1,30,4.0,6,1,0,58
Operations,30,Bachelors,f,sourcing,1,35,3.0,3,0,0,58
Analytics,22,Bachelors,m,sourcing,1,28,4.0,5,1,0,87
Sales & Marketing,22,Bachelors,m,sourcing,1,41,4.0,5,1,0,49
Operations,7,Bachelors,m,sourcing,1,31,4.0,7,1,0,60
Procurement,31,Masters & above,m,sourcing,1,42,3.0,6,1,0,73
Finance,13,Masters & above,m,other,3,33,3.0,4,1,0,55
Legal,22,Bachelors,m,sourcing,1,28,5.0,4,0,0,91
Sales & Marketing,31,Bachelors,m,sourcing,1,36,3.0,4,1,0,51
Sales & Marketing,2,Bachelors,f,other,1,29,5.0,5,0,0,49
Sales & Marketing,22,Bachelors,f,other,1,38,1.0,11,0,0,50
Analytics,11,Masters & above,m,sourcing,1,32,3.0,5,1,0,84
Analytics,8,Bachelors,m,other,1,38,5.0,9,0,0,88
Analytics,30,Bachelors,m,other,2,28,3.0,2,1,0,87
Operations,26,Bachelors,f,other,1,29,2.0,5,0,0,58
Operations,2,Bachelors,f,sourcing,1,50,4.0,4,0,0,57
Operations,13,Bachelors,m,other,1,31,1.0,6,0,0,58
Analytics,13,Masters & above,m,other,1,34,1.0,3,1,0,84
Operations,26,Bachelors,f,sourcing,1,33,4.0,7,0,0,61
Procurement,27,Masters & above,m,sourcing,1,38,5.0,13,1,0,67
Finance,31,Bachelors,m,sourcing,1,29,4.0,6,0,0,60
Procurement,15,Bachelors,f,other,1,40,3.0,7,0,0,69
Procurement,17,Masters & above,f,other,2,35,3.0,4,1,0,65
Technology,22,Bachelors,m,other,1,31,4.0,3,1,0,81
Sales & Marketing,10,Masters & above,m,other,1,30,4.0,2,0,0,49
Operations,19,Bachelors,m,other,1,45,5.0,13,1,0,62
HR,7,Masters & above,m,other,1,39,5.0,9,1,0,47
Operations,7,Bachelors,m,sourcing,1,35,5.0,10,1,0,62
Operations,2,Bachelors,m,other,1,54,5.0,17,0,0,57
Technology,27,Bachelors,f,other,2,26,3.0,3,0,0,85
Technology,5,Bachelors,m,sourcing,1,30,1.0,2,0,0,83
Operations,2,Bachelors,m,other,1,36,3.0,2,1,0,55
Technology,27,Bachelors,m,other,1,29,5.0,4,1,0,77
R&D,4,Masters & above,m,sourcing,1,37,4.0,2,0,0,84
Operations,16,Bachelors,m,other,1,37,3.0,2,1,0,59
Analytics,10,Bachelors,m,other,1,27,3.0,2,1,0,82
Technology,7,Bachelors,m,other,1,29,4.0,3,1,0,83
Sales & Marketing,23,Bachelors,m,sourcing,1,37,3.0,8,0,0,49
Sales & Marketing,26,Bachelors,m,sourcing,3,40,3.0,10,0,0,51
Technology,7,Masters & above,m,sourcing,1,37,3.0,10,0,0,81
Sales & Marketing,31,Bachelors,m,sourcing,2,33,3.0,9,0,0,47
Sales & Marketing,17,Bachelors,m,other,1,26,3.0,3,0,0,43
Operations,25,Bachelors,f,sourcing,1,27,5.0,3,1,0,60
Operations,19,Bachelors,m,other,1,36,4.0,4,1,0,58
R&D,22,Masters & above,m,other,2,33,3.0,9,1,0,90
Procurement,2,Masters & above,m,sourcing,1,44,1.0,5,0,0,74
Procurement,14,Bachelors,f,other,1,29,5.0,2,1,0,70
Sales & Marketing,15,Masters & above,m,other,2,35,3.0,3,0,0,53
Technology,27,Bachelors,m,other,1,44,1.0,4,1,0,79
Sales & Marketing,25,Bachelors,m,sourcing,2,29,3.0,6,0,0,47
Operations,14,Bachelors,m,sourcing,1,30,3.0,2,1,0,58
Procurement,2,Masters & above,f,other,1,40,5.0,11,1,0,72
Analytics,31,Masters & above,m,other,1,37,3.0,9,0,0,83
Operations,7,Masters & above,m,other,1,38,3.0,4,0,0,64
Operations,22,Masters & above,f,other,1,50,4.0,17,0,0,59
Sales & Marketing,2,Masters & above,m,other,1,37,1.0,12,0,0,48
Analytics,14,Bachelors,m,sourcing,1,27,5.0,4,1,0,81
Operations,32,Bachelors,m,other,1,35,3.0,6,0,0,74
Operations,20,Masters & above,f,other,1,33,5.0,3,0,0,75
Sales & Marketing,11,Bachelors,m,other,1,24,1.0,2,0,0,47
Technology,22,Masters & above,m,other,1,43,1.0,12,0,0,78
Sales & Marketing,31,Bachelors,m,other,1,33,5.0,3,1,0,52
Procurement,10,Masters & above,f,other,1,45,3.0,17,0,0,73
Sales & Marketing,19,Bachelors,m,sourcing,3,35,4.0,7,1,0,51
Procurement,7,Bachelors,f,other,2,40,3.0,10,0,0,70
Operations,26,Bachelors,m,other,1,28,3.0,4,0,0,90
Procurement,2,Bachelors,m,other,1,36,4.0,9,0,0,63
Procurement,34,Bachelors,m,other,1,28,3.0,5,1,0,68
HR,25,Bachelors,f,other,1,26,3.0,2,0,0,50
Procurement,15,Masters & above,f,sourcing,1,35,1.0,10,0,0,67
Operations,2,Masters & above,m,other,1,42,5.0,12,0,0,74
Operations,15,Bachelors,f,other,1,33,4.0,5,1,0,57
Sales & Marketing,22,Masters & above,m,sourcing,1,46,4.0,5,0,0,47
Finance,13,Masters & above,m,other,2,33,5.0,7,1,0,57
Procurement,8,Masters & above,f,other,1,31,3.0,5,0,0,67
HR,15,Bachelors,m,other,1,30,3.0,7,0,0,44
Sales & Marketing,13,Bachelors,m,other,1,34,2.0,8,0,0,49
Analytics,21,Bachelors,m,other,1,26,3.0,3,0,0,87
Legal,2,Bachelors,m,sourcing,1,43,5.0,6,0,0,58
Sales & Marketing,4,Masters & above,f,other,1,36,4.0,3,1,0,48
Operations,2,Bachelors,f,sourcing,1,33,4.0,9,1,0,55
Technology,7,Masters & above,m,sourcing,1,47,5.0,15,1,0,80
Sales & Marketing,2,Masters & above,m,other,2,36,5.0,4,1,0,49
Procurement,11,Bachelors,m,sourcing,1,36,5.0,8,1,0,67
Sales & Marketing,11,Bachelors,m,sourcing,1,47,3.0,11,0,0,50
Technology,4,Masters & above,m,sourcing,1,42,4.0,3,0,0,83
Operations,14,Bachelors,m,sourcing,1,41,3.0,3,0,0,62
Procurement,22,Bachelors,m,referred,3,27,5.0,3,1,0,67
Analytics,3,Bachelors,m,other,2,30,3.0,2,1,1,84
R&D,2,Bachelors,m,sourcing,2,33,5.0,10,1,0,85
Analytics,11,Bachelors,m,other,2,26,5.0,3,0,0,82
Operations,2,Bachelors,m,sourcing,1,30,4.0,4,1,0,57
Operations,14,Bachelors,m,other,1,32,1.0,3,1,0,58
Technology,31,Bachelors,f,sourcing,1,32,3.0,4,0,0,77
Operations,27,Bachelors,f,sourcing,2,28,5.0,3,1,1,60
Technology,2,Bachelors,m,sourcing,1,30,3.0,6,1,0,81
Operations,2,Bachelors,m,sourcing,1,55,3.0,4,0,0,54
Procurement,19,Bachelors,m,other,1,38,3.0,5,0,0,71
Operations,7,Masters & above,f,other,1,55,5.0,14,1,0,93
Sales & Marketing,23,Masters & above,m,sourcing,2,35,1.0,5,0,0,47
Sales & Marketing,2,Bachelors,m,other,1,29,4.0,2,0,0,58
Sales & Marketing,26,Bachelors,m,other,2,34,3.0,3,0,0,52
Procurement,12,Bachelors,m,sourcing,1,29,5.0,2,1,0,74
Analytics,32,Bachelors,m,sourcing,1,27,5.0,3,0,0,78
Procurement,2,Bachelors,m,sourcing,1,47,2.0,18,0,0,71
Sales & Marketing,4,Bachelors,m,sourcing,1,53,4.0,7,0,0,50
Operations,29,Bachelors,m,other,1,31,3.0,5,0,0,69
Operations,7,Bachelors,f,sourcing,1,38,4.0,3,0,0,62
Analytics,16,Bachelors,m,other,1,26,4.0,4,0,0,88
Analytics,7,Bachelors,f,other,1,34,1.0,4,0,0,86
Analytics,22,Bachelors,m,sourcing,2,28,3.0,6,0,0,88
Sales & Marketing,13,Bachelors,m,other,1,46,5.0,16,1,0,51
Legal,2,Masters & above,m,other,1,45,1.0,15,0,0,63
Analytics,2,Bachelors,m,other,2,34,3.0,7,1,0,85
Finance,27,Bachelors,f,other,1,28,4.0,6,1,0,72
HR,2,Bachelors,f,sourcing,1,40,1.0,11,0,0,50
Finance,23,Masters & above,m,sourcing,3,36,3.0,7,0,0,58
Analytics,7,Masters & above,m,other,1,42,4.0,6,0,0,87
Sales & Marketing,22,Masters & above,m,sourcing,2,36,1.0,10,0,0,45
Procurement,7,Bachelors,f,sourcing,1,33,1.0,6,0,1,69
Technology,1,Masters & above,f,sourcing,1,36,2.0,5,0,0,77
Sales & Marketing,10,Masters & above,m,sourcing,1,34,1.0,7,0,0,46
Sales & Marketing,13,Masters & above,m,other,1,49,4.0,5,0,0,51
Technology,16,Bachelors,f,other,1,33,3.0,5,0,0,81
Procurement,11,Masters & above,f,other,1,38,5.0,4,1,0,67
Sales & Marketing,19,Bachelors,m,sourcing,2,46,4.0,8,0,0,51
Operations,13,Masters & above,m,other,1,52,5.0,17,0,0,70
Technology,23,Bachelors,m,sourcing,1,31,5.0,6,1,1,93
Operations,22,Bachelors,m,other,1,42,4.0,14,1,0,61
Operations,5,Masters & above,m,other,1,39,3.0,10,0,0,58
Finance,2,Bachelors,f,other,1,28,4.0,6,1,0,61
Sales & Marketing,22,Bachelors,f,other,1,41,3.0,8,0,0,52
HR,2,Bachelors,m,other,1,44,3.0,16,0,0,48
Sales & Marketing,2,Bachelors,m,sourcing,1,38,3.0,4,1,0,46
Analytics,27,Bachelors,m,other,1,29,5.0,3,1,0,86
Operations,2,Masters & above,m,sourcing,1,53,3.0,11,0,0,60
Sales & Marketing,4,Bachelors,m,sourcing,2,27,1.0,4,0,0,48
Analytics,31,Bachelors,m,other,1,37,3.0,6,1,0,83
Operations,26,Masters & above,f,sourcing,1,32,4.0,6,1,0,59
Analytics,26,Bachelors,m,other,1,32,3.0,7,0,0,86
Sales & Marketing,2,Masters & above,m,other,2,37,3.0,3,1,0,53
Sales & Marketing,22,Bachelors,m,other,1,48,4.0,3,0,0,52
Sales & Marketing,13,Bachelors,m,other,1,32,4.0,3,0,0,55
Operations,7,Masters & above,m,sourcing,2,34,4.0,10,0,0,60
HR,2,Bachelors,m,other,1,31,3.0,2,0,0,48
Sales & Marketing,10,Masters & above,m,other,1,32,4.0,3,0,0,48
Procurement,2,Masters & above,m,other,1,45,1.0,3,1,0,70
Sales & Marketing,2,Bachelors,f,other,2,35,1.0,7,0,0,48
Sales & Marketing,4,Masters & above,m,sourcing,1,34,4.0,6,0,0,50
Procurement,4,Masters & above,m,sourcing,1,55,4.0,10,0,0,68
Technology,33,Bachelors,m,sourcing,1,48,3.0,6,0,0,81
Sales & Marketing,23,Masters & above,m,other,1,35,5.0,6,1,0,49
Analytics,29,Bachelors,m,other,2,32,1.0,7,0,0,87
HR,22,Masters & above,m,other,1,39,3.0,4,0,0,46
R&D,25,Masters & above,m,other,1,34,5.0,10,0,0,88
Finance,27,Bachelors,m,sourcing,1,31,3.0,5,1,0,57
Sales & Marketing,15,Bachelors,m,sourcing,2,28,4.0,8,1,0,47
Operations,5,Bachelors,f,sourcing,1,33,3.0,4,0,0,63
Sales & Marketing,4,Bachelors,f,other,1,33,4.0,3,0,0,49
Procurement,9,Bachelors,m,sourcing,1,27,1.0,3,1,0,71
Procurement,13,Bachelors,f,other,1,33,5.0,5,0,0,67
HR,23,Bachelors,m,other,1,32,3.0,4,1,1,51
Operations,26,Bachelors,f,other,1,34,5.0,5,1,0,59
Operations,15,Bachelors,f,other,1,32,3.0,6,1,0,57
Procurement,7,Masters & above,f,sourcing,1,47,3.0,4,0,0,69
Technology,2,Masters & above,f,other,2,36,2.0,2,1,0,81
Legal,2,Bachelors,m,sourcing,1,29,5.0,4,1,0,56
Sales & Marketing,2,Bachelors,f,sourcing,1,42,3.0,3,1,1,48
Analytics,34,Bachelors,m,sourcing,1,28,3.0,5,0,0,77
Procurement,7,Masters & above,m,sourcing,3,37,3.0,9,0,0,71
Sales & Marketing,2,Bachelors,m,sourcing,1,45,5.0,16,1,0,52
Procurement,13,Masters & above,m,sourcing,1,41,1.0,6,0,0,73
Procurement,17,Bachelors,m,sourcing,1,28,4.0,3,0,0,67
Analytics,7,Bachelors,m,other,1,33,5.0,4,1,0,85
Analytics,15,Bachelors,m,other,1,40,5.0,11,0,0,87
Sales & Marketing,2,Bachelors,m,other,2,58,1.0,6,0,0,46
Sales & Marketing,24,Bachelors,m,other,1,37,2.0,2,0,0,46
Sales & Marketing,30,Bachelors,m,other,1,32,5.0,4,0,0,48
Analytics,2,Masters & above,m,sourcing,1,40,3.0,11,0,0,87
Procurement,7,Bachelors,f,other,2,28,5.0,2,1,0,70
Operations,15,Bachelors,f,sourcing,1,31,5.0,5,0,0,61
Operations,15,Bachelors,f,other,1,39,4.0,4,0,0,55
Finance,7,Bachelors,m,other,1,34,3.0,5,0,0,58
Finance,22,Bachelors,m,other,2,27,1.0,2,0,0,61
Operations,2,Bachelors,f,other,1,33,4.0,8,0,0,71
Procurement,2,Bachelors,m,other,1,51,3.0,6,1,0,70
Technology,13,Masters & above,m,sourcing,1,54,3.0,14,0,0,79
Procurement,2,Bachelors,f,other,1,29,4.0,4,0,0,67
Technology,2,Masters & above,f,sourcing,1,56,5.0,16,1,0,79
Sales & Marketing,15,Bachelors,m,sourcing,1,27,3.0,3,0,0,51
Operations,32,Bachelors,m,other,1,33,3.0,6,1,0,56
Sales & Marketing,7,Bachelors,m,sourcing,1,41,1.0,5,1,0,46
Technology,23,Bachelors,f,sourcing,1,33,3.0,5,0,0,78
Procurement,2,Bachelors,f,other,1,56,4.0,24,0,0,67
Procurement,23,Masters & above,m,other,2,37,3.0,2,0,0,70
Technology,2,Bachelors,f,sourcing,2,28,3.0,2,0,0,81
Technology,7,Masters & above,m,referred,1,47,3.0,4,1,0,81
Operations,2,Bachelors,f,other,2,33,3.0,5,0,0,56
Operations,13,Bachelors,m,sourcing,1,35,4.0,4,0,0,62
Finance,23,Masters & above,m,other,1,40,5.0,6,1,0,56
Operations,27,Bachelors,f,other,1,40,3.0,12,0,0,61
Sales & Marketing,22,Bachelors,m,other,1,20,2.0,2,0,0,47
Procurement,2,Bachelors,f,other,1,40,3.0,6,0,0,68
Operations,27,Masters & above,m,sourcing,1,47,3.0,7,0,0,61
R&D,27,Masters & above,m,sourcing,1,33,1.0,8,0,0,83
Sales & Marketing,2,Masters & above,f,other,1,37,4.0,3,1,0,46
Sales & Marketing,24,Bachelors,m,sourcing,1,31,1.0,3,0,0,49
Operations,32,Bachelors,m,other,1,40,2.0,6,1,0,62
Technology,7,Bachelors,f,other,1,35,3.0,3,0,0,80
Operations,28,Bachelors,m,other,1,25,4.0,3,1,0,58
Sales & Marketing,2,Masters & above,m,sourcing,1,33,5.0,3,0,0,47
HR,2,Masters & above,m,other,1,43,5.0,5,1,0,53
Operations,7,Masters & above,m,sourcing,1,32,2.0,7,0,0,62
Operations,22,Bachelors,m,sourcing,1,36,5.0,3,1,0,57
HR,2,Masters & above,f,other,1,46,3.0,10,0,0,47
Sales & Marketing,7,Bachelors,f,sourcing,2,30,1.0,3,0,0,49
Legal,31,Masters & above,m,sourcing,1,35,3.0,7,0,0,60
Technology,2,Masters & above,f,other,2,35,3.0,9,0,0,81
Procurement,7,Masters & above,m,sourcing,1,57,1.0,16,1,0,73
Operations,22,Bachelors,m,other,2,34,3.0,3,0,0,64
Sales & Marketing,4,Bachelors,m,sourcing,1,26,5.0,4,0,0,48
Sales & Marketing,32,Bachelors,m,other,1,29,5.0,2,0,0,49
Sales & Marketing,32,Bachelors,f,sourcing,1,29,3.0,3,0,0,50
Legal,22,Bachelors,m,referred,1,29,3.0,4,0,0,55
Sales & Marketing,2,Masters & above,m,other,1,54,4.0,27,0,0,54
Operations,32,Bachelors,m,sourcing,1,33,3.0,7,0,0,60
Operations,2,Bachelors,f,other,1,49,4.0,11,0,0,58
Technology,10,Bachelors,m,other,1,26,3.0,3,0,0,80
Technology,10,Bachelors,m,other,1,33,3.0,6,0,0,82
Operations,6,Bachelors,m,sourcing,2,33,3.0,7,0,0,60
Operations,2,Bachelors,m,sourcing,1,41,3.0,10,0,0,61
Sales & Marketing,4,Masters & above,m,other,1,34,2.0,2,0,0,44
R&D,4,Masters & above,m,other,1,30,3.0,6,0,0,87
Operations,15,Bachelors,m,other,1,35,4.0,9,1,0,60
Operations,2,Bachelors,f,sourcing,2,29,5.0,2,1,0,62
HR,2,Masters & above,f,other,1,47,4.0,5,1,0,47
Technology,28,Bachelors,f,other,1,26,1.0,3,0,0,77
Analytics,22,Bachelors,m,sourcing,1,32,3.0,6,0,0,83
Operations,2,Masters & above,f,sourcing,1,51,3.0,7,0,0,63
Procurement,13,Masters & above,m,other,1,46,2.0,6,0,0,71
Technology,27,Bachelors,m,sourcing,1,37,4.0,6,1,0,82
Analytics,28,Masters & above,m,other,2,41,5.0,7,1,0,86
Sales & Marketing,6,Bachelors,m,other,1,38,3.0,14,0,0,46
Sales & Marketing,13,Masters & above,m,sourcing,1,45,3.0,7,1,0,50
Operations,2,Bachelors,f,other,1,39,4.0,13,1,0,60
Finance,7,Masters & above,m,sourcing,1,33,1.0,7,0,0,64
Sales & Marketing,10,Masters & above,m,sourcing,1,38,5.0,9,0,0,52
Sales & Marketing,16,Bachelors,m,other,1,26,5.0,2,0,0,48
Procurement,13,Bachelors,m,sourcing,1,31,5.0,6,0,0,71
Procurement,31,Masters & above,m,other,1,37,5.0,5,1,0,73
Sales & Marketing,26,Bachelors,m,sourcing,1,31,5.0,3,0,0,48
Sales & Marketing,19,Bachelors,m,sourcing,1,28,2.0,2,0,0,54
Finance,2,Masters & above,m,sourcing,1,34,1.0,8,0,0,58
Procurement,16,Masters & above,m,other,2,34,3.0,2,0,0,68
Procurement,27,Masters & above,m,sourcing,1,42,4.0,4,1,0,76
Finance,2,Masters & above,f,other,1,50,3.0,4,0,0,56
HR,2,Masters & above,f,sourcing,1,42,5.0,5,0,0,50
Operations,27,Bachelors,m,other,1,47,3.0,18,0,0,59
Procurement,21,Bachelors,m,sourcing,1,29,3.0,4,1,0,70
Operations,2,Bachelors,f,other,1,31,3.0,3,1,0,59
Operations,34,Bachelors,m,sourcing,1,40,3.0,5,0,0,56
Operations,22,Bachelors,m,sourcing,1,34,5.0,9,0,0,81
Finance,15,Bachelors,m,other,1,31,3.0,4,0,0,57
Operations,22,Bachelors,f,sourcing,1,44,5.0,3,1,0,58
Procurement,7,Bachelors,f,sourcing,1,33,3.0,6,0,0,67
Sales & Marketing,24,Bachelors,m,sourcing,1,29,3.0,2,0,0,51
Operations,4,Masters & above,f,sourcing,1,33,5.0,6,1,1,93
Operations,22,Bachelors,f,other,1,33,5.0,9,1,0,57
Operations,2,Bachelors,f,sourcing,1,59,3.0,12,0,0,60
Operations,2,Masters & above,m,other,1,40,4.0,7,1,0,58
Technology,7,Bachelors,m,sourcing,2,32,4.0,5,0,0,78
Sales & Marketing,7,Bachelors,m,other,1,28,5.0,4,0,1,63
Operations,2,Bachelors,m,sourcing,1,48,3.0,7,1,0,62
Operations,19,Bachelors,m,other,1,32,4.0,7,1,0,54
Sales & Marketing,23,Bachelors,m,sourcing,2,30,4.0,7,0,0,51
Operations,21,Bachelors,m,other,1,33,4.0,9,0,0,60
Finance,22,Bachelors,f,sourcing,1,28,3.0,3,0,0,57
Sales & Marketing,16,Masters & above,m,sourcing,1,37,4.0,4,0,0,54
Sales & Marketing,2,Bachelors,m,other,1,32,4.0,4,1,0,51
Sales & Marketing,2,Bachelors,f,other,1,31,1.0,3,1,0,48
Sales & Marketing,2,Bachelors,m,other,2,40,4.0,10,1,0,52
Analytics,26,Bachelors,m,other,2,30,3.0,9,0,0,85
Sales & Marketing,32,Bachelors,f,other,1,32,5.0,5,1,0,49
Procurement,27,Masters & above,f,sourcing,1,34,4.0,7,0,0,74
Procurement,11,Masters & above,m,sourcing,1,50,3.0,18,0,0,71
Analytics,7,Bachelors,m,sourcing,1,29,3.0,2,0,0,84
Sales & Marketing,16,Bachelors,m,sourcing,2,32,1.0,3,0,0,53
Operations,27,Bachelors,f,other,1,34,3.0,3,1,0,64
Finance,13,Bachelors,m,other,2,29,3.0,2,0,0,59
Procurement,16,Bachelors,f,sourcing,1,26,3.0,3,0,0,72
Operations,15,Bachelors,f,other,1,32,3.0,7,1,0,60
Technology,2,Masters & above,f,sourcing,1,32,1.0,5,0,0,78
Procurement,27,Bachelors,m,other,1,43,5.0,4,0,1,81
Analytics,22,Masters & above,m,other,2,41,3.0,2,1,1,84
HR,2,Bachelors,m,sourcing,1,27,1.0,2,0,0,48
R&D,2,Bachelors,m,other,1,27,5.0,2,0,0,79
Technology,7,Bachelors,f,other,1,29,1.0,5,0,0,79
Technology,2,Bachelors,m,sourcing,1,60,2.0,5,0,0,81
Sales & Marketing,5,Bachelors,m,other,2,28,3.0,5,0,0,51
Operations,22,Bachelors,f,sourcing,1,26,1.0,3,0,0,55
Technology,13,Bachelors,f,sourcing,1,29,3.0,7,0,0,75
Sales & Marketing,7,Bachelors,m,other,1,24,4.0,2,0,0,50
Procurement,26,Bachelors,f,other,2,49,5.0,22,1,0,71
HR,2,Bachelors,f,sourcing,1,37,5.0,9,0,0,60
Procurement,2,Masters & above,m,sourcing,1,45,5.0,3,1,0,74
Procurement,7,Masters & above,f,other,2,35,3.0,9,1,0,67
Sales & Marketing,13,Bachelors,m,sourcing,2,29,1.0,2,0,0,45
HR,25,Masters & above,m,sourcing,1,49,4.0,8,0,0,51
Sales & Marketing,25,Bachelors,m,other,2,29,5.0,5,1,0,52
Analytics,30,Bachelors,m,other,2,30,2.0,3,1,0,81
Sales & Marketing,2,Bachelors,m,other,3,31,3.0,5,0,0,45
Sales & Marketing,25,Bachelors,m,other,1,33,5.0,10,0,0,58
Sales & Marketing,2,Bachelors,m,other,2,27,5.0,3,1,0,50
Procurement,13,Bachelors,f,sourcing,1,33,2.0,4,0,0,75
Technology,16,Bachelors,f,other,1,27,4.0,4,0,0,81
Finance,27,Bachelors,m,sourcing,1,24,3.0,3,0,0,66
Procurement,13,Masters & above,f,other,1,32,3.0,5,1,0,67
Operations,7,Masters & above,f,sourcing,1,35,3.0,7,0,0,59
Operations,19,Masters & above,m,sourcing,1,34,3.0,9,0,0,60
Analytics,26,Bachelors,f,other,1,30,4.0,6,1,0,84
Sales & Marketing,15,Bachelors,m,other,1,45,3.0,14,0,0,51
Technology,13,Bachelors,f,other,1,34,3.0,2,0,0,72
Sales & Marketing,2,Bachelors,m,other,1,27,1.0,3,0,0,45
Technology,2,Bachelors,m,other,1,28,1.0,4,0,0,76
Operations,22,Bachelors,m,other,1,34,3.0,7,0,0,59
Technology,34,Bachelors,m,other,1,30,4.0,4,1,0,81
Sales & Marketing,17,Bachelors,m,sourcing,2,37,3.0,7,0,0,49
Procurement,15,Bachelors,f,sourcing,1,36,3.0,2,0,0,69
Sales & Marketing,16,Bachelors,f,sourcing,1,32,1.0,3,0,0,50
Sales & Marketing,4,Masters & above,f,sourcing,1,32,3.0,6,0,0,49
Sales & Marketing,7,Bachelors,m,other,1,30,5.0,7,1,0,49
Analytics,20,Bachelors,m,sourcing,2,30,4.0,3,0,0,80
Operations,2,Masters & above,f,other,1,36,5.0,8,1,0,62
Finance,7,Masters & above,m,sourcing,2,33,3.0,2,1,0,94
Procurement,2,Bachelors,f,other,1,41,3.0,13,0,0,71
Analytics,31,Bachelors,f,sourcing,1,30,3.0,6,0,0,87
Technology,17,Masters & above,f,sourcing,1,41,1.0,14,0,0,80
Operations,8,Bachelors,f,sourcing,1,33,3.0,10,0,0,65
Procurement,22,Bachelors,m,referred,2,27,5.0,3,1,0,71
Analytics,22,Bachelors,m,other,2,30,2.0,7,1,0,96
Procurement,2,Masters & above,m,other,1,50,5.0,7,0,1,98
Finance,32,Bachelors,m,other,1,29,1.0,2,0,0,61
Technology,13,Masters & above,f,other,1,59,3.0,4,0,0,79
Operations,20,Bachelors,m,sourcing,1,31,2.0,3,0,0,56
Procurement,2,Masters & above,m,sourcing,1,42,4.0,4,0,0,69
HR,22,Bachelors,m,other,1,27,1.0,3,0,0,52
Operations,11,Bachelors,f,sourcing,1,35,5.0,2,0,0,57
Operations,32,Bachelors,m,other,1,27,4.0,4,0,0,61
Analytics,2,Masters & above,m,sourcing,1,52,4.0,11,0,0,82
Procurement,31,Masters & above,m,sourcing,1,39,3.0,10,0,0,68
Technology,7,Bachelors,m,sourcing,1,28,1.0,2,0,0,80
Operations,2,Masters & above,f,sourcing,1,51,4.0,19,0,0,60
Procurement,26,Masters & above,m,sourcing,1,34,5.0,10,1,0,69
Technology,28,Masters & above,f,sourcing,1,36,3.0,5,0,0,82
Technology,24,Bachelors,f,sourcing,1,28,3.0,3,1,0,78
Procurement,2,Bachelors,m,other,1,49,3.0,16,1,0,69
Operations,15,Bachelors,m,other,1,46,2.0,8,0,0,62
Finance,31,Bachelors,m,other,2,34,5.0,8,0,0,64
Technology,25,Masters & above,m,other,1,34,3.0,3,0,0,76
Operations,27,Bachelors,f,other,1,42,5.0,5,1,0,63
Operations,14,Bachelors,m,other,1,30,3.0,8,0,0,54
Technology,22,Bachelors,f,sourcing,1,28,4.0,4,0,0,79
Technology,2,Bachelors,m,sourcing,1,29,4.0,2,0,0,75
Analytics,30,Bachelors,m,other,1,28,1.0,7,0,0,82
Operations,2,Bachelors,m,other,1,59,2.0,6,0,0,60
Operations,22,Masters & above,m,other,1,49,5.0,15,1,0,57
Operations,26,Masters & above,m,other,1,35,3.0,7,0,0,57
Technology,28,Masters & above,m,sourcing,1,31,5.0,3,1,0,80
HR,2,Below Secondary,m,other,1,26,4.0,4,1,0,48
Operations,4,Masters & above,m,other,1,33,4.0,3,0,1,69
Sales & Marketing,23,Masters & above,m,other,1,45,1.0,18,0,0,47
Procurement,2,Masters & above,f,other,1,41,4.0,10,1,0,69
HR,2,Masters & above,f,other,1,34,4.0,3,1,0,52
Operations,26,Bachelors,m,other,1,41,5.0,10,1,0,61
Procurement,13,Bachelors,m,other,1,30,3.0,4,0,0,74
Operations,3,Bachelors,m,other,1,27,3.0,3,0,0,62
Sales & Marketing,22,Bachelors,m,other,2,41,3.0,2,0,0,49
Analytics,29,Bachelors,m,sourcing,1,30,3.0,6,0,0,82
Technology,2,Bachelors,m,other,1,28,4.0,6,1,0,84
Operations,26,Bachelors,f,sourcing,1,36,4.0,8,0,0,62
Operations,22,Masters & above,f,sourcing,1,39,5.0,5,0,0,61
Procurement,13,Bachelors,f,sourcing,1,37,3.0,3,1,0,68
Operations,26,Masters & above,m,sourcing,1,44,2.0,7,1,0,58
Finance,4,Masters & above,f,sourcing,2,33,3.0,9,0,0,58
Procurement,17,Masters & above,f,other,2,39,3.0,3,0,0,67
Operations,9,Bachelors,m,sourcing,1,27,3.0,4,1,0,61
Sales & Marketing,14,Bachelors,f,other,1,37,5.0,3,0,0,52
Sales & Marketing,13,Bachelors,m,other,1,38,2.0,10,0,0,49
Operations,13,Masters & above,m,other,1,32,4.0,3,0,0,62
HR,2,Masters & above,f,sourcing,1,60,5.0,10,1,0,50
Finance,6,Bachelors,f,other,1,25,5.0,2,1,0,62
Analytics,2,Bachelors,m,sourcing,4,34,3.0,8,0,0,81
Sales & Marketing,13,Bachelors,f,other,1,29,1.0,2,1,0,51
Procurement,26,Bachelors,m,other,1,43,3.0,3,0,0,67
Technology,17,Bachelors,m,other,1,32,3.0,4,0,0,80
Operations,16,Bachelors,m,sourcing,1,50,4.0,11,0,0,56
Operations,15,Bachelors,m,other,1,29,3.0,4,0,0,58
Analytics,29,Bachelors,m,sourcing,1,28,5.0,5,1,0,85
Procurement,2,Bachelors,f,sourcing,1,57,1.0,2,0,0,66
Procurement,14,Masters & above,f,other,1,35,3.0,7,1,0,70
Sales & Marketing,12,Bachelors,m,other,1,25,3.0,2,0,0,47
Sales & Marketing,2,Bachelors,m,sourcing,1,41,1.0,12,0,0,49
Operations,14,Masters & above,f,sourcing,1,34,4.0,6,0,0,57
R&D,4,Masters & above,m,other,1,34,5.0,3,0,0,87
Operations,26,Bachelors,f,other,1,33,4.0,4,1,0,58
Technology,22,Bachelors,f,other,1,27,3.0,3,0,0,79
R&D,11,Bachelors,m,sourcing,1,31,5.0,4,1,0,87
Sales & Marketing,22,Masters & above,m,sourcing,1,31,3.0,6,0,0,46
HR,5,Masters & above,m,other,1,37,5.0,4,0,1,64
Technology,2,Masters & above,f,sourcing,1,53,4.0,12,0,0,76
Operations,22,Masters & above,m,other,1,44,3.0,11,0,0,64
Sales & Marketing,20,Bachelors,m,sourcing,1,39,4.0,7,0,0,50
Operations,15,Bachelors,m,other,1,38,1.0,9,1,0,59
Operations,4,Bachelors,m,other,1,52,5.0,4,1,0,60
Analytics,28,Bachelors,m,other,2,31,3.0,5,1,0,78
Sales & Marketing,2,Masters & above,m,referred,1,38,4.0,9,1,0,53
Analytics,15,Bachelors,m,sourcing,2,35,3.0,9,0,0,83
Sales & Marketing,8,Bachelors,m,sourcing,1,31,2.0,5,1,0,50
Sales & Marketing,2,Bachelors,f,sourcing,1,34,4.0,5,0,0,49
Finance,2,Bachelors,m,other,1,51,5.0,13,0,0,59
HR,22,Bachelors,m,other,1,25,1.0,3,0,0,49
Technology,17,Bachelors,f,sourcing,1,29,3.0,2,0,0,76
Analytics,22,Masters & above,f,other,1,30,5.0,4,0,0,81
Analytics,22,Bachelors,m,other,1,33,1.0,7,0,0,84
HR,10,Bachelors,m,sourcing,1,30,4.0,5,1,0,50
Sales & Marketing,5,Bachelors,m,other,2,44,1.0,5,0,0,48
Analytics,31,Bachelors,m,sourcing,2,29,5.0,5,1,0,83
Operations,7,Bachelors,f,sourcing,1,29,4.0,3,0,0,58
Operations,6,Bachelors,m,other,3,31,5.0,5,1,0,59
Operations,15,Bachelors,m,other,3,32,5.0,9,1,0,52
R&D,2,Bachelors,m,sourcing,1,37,5.0,8,0,0,81
Operations,15,Bachelors,m,other,1,31,3.0,3,0,0,60
Sales & Marketing,13,Masters & above,m,sourcing,1,41,3.0,13,0,0,53
HR,27,Bachelors,m,sourcing,1,25,5.0,2,1,0,47
Technology,7,Bachelors,m,sourcing,2,32,2.0,5,0,0,75
Operations,22,Bachelors,m,other,1,27,4.0,3,1,0,56
Sales & Marketing,13,Masters & above,m,other,1,38,5.0,14,0,0,50
Technology,10,Masters & above,m,sourcing,1,46,4.0,14,1,0,80
Procurement,2,Bachelors,m,other,2,28,4.0,2,0,0,69
Procurement,13,Bachelors,m,other,2,32,3.0,6,0,0,69
Procurement,7,Bachelors,f,other,2,53,3.0,20,0,0,72
Procurement,14,Bachelors,f,sourcing,1,34,4.0,9,0,0,69
Procurement,17,Masters & above,f,other,1,35,4.0,3,1,1,69
Sales & Marketing,7,Masters & above,m,other,1,41,2.0,6,0,0,46
Legal,2,Bachelors,m,other,1,45,3.0,12,1,0,56
Technology,2,Bachelors,m,other,1,39,1.0,3,0,0,76
Operations,22,Masters & above,f,other,1,30,4.0,5,1,0,64
Operations,15,Bachelors,f,other,1,34,5.0,9,1,0,61
Sales & Marketing,2,Bachelors,m,other,1,47,4.0,7,1,1,51
Procurement,14,Bachelors,f,other,1,32,5.0,4,1,0,67
Technology,5,Bachelors,f,other,1,38,5.0,5,1,0,79
Technology,2,Masters & above,f,other,1,41,3.0,10,0,0,75
Procurement,8,Bachelors,f,other,1,31,4.0,4,0,0,70
Analytics,24,Bachelors,m,sourcing,2,29,4.0,2,0,0,84
Procurement,2,Masters & above,m,other,2,43,1.0,15,0,0,72
Finance,7,Bachelors,m,sourcing,1,31,3.0,3,0,0,58
Sales & Marketing,28,Masters & above,m,other,2,32,1.0,2,0,0,46
Operations,26,Bachelors,m,other,1,32,4.0,2,0,0,60
Sales & Marketing,13,Masters & above,m,sourcing,1,31,2.0,7,1,0,50
Procurement,2,Bachelors,m,other,1,50,4.0,5,0,0,72
Sales & Marketing,1,Bachelors,m,sourcing,1,30,4.0,5,0,0,51
Technology,24,Bachelors,m,sourcing,1,33,3.0,10,0,0,84
HR,27,Bachelors,f,other,1,30,3.0,5,0,0,52
Procurement,19,Bachelors,m,other,1,38,2.0,10,0,0,69
Analytics,4,Masters & above,m,sourcing,1,44,3.0,7,0,0,83
Procurement,2,Masters & above,m,other,1,55,2.0,4,0,0,65
R&D,13,Bachelors,m,other,1,30,5.0,5,1,0,83
Sales & Marketing,19,Bachelors,m,other,2,32,3.0,5,1,0,52
Technology,2,Masters & above,m,other,4,59,4.0,18,0,0,79
Technology,26,Bachelors,f,other,1,26,1.0,4,0,0,82
Operations,19,Bachelors,f,sourcing,1,43,5.0,12,0,0,60
Analytics,28,Masters & above,m,sourcing,2,37,5.0,2,1,0,81
Sales & Marketing,25,Bachelors,m,other,1,39,1.0,4,0,0,50
HR,17,Bachelors,f,sourcing,1,34,5.0,9,1,0,48
Sales & Marketing,13,Bachelors,m,sourcing,1,45,3.0,14,0,0,46
Technology,16,Bachelors,m,sourcing,2,39,5.0,8,0,0,77
Sales & Marketing,19,Bachelors,m,sourcing,1,36,1.0,2,0,0,48
Technology,7,Bachelors,m,sourcing,1,55,3.0,28,0,0,83
Sales & Marketing,1,Bachelors,m,other,2,30,4.0,5,0,0,49
Procurement,2,Bachelors,m,sourcing,1,55,2.0,5,0,0,86
Procurement,7,Masters & above,m,sourcing,2,39,2.0,11,0,0,73
Operations,15,Masters & above,m,referred,2,34,5.0,7,1,0,57
Legal,23,Bachelors,m,sourcing,1,32,3.0,2,0,0,58
Technology,2,Bachelors,m,other,2,54,3.0,27,0,0,78
Sales & Marketing,2,Masters & above,m,other,1,36,3.0,7,0,0,48
Analytics,2,Bachelors,m,sourcing,1,39,3.0,4,0,0,88
Procurement,17,Bachelors,f,other,1,36,2.0,10,0,0,67
Technology,7,Masters & above,m,other,1,52,4.0,3,1,0,81
Analytics,29,Bachelors,m,other,1,26,4.0,4,1,1,87
Operations,7,Bachelors,m,other,1,26,3.0,2,1,0,60
Analytics,2,Masters & above,m,sourcing,2,45,5.0,3,1,0,85
Analytics,7,Masters & above,m,other,3,44,3.0,10,0,0,86
Procurement,5,Masters & above,m,sourcing,1,35,3.0,6,0,0,70
HR,31,Masters & above,m,sourcing,1,39,3.0,3,0,0,53
Sales & Marketing,2,Bachelors,m,referred,1,30,3.0,5,1,0,50
Technology,7,Bachelors,m,sourcing,1,38,2.0,9,0,0,81
Operations,7,Bachelors,m,sourcing,1,30,5.0,5,1,0,62
Sales & Marketing,27,Bachelors,f,other,1,30,3.0,5,0,0,47
Procurement,13,Bachelors,f,other,1,32,4.0,3,1,0,72
Technology,26,Masters & above,f,other,1,32,4.0,9,0,0,83
Analytics,25,Masters & above,m,sourcing,1,38,4.0,5,0,0,84
Technology,2,Bachelors,m,referred,2,29,4.0,5,0,0,79
Analytics,2,Bachelors,m,sourcing,2,32,4.0,6,1,0,85
Sales & Marketing,7,Masters & above,m,sourcing,1,33,2.0,6,0,0,50
Procurement,8,Bachelors,m,other,1,32,3.0,6,1,0,69
Operations,2,Masters & above,m,other,1,60,1.0,16,0,0,60
Finance,31,Bachelors,f,other,2,31,5.0,6,1,0,64
Operations,28,Masters & above,m,other,1,32,3.0,6,1,0,63
Technology,14,Masters & above,m,other,1,33,3.0,3,0,0,78
Sales & Marketing,31,Bachelors,f,sourcing,1,34,3.0,6,0,0,48
Procurement,27,Masters & above,f,sourcing,1,38,5.0,8,1,0,68
Analytics,7,Bachelors,m,sourcing,1,36,4.0,8,1,0,81
Sales & Marketing,1,Masters & above,m,other,1,44,3.0,5,1,0,47
Technology,29,Bachelors,m,other,1,38,4.0,7,0,0,80
Sales & Marketing,7,Bachelors,f,sourcing,2,27,4.0,5,1,0,49
Sales & Marketing,16,Masters & above,f,sourcing,1,34,1.0,10,0,0,52
R&D,22,Bachelors,m,other,1,32,3.0,5,0,0,87
Operations,19,Masters & above,m,other,1,39,4.0,5,0,0,61
Procurement,22,Bachelors,m,other,3,28,1.0,2,0,0,68
Analytics,34,Bachelors,m,sourcing,1,33,4.0,3,0,0,83
Operations,16,Bachelors,m,sourcing,2,50,5.0,20,1,0,59
Sales & Marketing,25,Bachelors,m,other,1,34,3.0,6,0,0,54
Operations,26,Bachelors,m,other,1,31,5.0,4,0,0,56
Operations,15,Masters & above,f,other,1,38,3.0,9,0,0,60
Sales & Marketing,34,Bachelors,m,sourcing,1,32,3.0,5,1,1,53
Analytics,2,Masters & above,m,sourcing,1,43,4.0,10,0,0,86
Sales & Marketing,22,Bachelors,m,other,1,29,5.0,7,1,0,49
Technology,17,Bachelors,f,sourcing,1,29,4.0,4,0,0,83
Procurement,22,Masters & above,m,sourcing,1,33,4.0,4,1,0,68
Analytics,28,Bachelors,m,sourcing,1,31,5.0,7,1,0,89
Sales & Marketing,7,Masters & above,m,referred,1,36,5.0,5,1,0,48
Sales & Marketing,22,Bachelors,m,sourcing,1,45,3.0,18,0,0,48
Analytics,29,Bachelors,m,other,2,30,4.0,9,1,0,79
Operations,20,Bachelors,f,other,1,29,5.0,3,1,0,61
Sales & Marketing,11,Bachelors,m,sourcing,1,53,5.0,16,0,0,46
Operations,20,Bachelors,f,sourcing,1,38,5.0,10,1,0,54
Legal,31,Bachelors,m,sourcing,1,31,3.0,2,1,0,58
Sales & Marketing,2,Bachelors,f,other,1,48,1.0,2,1,0,49
Procurement,22,Masters & above,f,sourcing,1,30,3.0,6,0,0,75
HR,25,Masters & above,f,other,1,36,4.0,8,1,0,53
Procurement,2,Masters & above,m,other,1,46,4.0,18,0,0,70
Procurement,22,Bachelors,m,referred,1,30,2.0,7,1,0,72
Technology,2,Bachelors,f,other,1,30,4.0,4,1,1,76
Technology,26,Bachelors,f,other,1,35,1.0,4,0,0,78
Procurement,2,Masters & above,f,other,1,31,4.0,10,1,0,71
Technology,2,Bachelors,m,other,1,48,4.0,20,1,0,82
Sales & Marketing,2,Bachelors,m,referred,1,30,5.0,5,1,0,51
Technology,15,Bachelors,m,sourcing,1,37,3.0,10,0,0,79
Sales & Marketing,9,Bachelors,m,sourcing,1,33,3.0,9,0,0,46
Finance,7,Masters & above,m,sourcing,3,34,4.0,7,0,0,61
Sales & Marketing,22,Bachelors,m,other,1,32,3.0,8,0,0,47
Sales & Marketing,9,Bachelors,m,other,3,27,1.0,2,0,0,49
Sales & Marketing,34,Bachelors,m,other,1,26,3.0,3,0,0,52
Technology,2,Bachelors,m,other,1,60,2.0,8,0,0,76
Operations,16,Bachelors,f,sourcing,1,33,5.0,9,0,0,61
Operations,7,Masters & above,m,sourcing,1,41,5.0,15,0,0,60
Analytics,22,Bachelors,m,sourcing,1,32,3.0,6,1,0,80
Procurement,8,Bachelors,m,other,1,38,3.0,10,1,0,68
Sales & Marketing,22,Bachelors,f,sourcing,1,33,1.0,6,1,0,53
Sales & Marketing,7,Masters & above,m,sourcing,2,37,5.0,7,0,0,49
Operations,4,Masters & above,m,sourcing,1,30,5.0,5,1,0,61
Sales & Marketing,34,Bachelors,m,other,1,29,1.0,3,0,0,47
Sales & Marketing,30,Bachelors,m,other,1,47,3.0,20,0,0,53
Technology,22,Bachelors,m,sourcing,2,28,4.0,2,1,0,80
Sales & Marketing,12,Masters & above,m,sourcing,1,35,3.0,6,0,0,49
Procurement,2,Bachelors,f,other,1,40,1.0,14,0,0,69
Sales & Marketing,9,Masters & above,m,sourcing,2,30,3.0,2,0,0,52
Sales & Marketing,24,Bachelors,m,sourcing,1,31,3.0,3,0,0,56
Procurement,26,Bachelors,f,sourcing,1,39,4.0,10,0,0,70
Analytics,2,Bachelors,m,other,1,36,5.0,9,0,0,85
Operations,15,Masters & above,m,other,1,44,3.0,4,0,0,60
Technology,7,Masters & above,m,other,1,38,5.0,9,0,0,90
Procurement,17,Masters & above,m,other,2,44,1.0,3,0,0,74
HR,2,Masters & above,f,other,1,44,3.0,5,0,0,51
Sales & Marketing,2,Bachelors,m,sourcing,2,47,3.0,2,1,0,51
HR,28,Masters & above,f,sourcing,1,30,5.0,5,0,0,59
Operations,2,Bachelors,f,other,1,30,2.0,6,1,0,56
Procurement,30,Bachelors,m,other,1,29,2.0,4,0,0,68
Sales & Marketing,25,Masters & above,f,sourcing,1,36,5.0,3,1,0,50
Analytics,22,Bachelors,m,other,2,29,1.0,3,1,0,88
Analytics,23,Bachelors,m,sourcing,1,34,4.0,3,1,0,84
Procurement,2,Bachelors,m,other,2,36,2.0,8,0,0,66
Sales & Marketing,7,Bachelors,m,sourcing,1,31,3.0,2,1,0,45
Sales & Marketing,17,Bachelors,m,sourcing,2,31,4.0,6,0,0,52
Technology,2,Bachelors,m,sourcing,1,46,4.0,6,0,0,81
Sales & Marketing,1,Masters & above,m,sourcing,1,39,1.0,4,0,0,49
Operations,27,Masters & above,f,sourcing,1,35,4.0,7,0,0,63
Analytics,15,Masters & above,m,other,3,31,3.0,3,1,0,87
Sales & Marketing,20,Masters & above,m,sourcing,1,31,3.0,7,0,0,52
Operations,2,Masters & above,m,other,1,59,5.0,7,1,0,64
Sales & Marketing,2,Bachelors,m,other,3,30,1.0,5,0,0,48
Procurement,2,Masters & above,m,sourcing,2,45,1.0,12,0,0,69
HR,13,Bachelors,m,other,1,30,5.0,4,1,0,54
Sales & Marketing,6,Bachelors,f,other,1,30,1.0,6,0,0,45
Operations,26,Bachelors,f,other,1,34,5.0,6,0,0,61
Operations,22,Below Secondary,f,other,1,26,5.0,5,1,0,59
Sales & Marketing,31,Bachelors,m,other,2,38,4.0,11,0,0,53
Sales & Marketing,27,Bachelors,m,sourcing,2,28,3.0,2,0,0,46
Sales & Marketing,9,Masters & above,f,sourcing,1,28,1.0,4,0,1,45
Operations,7,Masters & above,m,other,1,35,4.0,3,1,0,58
Operations,30,Bachelors,m,other,1,30,1.0,3,0,0,57
Legal,2,Bachelors,m,sourcing,1,55,1.0,14,0,0,59
Procurement,8,Masters & above,m,other,1,32,1.0,7,0,0,74
Operations,2,Bachelors,m,sourcing,1,34,3.0,7,0,0,59
Operations,2,Masters & above,f,sourcing,2,35,4.0,6,0,0,65
Sales & Marketing,31,Bachelors,m,sourcing,1,33,1.0,3,0,0,50
Technology,33,Bachelors,m,other,1,46,3.0,16,0,0,76
Operations,15,Bachelors,f,sourcing,1,39,3.0,8,1,1,97
Technology,2,Masters & above,m,other,1,35,4.0,4,1,0,77
Sales & Marketing,7,Masters & above,f,sourcing,1,43,3.0,15,0,0,47
Technology,2,Bachelors,m,other,1,38,2.0,12,0,0,79
Operations,6,Bachelors,f,sourcing,1,33,4.0,7,0,0,57
Sales & Marketing,34,Bachelors,m,sourcing,1,30,3.0,5,0,0,49
Sales & Marketing,13,Masters & above,m,other,1,39,4.0,14,0,0,53
Operations,15,Bachelors,f,other,1,33,5.0,9,1,0,97
Operations,13,Bachelors,m,sourcing,1,30,5.0,2,1,0,61
Sales & Marketing,13,Bachelors,m,other,1,42,1.0,5,0,0,53
Analytics,28,Masters & above,m,other,1,32,3.0,2,1,0,81
HR,13,Bachelors,f,other,1,25,1.0,2,0,0,52
Technology,13,Bachelors,f,sourcing,1,27,2.0,2,0,0,84
Sales & Marketing,1,Bachelors,m,other,1,29,5.0,6,1,0,49
HR,2,Bachelors,f,sourcing,1,52,3.0,18,0,0,49
Analytics,22,Masters & above,m,other,1,32,2.0,6,0,0,91
Sales & Marketing,31,Bachelors,m,other,2,32,1.0,4,0,0,48
Technology,27,Below Secondary,m,sourcing,1,25,3.0,4,1,0,79
Procurement,4,Masters & above,m,sourcing,1,34,4.0,3,0,0,63
Procurement,2,Masters & above,m,sourcing,2,34,5.0,2,1,0,68
Operations,2,Bachelors,f,sourcing,1,38,3.0,13,1,0,51
Operations,2,Masters & above,m,sourcing,2,53,4.0,7,1,0,58
Procurement,2,Bachelors,f,other,1,26,3.0,4,0,0,72
Sales & Marketing,2,Bachelors,f,sourcing,2,28,4.0,7,0,0,54
Sales & Marketing,2,Bachelors,m,other,1,30,4.0,4,1,0,52
Procurement,2,Bachelors,f,other,1,55,3.0,5,0,0,72
Technology,26,Bachelors,m,other,2,34,4.0,3,1,0,80
Operations,26,Bachelors,f,sourcing,1,31,5.0,7,1,0,56
Sales & Marketing,7,Masters & above,f,other,1,39,5.0,7,1,0,47
Sales & Marketing,7,Masters & above,m,other,1,53,3.0,6,0,0,99
Sales & Marketing,2,Bachelors,m,other,1,54,3.0,4,1,0,54
Finance,2,Bachelors,f,other,2,27,3.0,3,0,0,62
Operations,2,Below Secondary,f,sourcing,1,23,3.0,2,1,0,60
Sales & Marketing,28,Masters & above,m,sourcing,1,37,2.0,10,0,0,55
HR,22,Masters & above,m,other,1,40,3.0,11,0,0,50
Analytics,7,Bachelors,m,sourcing,1,30,5.0,5,1,0,83
Sales & Marketing,7,Masters & above,m,sourcing,1,53,1.0,19,0,0,48
Technology,10,Masters & above,m,other,2,32,3.0,4,1,1,77
Operations,28,Bachelors,m,other,1,31,5.0,5,0,0,59
Finance,26,Bachelors,m,other,1,38,3.0,4,0,0,59
Technology,2,Masters & above,m,sourcing,1,38,4.0,3,0,0,80
Sales & Marketing,11,Bachelors,m,other,2,31,1.0,4,0,0,49
Operations,2,Bachelors,f,other,1,26,5.0,2,0,0,57
Finance,13,Bachelors,m,sourcing,1,31,3.0,8,0,0,56
Technology,24,Masters & above,f,other,1,36,4.0,3,0,0,75
Operations,11,Bachelors,m,sourcing,1,31,5.0,3,1,0,58
Procurement,13,Masters & above,m,sourcing,1,32,3.0,6,0,0,70
Technology,25,Masters & above,f,other,1,33,4.0,3,1,1,79
Procurement,23,Masters & above,f,sourcing,1,37,4.0,4,1,0,71
Procurement,4,Masters & above,m,other,1,41,5.0,9,1,0,71
Sales & Marketing,31,Bachelors,m,sourcing,2,26,3.0,3,0,0,45
Analytics,26,Bachelors,m,other,2,33,3.0,6,0,0,84
Sales & Marketing,2,Bachelors,f,sourcing,1,53,4.0,13,0,0,45
Technology,2,Masters & above,f,other,1,55,1.0,17,0,0,77
Procurement,22,Bachelors,m,sourcing,1,32,2.0,6,1,0,70
Operations,8,Bachelors,f,other,1,32,2.0,7,0,0,57
Procurement,2,Masters & above,f,referred,1,37,3.0,7,1,0,69
Operations,15,Bachelors,f,sourcing,1,36,2.0,10,0,0,62
Sales & Marketing,25,Bachelors,f,other,1,28,3.0,2,1,0,87
Technology,2,Bachelors,m,sourcing,1,26,2.0,2,0,0,79
Technology,2,Masters & above,m,other,1,44,3.0,13,0,0,80
Sales & Marketing,26,Bachelors,m,other,4,35,3.0,6,0,0,51
Sales & Marketing,30,Bachelors,f,other,1,34,2.0,5,0,0,45
HR,26,Bachelors,f,other,1,29,2.0,5,0,0,50
Operations,31,Bachelors,f,other,1,31,3.0,4,0,0,62
HR,32,Bachelors,f,other,1,30,3.0,6,1,0,54
Procurement,22,Bachelors,m,other,7,31,3.0,4,0,0,69
Procurement,2,Masters & above,f,sourcing,1,50,4.0,15,0,0,70
Analytics,2,Masters & above,m,other,1,53,3.0,17,1,0,81
Finance,19,Bachelors,m,sourcing,2,31,4.0,8,0,0,60
Operations,2,Masters & above,f,sourcing,1,43,5.0,15,0,0,67
Analytics,7,Bachelors,m,other,1,41,5.0,11,1,0,84
Operations,2,Below Secondary,f,sourcing,1,26,4.0,3,0,0,60
Operations,15,Bachelors,m,sourcing,2,32,3.0,5,0,0,60
Analytics,13,Bachelors,m,other,2,32,3.0,5,1,0,77
Operations,16,Bachelors,f,other,1,33,3.0,5,0,0,59
Sales & Marketing,13,Masters & above,m,sourcing,1,42,5.0,5,0,0,46
Procurement,26,Bachelors,f,sourcing,2,26,3.0,4,0,0,71
Technology,14,Masters & above,m,sourcing,1,44,3.0,6,1,0,81
Finance,13,Bachelors,m,sourcing,1,31,1.0,3,0,0,69
Sales & Marketing,6,Bachelors,f,other,1,39,4.0,2,1,0,52
Operations,7,Bachelors,m,other,2,42,4.0,6,0,0,58
Analytics,22,Bachelors,m,other,1,27,2.0,3,1,0,84
Finance,19,Bachelors,m,sourcing,1,34,5.0,12,0,0,59
Operations,2,Bachelors,f,sourcing,1,39,3.0,6,0,0,62
Analytics,21,Bachelors,m,other,1,32,3.0,4,0,0,86
Sales & Marketing,13,Bachelors,f,sourcing,1,36,5.0,7,1,0,51
Finance,2,Bachelors,m,other,1,35,5.0,7,1,0,58
Sales & Marketing,1,Masters & above,m,other,1,44,5.0,5,0,0,54
Operations,7,Bachelors,m,other,1,55,5.0,7,1,0,59
Analytics,2,Bachelors,m,sourcing,1,31,5.0,5,0,0,81
Procurement,27,Bachelors,m,sourcing,1,31,5.0,7,1,0,71
Sales & Marketing,28,Bachelors,m,sourcing,2,36,1.0,3,0,0,49
Sales & Marketing,7,Bachelors,m,sourcing,1,43,5.0,3,0,0,54
Operations,7,Bachelors,m,other,1,37,5.0,9,0,0,57
Sales & Marketing,20,Bachelors,m,other,1,34,4.0,10,1,0,65
Finance,7,Bachelors,m,sourcing,1,32,5.0,5,0,0,60
Operations,12,Bachelors,m,sourcing,1,30,3.0,2,0,0,60
Analytics,22,Bachelors,m,other,4,25,4.0,3,0,0,82
Technology,29,Bachelors,m,sourcing,1,25,4.0,2,1,0,80
Operations,4,Bachelors,f,other,1,40,3.0,7,1,0,56
Sales & Marketing,22,Bachelors,f,other,2,36,3.0,4,1,0,49
Sales & Marketing,27,Bachelors,m,other,2,24,4.0,2,0,0,47
Analytics,3,Bachelors,m,sourcing,1,30,1.0,5,0,0,87
Procurement,2,Bachelors,f,referred,1,33,5.0,6,1,0,70
Technology,2,Masters & above,f,sourcing,1,58,3.0,2,0,0,83
Sales & Marketing,22,Bachelors,m,other,4,27,5.0,3,0,0,48
Sales & Marketing,1,Masters & above,m,sourcing,2,30,3.0,3,1,0,45
Procurement,2,Masters & above,m,other,1,51,5.0,9,0,0,75
Sales & Marketing,23,Bachelors,m,other,1,34,5.0,3,0,0,48
Sales & Marketing,32,Bachelors,m,sourcing,1,27,5.0,2,1,0,50
Sales & Marketing,22,Bachelors,m,other,4,25,4.0,3,0,0,48
Sales & Marketing,6,Bachelors,m,other,1,27,2.0,2,0,0,52
Operations,26,Bachelors,m,sourcing,1,28,1.0,4,0,0,63
Finance,26,Bachelors,f,other,1,25,3.0,2,0,0,58
HR,7,Masters & above,m,other,1,42,3.0,6,0,0,46
Operations,26,Bachelors,m,other,1,41,4.0,8,0,0,60
Operations,29,Bachelors,m,other,1,27,3.0,4,0,0,55
Sales & Marketing,10,Masters & above,m,other,2,37,1.0,6,0,0,52
Technology,7,Bachelors,m,other,1,40,1.0,9,0,0,81
Operations,4,Bachelors,m,other,1,34,4.0,9,0,0,57
Operations,2,Bachelors,f,other,1,57,5.0,18,1,0,59
Technology,25,Bachelors,f,sourcing,2,30,1.0,2,0,0,79
HR,2,Bachelors,f,sourcing,1,31,2.0,3,0,0,45
Procurement,22,Bachelors,m,other,2,37,3.0,5,0,0,69
Technology,2,Bachelors,m,other,3,31,2.0,3,1,0,78
Analytics,7,Masters & above,m,other,2,32,3.0,6,0,0,81
Procurement,2,Bachelors,m,sourcing,1,40,3.0,12,0,0,68
Operations,2,Bachelors,m,sourcing,1,31,2.0,3,0,0,59
Procurement,22,Masters & above,m,sourcing,1,46,3.0,18,0,0,70
Procurement,28,Masters & above,f,sourcing,3,33,3.0,4,0,0,69
Operations,16,Bachelors,f,sourcing,1,33,3.0,5,0,0,57
Operations,15,Bachelors,m,other,1,47,3.0,19,0,0,60
Procurement,23,Bachelors,m,sourcing,1,33,2.0,9,0,0,71
Technology,5,Bachelors,m,sourcing,1,42,2.0,11,0,0,80
Sales & Marketing,4,Bachelors,m,other,1,35,2.0,5,1,0,52
Analytics,22,Masters & above,m,other,1,39,5.0,5,1,0,88
Procurement,2,Bachelors,m,other,1,28,4.0,5,0,0,68
Sales & Marketing,7,Bachelors,m,sourcing,1,36,5.0,5,1,0,50
Technology,13,Bachelors,m,sourcing,1,38,5.0,9,1,0,77
Procurement,2,Bachelors,m,other,1,37,5.0,10,1,0,68
Operations,8,Bachelors,m,sourcing,1,31,5.0,5,0,0,63
Legal,13,Bachelors,m,sourcing,1,33,3.0,6,0,0,59
Procurement,15,Masters & above,m,other,1,41,4.0,2,1,0,78
R&D,2,Bachelors,m,sourcing,1,43,4.0,3,1,0,87
Sales & Marketing,5,Masters & above,m,other,1,36,1.0,4,0,0,49
Technology,2,Masters & above,m,other,2,30,4.0,5,0,0,79
Sales & Marketing,2,Bachelors,m,other,1,36,2.0,7,1,0,47
Operations,15,Bachelors,m,other,2,32,4.0,3,1,0,60
Sales & Marketing,33,Masters & above,m,other,2,39,3.0,3,0,0,48
Sales & Marketing,7,Bachelors,m,other,2,34,1.0,3,0,0,52
Operations,22,Below Secondary,f,other,1,24,5.0,2,0,0,60
Procurement,19,Bachelors,m,other,1,39,4.0,3,1,0,70
Operations,23,Masters & above,m,other,3,39,3.0,7,0,0,62
Legal,2,Bachelors,m,sourcing,1,59,4.0,12,0,0,60
Operations,22,Bachelors,f,other,1,26,4.0,3,0,0,59
Sales & Marketing,7,Bachelors,m,sourcing,2,32,5.0,8,0,0,49
Sales & Marketing,3,Bachelors,m,sourcing,1,40,1.0,2,0,0,53
Sales & Marketing,29,Bachelors,m,other,1,34,3.0,5,0,0,53
Operations,28,Bachelors,m,other,1,34,4.0,6,0,0,57
Sales & Marketing,30,Bachelors,m,sourcing,2,38,3.0,10,0,0,51
Procurement,27,Masters & above,m,sourcing,1,43,3.0,12,0,0,74
Technology,2,Bachelors,m,other,2,39,1.0,10,0,0,80
Sales & Marketing,19,Masters & above,m,other,1,37,1.0,3,0,0,48
Sales & Marketing,7,Masters & above,m,sourcing,1,36,5.0,7,1,0,49
Sales & Marketing,4,Bachelors,m,sourcing,3,25,3.0,2,1,0,50
Sales & Marketing,15,Bachelors,m,other,1,30,2.0,7,0,0,56
Legal,15,Bachelors,m,sourcing,1,40,3.0,3,0,0,63
Sales & Marketing,28,Masters & above,f,other,1,34,3.0,3,0,0,49
Operations,26,Bachelors,f,sourcing,1,43,3.0,15,0,0,61
Sales & Marketing,16,Masters & above,m,sourcing,2,33,2.0,5,0,0,50
HR,27,Bachelors,f,sourcing,1,32,3.0,8,1,0,51
R&D,4,Masters & above,m,sourcing,2,33,4.0,8,0,1,87
Analytics,22,Bachelors,m,other,1,43,3.0,18,0,0,82
Sales & Marketing,2,Masters & above,f,sourcing,2,37,1.0,9,0,0,53
Analytics,7,Bachelors,m,sourcing,1,40,3.0,10,1,0,84
Procurement,17,Bachelors,f,sourcing,2,27,3.0,3,0,0,70
Analytics,24,Masters & above,m,other,1,39,2.0,10,0,0,86
Sales & Marketing,28,Bachelors,m,other,2,30,5.0,2,1,0,49
Sales & Marketing,2,Masters & above,f,other,1,44,1.0,14,0,0,50
Analytics,19,Bachelors,m,sourcing,1,36,4.0,8,0,0,83
Analytics,22,Masters & above,m,sourcing,1,35,3.0,8,0,0,85
Analytics,13,Masters & above,f,sourcing,1,32,3.0,3,0,0,87
Sales & Marketing,4,Bachelors,m,sourcing,1,30,5.0,5,0,0,49
Procurement,2,Bachelors,f,sourcing,1,28,3.0,3,0,0,72
Operations,23,Masters & above,m,other,1,41,5.0,4,1,0,55
Analytics,22,Bachelors,m,sourcing,2,30,4.0,2,0,0,82
Technology,12,Bachelors,f,other,1,28,3.0,2,0,0,78
Operations,13,Masters & above,m,sourcing,2,35,5.0,6,1,1,96
Procurement,15,Masters & above,m,other,1,34,4.0,2,1,0,72
HR,7,Masters & above,f,other,1,39,5.0,6,0,0,51
Technology,2,Masters & above,m,other,1,40,1.0,10,0,0,77
Analytics,32,Bachelors,f,sourcing,1,29,5.0,2,0,0,85
Technology,22,Bachelors,m,sourcing,2,30,4.0,6,1,0,78
Operations,27,Bachelors,m,sourcing,1,34,3.0,7,0,0,59
Sales & Marketing,11,Bachelors,m,sourcing,1,40,1.0,5,0,0,51
Operations,16,Masters & above,f,other,1,36,3.0,6,0,0,55
Sales & Marketing,22,Bachelors,f,sourcing,1,28,5.0,3,1,0,49
Operations,22,Masters & above,f,sourcing,1,50,5.0,9,1,0,60
Technology,14,Masters & above,f,sourcing,1,38,4.0,10,0,0,81
Technology,2,Masters & above,f,other,1,56,1.0,12,1,0,83
Operations,2,Bachelors,f,other,2,39,5.0,12,1,0,59
Operations,15,Masters & above,m,other,1,49,3.0,9,0,0,63
R&D,13,Masters & above,m,other,1,34,4.0,5,1,0,86
Operations,19,Bachelors,f,sourcing,1,33,4.0,6,0,0,59
HR,2,Masters & above,m,other,1,58,3.0,15,0,0,55
Sales & Marketing,34,Bachelors,m,sourcing,1,27,3.0,4,0,0,49
Operations,31,Bachelors,m,sourcing,1,32,3.0,5,1,0,62
Procurement,7,Bachelors,m,other,1,33,3.0,10,0,0,68
Operations,22,Bachelors,m,other,1,28,5.0,3,1,0,62
Procurement,14,Bachelors,m,other,1,33,4.0,6,0,0,67
Operations,14,Bachelors,m,other,1,33,3.0,6,1,0,57
Sales & Marketing,19,Bachelors,m,other,1,34,3.0,4,0,0,46
Sales & Marketing,26,Bachelors,m,other,1,46,3.0,3,1,0,50
Operations,15,Bachelors,m,sourcing,1,30,4.0,3,1,0,60
Procurement,8,Masters & above,f,other,1,39,1.0,9,0,0,66
Finance,30,Bachelors,m,sourcing,1,28,3.0,7,1,0,57
Operations,23,Masters & above,f,other,1,38,5.0,10,1,0,62
Sales & Marketing,19,Bachelors,m,other,1,33,4.0,7,0,0,47
Technology,2,Masters & above,f,sourcing,1,33,5.0,10,1,0,83
Technology,2,Below Secondary,m,other,1,25,5.0,2,1,0,83
Operations,12,Bachelors,m,sourcing,1,35,4.0,2,0,0,64
Analytics,26,Bachelors,m,other,1,35,1.0,10,0,0,89
Operations,13,Bachelors,f,other,2,40,3.0,2,1,0,95
Operations,23,Bachelors,f,sourcing,2,32,4.0,8,1,0,56
HR,7,Bachelors,m,other,1,29,3.0,5,1,1,52
Sales & Marketing,22,Bachelors,m,other,1,26,5.0,4,0,0,46
Procurement,2,Bachelors,m,other,2,37,3.0,9,0,0,70
Operations,22,Bachelors,m,other,1,52,3.0,19,0,0,58
Analytics,15,Bachelors,m,other,2,36,4.0,8,1,0,79
Technology,7,Bachelors,m,other,1,32,4.0,3,1,0,83
Sales & Marketing,32,Bachelors,m,other,1,34,5.0,9,0,0,51
Sales & Marketing,20,Masters & above,m,sourcing,2,37,5.0,2,1,0,51
Operations,4,Bachelors,m,sourcing,1,25,3.0,2,1,0,58
Legal,2,Bachelors,m,other,1,26,3.0,2,0,0,57
Finance,26,Bachelors,m,other,1,30,4.0,6,0,0,67
Operations,16,Bachelors,f,sourcing,1,26,5.0,5,1,0,57
Finance,2,Bachelors,m,other,2,53,1.0,16,0,0,54
Procurement,6,Bachelors,m,other,1,35,4.0,8,0,0,70
Sales & Marketing,29,Bachelors,m,other,1,31,2.0,7,0,0,52
Operations,3,Masters & above,m,other,1,36,3.0,4,0,0,57
Sales & Marketing,7,Masters & above,m,sourcing,1,43,5.0,7,1,0,51
Procurement,2,Masters & above,f,other,1,35,4.0,4,0,0,65
Sales & Marketing,2,Bachelors,m,other,1,53,3.0,3,1,0,47
Sales & Marketing,23,Masters & above,m,other,1,44,5.0,10,1,0,49
Operations,19,Masters & above,f,other,1,38,5.0,3,1,0,59
Sales & Marketing,11,Bachelors,m,other,1,33,5.0,4,1,0,50
Operations,15,Masters & above,m,other,1,38,3.0,2,0,0,57
Operations,12,Bachelors,f,sourcing,2,33,3.0,6,1,0,62
Operations,11,Bachelors,f,sourcing,1,32,5.0,8,1,0,60
HR,7,Masters & above,m,other,1,34,5.0,3,1,0,46
Procurement,8,Masters & above,m,sourcing,1,37,3.0,10,0,0,68
Operations,7,Masters & above,f,other,1,44,3.0,10,0,0,58
Procurement,2,Masters & above,f,other,1,50,4.0,17,0,0,67
Sales & Marketing,28,Masters & above,m,sourcing,1,33,4.0,3,1,0,53
Finance,2,Bachelors,f,sourcing,1,33,3.0,5,0,0,55
Technology,2,Bachelors,m,sourcing,2,51,3.0,18,0,0,79
Sales & Marketing,1,Bachelors,m,sourcing,2,37,2.0,7,0,0,47
Sales & Marketing,6,Bachelors,m,sourcing,1,31,3.0,2,0,0,52
Operations,2,Bachelors,f,other,1,47,5.0,18,0,0,58
Operations,2,Bachelors,f,other,1,30,4.0,2,0,0,61
Finance,6,Bachelors,m,sourcing,1,25,2.0,2,0,0,61
Sales & Marketing,13,Bachelors,m,sourcing,1,35,4.0,3,0,0,50
Technology,7,Bachelors,f,other,1,38,4.0,11,0,0,83
Sales & Marketing,2,Bachelors,m,other,1,51,4.0,9,0,0,51
Procurement,17,Bachelors,f,other,1,30,3.0,5,1,0,67
Finance,6,Bachelors,f,other,1,28,5.0,4,1,0,58
Procurement,2,Bachelors,m,sourcing,1,55,1.0,3,1,1,74
Legal,26,Bachelors,m,sourcing,1,30,3.0,2,0,0,64
Legal,5,Bachelors,m,sourcing,1,29,5.0,2,1,0,56
Sales & Marketing,31,Bachelors,m,other,1,34,5.0,9,0,0,52
Sales & Marketing,4,Masters & above,m,other,1,36,3.0,3,1,0,52
Sales & Marketing,7,Bachelors,f,sourcing,1,48,3.0,17,0,0,59
Technology,30,Bachelors,m,sourcing,1,29,4.0,3,1,0,83
Sales & Marketing,5,Bachelors,f,other,1,29,2.0,7,0,0,50
Sales & Marketing,10,Bachelors,m,sourcing,3,28,2.0,6,1,0,45
HR,23,Bachelors,m,other,1,28,3.0,6,0,0,47
R&D,7,Masters & above,m,sourcing,1,37,3.0,6,0,0,87
Sales & Marketing,30,Bachelors,m,other,1,47,3.0,4,0,0,55
Sales & Marketing,22,Masters & above,m,sourcing,1,32,3.0,4,1,0,95
Sales & Marketing,15,Bachelors,m,other,2,29,3.0,3,0,0,48
Legal,15,Bachelors,m,other,1,30,3.0,2,0,0,60
Procurement,10,Masters & above,f,other,1,34,5.0,3,1,0,66
Sales & Marketing,2,Masters & above,m,other,1,41,2.0,7,0,0,50
Operations,2,Below Secondary,f,other,1,25,3.0,2,0,0,55
Sales & Marketing,2,Bachelors,m,sourcing,1,52,1.0,24,0,0,51
Sales & Marketing,22,Bachelors,f,other,1,30,3.0,5,0,0,52
Operations,34,Bachelors,m,sourcing,1,36,5.0,10,0,0,64
Legal,22,Bachelors,m,referred,1,29,3.0,2,0,0,60
Finance,22,Masters & above,f,sourcing,1,34,5.0,8,1,0,62
Sales & Marketing,23,Bachelors,m,other,1,32,4.0,6,1,0,48
Sales & Marketing,23,Bachelors,m,other,2,34,1.0,9,0,0,51
Sales & Marketing,7,Bachelors,m,sourcing,1,31,3.0,5,1,0,55
Procurement,2,Masters & above,f,other,1,49,3.0,6,0,0,68
Sales & Marketing,4,Masters & above,m,sourcing,1,45,5.0,15,0,0,50
Operations,22,Bachelors,f,sourcing,3,29,5.0,2,1,0,57
Operations,7,Bachelors,m,sourcing,2,32,5.0,7,1,0,56
Technology,26,Bachelors,f,other,1,43,2.0,13,0,0,80
Finance,7,Bachelors,f,sourcing,1,24,4.0,2,1,0,53
Technology,2,Bachelors,f,other,1,33,1.0,4,1,0,84
Procurement,22,Bachelors,f,sourcing,2,30,4.0,2,0,1,67
Operations,19,Bachelors,m,sourcing,2,40,5.0,6,1,0,60
Procurement,27,Bachelors,m,other,1,31,5.0,5,1,0,67
Analytics,15,Masters & above,m,other,1,29,4.0,4,1,0,83
Sales & Marketing,7,Bachelors,f,other,1,35,5.0,10,0,0,45
Technology,13,Bachelors,f,other,1,28,4.0,6,1,0,79
Sales & Marketing,1,Masters & above,m,other,1,38,1.0,7,0,0,44
Procurement,22,Masters & above,m,other,1,41,5.0,2,1,0,69
Operations,22,Bachelors,f,other,1,28,3.0,5,0,0,60
Procurement,15,Masters & above,f,other,1,38,4.0,10,0,0,69
Sales & Marketing,2,Masters & above,f,other,1,35,1.0,3,0,0,50
Operations,7,Bachelors,m,other,1,30,3.0,6,0,0,59
Technology,22,Masters & above,m,sourcing,1,29,2.0,5,0,0,84
Sales & Marketing,7,Masters & above,f,other,1,32,3.0,5,1,0,44
Technology,2,Masters & above,m,other,2,37,3.0,9,0,0,79
Operations,22,Masters & above,m,sourcing,1,39,3.0,11,0,0,62
HR,2,Masters & above,f,sourcing,1,45,5.0,12,0,0,54
Procurement,8,Masters & above,f,sourcing,1,31,5.0,7,1,0,65
Operations,2,Masters & above,f,other,1,52,5.0,14,1,0,60
Sales & Marketing,28,Masters & above,m,other,1,34,5.0,2,1,0,48
Technology,29,Masters & above,f,sourcing,1,31,3.0,5,0,0,78
Finance,2,Bachelors,f,other,1,36,4.0,9,0,0,62
Operations,10,Bachelors,m,sourcing,1,41,3.0,13,0,0,61
Sales & Marketing,22,Masters & above,f,other,1,35,4.0,4,1,0,47
Operations,7,Masters & above,m,sourcing,2,39,1.0,7,0,0,57
Technology,33,Bachelors,m,other,1,30,3.0,3,1,0,76
Sales & Marketing,2,Masters & above,f,other,1,46,4.0,4,1,1,45
HR,2,Masters & above,m,other,1,48,5.0,16,1,0,49
Technology,26,Bachelors,m,sourcing,1,27,3.0,4,0,0,80
Sales & Marketing,13,Bachelors,m,other,1,30,2.0,4,1,0,48
Procurement,22,Bachelors,m,sourcing,5,29,3.0,6,0,0,70
R&D,23,Bachelors,m,other,1,35,2.0,5,0,0,82
Operations,2,Masters & above,f,other,2,31,3.0,4,0,0,56
Sales & Marketing,28,Bachelors,f,other,1,26,5.0,2,0,0,53
HR,11,Bachelors,f,sourcing,1,32,4.0,7,0,0,51
Operations,16,Bachelors,m,other,1,41,3.0,6,0,0,57
Operations,2,Masters & above,m,other,1,40,4.0,9,0,0,61
Procurement,6,Bachelors,m,sourcing,2,28,3.0,2,1,0,69
HR,32,Below Secondary,m,other,1,24,3.0,3,0,0,53
Operations,7,Masters & above,m,other,1,38,3.0,5,0,0,60
Analytics,2,Bachelors,m,sourcing,2,34,3.0,10,0,0,85
Legal,31,Bachelors,m,other,1,44,3.0,7,0,0,62
Technology,2,Bachelors,m,other,1,32,5.0,4,1,0,77
Technology,2,Bachelors,m,other,2,51,3.0,8,1,0,82
Sales & Marketing,10,Masters & above,m,other,1,35,1.0,4,0,0,50
Sales & Marketing,2,Bachelors,m,sourcing,3,50,3.0,8,0,0,54
Technology,27,Bachelors,m,sourcing,1,27,1.0,2,1,0,78
Finance,7,Bachelors,m,other,3,25,3.0,2,0,0,56
R&D,31,Masters & above,m,sourcing,1,35,3.0,3,0,0,81
Procurement,2,Masters & above,f,other,1,56,3.0,3,0,0,68
Sales & Marketing,18,Bachelors,f,other,1,31,1.0,6,0,0,46
Analytics,31,Bachelors,m,other,1,35,4.0,4,0,0,85
R&D,15,Bachelors,m,other,1,33,3.0,3,0,0,83
Analytics,22,Bachelors,m,sourcing,1,29,4.0,4,0,0,85
Sales & Marketing,23,Bachelors,m,sourcing,1,27,4.0,3,0,0,52
HR,16,Below Secondary,f,other,1,25,3.0,1,0,0,53
Finance,7,Bachelors,m,sourcing,2,27,3.0,2,0,0,76
Operations,17,Bachelors,m,other,1,40,4.0,3,1,0,60
Sales & Marketing,33,Masters & above,m,other,1,37,3.0,6,0,0,50
Sales & Marketing,2,Bachelors,f,sourcing,1,43,5.0,2,0,0,48
Operations,30,Bachelors,f,other,1,30,5.0,8,0,0,59
Operations,30,Masters & above,m,sourcing,1,38,3.0,3,0,0,56
Sales & Marketing,2,Bachelors,m,sourcing,1,44,1.0,7,0,0,51
Sales & Marketing,4,Masters & above,m,sourcing,1,44,3.0,14,0,0,50
Procurement,16,Bachelors,f,other,1,33,3.0,7,0,0,69
Analytics,2,Masters & above,m,other,1,47,1.0,17,0,0,86
Finance,22,Masters & above,m,other,1,30,3.0,2,0,0,62
Technology,5,Bachelors,m,other,1,40,1.0,3,1,0,77
Procurement,7,Bachelors,f,other,2,53,5.0,8,0,0,69
Operations,31,Bachelors,m,sourcing,2,33,3.0,6,0,0,61
Technology,7,Masters & above,f,sourcing,2,36,4.0,6,1,0,77
Technology,27,Masters & above,m,sourcing,1,41,5.0,5,1,0,79
Technology,28,Bachelors,m,sourcing,1,26,3.0,3,0,0,81
R&D,23,Masters & above,m,sourcing,1,35,4.0,4,0,0,82
Sales & Marketing,14,Bachelors,m,sourcing,1,34,5.0,6,0,0,49
HR,17,Bachelors,f,other,1,33,5.0,7,1,0,48
Operations,2,Masters & above,m,other,1,43,3.0,7,1,0,56
Procurement,13,Bachelors,m,sourcing,1,39,3.0,5,0,0,65
Analytics,28,Bachelors,m,sourcing,1,36,5.0,7,0,0,83
Sales & Marketing,2,Bachelors,f,other,2,27,1.0,1,0,0,47
Finance,22,Masters & above,m,other,1,31,2.0,6,1,0,64
Sales & Marketing,27,Bachelors,m,sourcing,3,27,5.0,2,1,1,50
Procurement,17,Masters & above,f,other,1,33,1.0,9,0,0,70
Technology,8,Bachelors,m,other,1,33,3.0,6,0,0,78
Legal,22,Bachelors,m,sourcing,1,29,2.0,3,0,0,56
Technology,22,Bachelors,m,other,1,26,4.0,4,1,0,83
Operations,33,Bachelors,m,sourcing,1,35,2.0,10,0,0,68
Analytics,22,Bachelors,f,sourcing,1,30,4.0,5,1,0,81
Technology,2,Masters & above,m,sourcing,1,47,1.0,14,0,0,78
Sales & Marketing,14,Bachelors,m,sourcing,1,48,3.0,21,0,0,45
Operations,11,Bachelors,f,other,1,28,3.0,5,1,0,63
Procurement,27,Bachelors,m,sourcing,1,35,3.0,7,1,0,72
Technology,7,Masters & above,f,sourcing,3,31,5.0,3,0,0,82
Technology,2,Masters & above,m,sourcing,2,40,3.0,8,0,0,80
Sales & Marketing,30,Bachelors,m,other,1,26,3.0,4,0,0,49
Procurement,2,Bachelors,f,sourcing,1,37,4.0,4,0,0,71
Operations,14,Bachelors,m,other,1,32,3.0,7,0,0,58
Operations,15,Bachelors,f,sourcing,1,28,3.0,2,0,0,59
Analytics,29,Bachelors,m,other,3,29,4.0,6,1,0,86
Procurement,2,Bachelors,m,sourcing,1,34,2.0,5,1,0,72
HR,22,Bachelors,f,referred,1,27,5.0,4,0,0,49
Operations,15,Bachelors,f,other,1,31,4.0,5,1,0,54
Procurement,15,Masters & above,m,other,2,36,5.0,3,1,0,75
Technology,2,Masters & above,m,other,1,36,1.0,7,0,0,80
Sales & Marketing,30,Masters & above,m,sourcing,1,44,4.0,5,0,0,49
Technology,10,Masters & above,m,other,1,36,4.0,3,1,1,97
Operations,27,Masters & above,m,sourcing,1,52,3.0,18,0,0,54
Analytics,32,Bachelors,m,other,2,31,4.0,5,0,0,85
Procurement,15,Masters & above,f,sourcing,1,36,3.0,7,0,0,67
Sales & Marketing,30,Bachelors,m,other,1,40,4.0,10,0,0,46
Finance,31,Masters & above,f,other,1,33,4.0,2,1,0,59
Sales & Marketing,2,Bachelors,m,sourcing,1,52,3.0,9,0,0,50
Sales & Marketing,19,Bachelors,m,sourcing,2,40,1.0,13,0,0,49
Operations,26,Masters & above,m,other,1,38,4.0,9,1,0,54
Sales & Marketing,31,Bachelors,m,sourcing,2,29,1.0,1,1,0,47
Sales & Marketing,2,Masters & above,m,other,2,37,2.0,11,0,0,49
Procurement,2,Below Secondary,f,sourcing,1,25,3.0,4,1,0,71
R&D,22,Masters & above,m,sourcing,2,28,3.0,4,0,0,88
Sales & Marketing,2,Bachelors,f,other,1,37,3.0,9,0,0,51
Technology,22,Bachelors,m,referred,1,30,3.0,7,0,0,77
Operations,22,Masters & above,m,sourcing,1,39,4.0,4,1,0,60
Sales & Marketing,23,Bachelors,m,other,1,34,5.0,7,0,0,48
Operations,22,Masters & above,m,other,1,39,3.0,7,0,0,55
Sales & Marketing,22,Bachelors,m,sourcing,1,47,3.0,15,0,0,45
Operations,7,Bachelors,m,other,1,44,3.0,18,0,0,61
Technology,2,Bachelors,f,sourcing,1,37,1.0,5,1,0,78
Finance,28,Masters & above,f,sourcing,1,32,4.0,7,0,0,58
Operations,22,Masters & above,f,other,1,49,3.0,2,0,0,62
Technology,2,Masters & above,f,other,1,42,1.0,9,0,0,78
Operations,15,Bachelors,m,other,1,48,3.0,9,0,0,61
Sales & Marketing,7,Bachelors,m,sourcing,1,36,4.0,4,0,0,44
Procurement,17,Bachelors,m,other,1,25,5.0,2,1,0,69
Analytics,20,Bachelors,m,other,1,30,5.0,9,1,0,85
Analytics,15,Masters & above,m,sourcing,2,30,3.0,8,0,0,84
Analytics,32,Bachelors,m,sourcing,1,28,2.0,5,1,0,84
Procurement,7,Bachelors,m,sourcing,1,30,3.0,4,0,0,71
Technology,2,Bachelors,f,sourcing,1,50,3.0,4,0,0,75
Sales & Marketing,15,Bachelors,f,sourcing,1,38,1.0,5,0,0,54
Sales & Marketing,15,Bachelors,m,sourcing,1,30,4.0,4,0,0,45
Operations,8,Bachelors,m,other,1,32,5.0,4,1,0,64
Sales & Marketing,23,Bachelors,m,other,1,32,3.0,10,1,0,50
Sales & Marketing,7,Bachelors,m,other,1,29,3.0,5,0,0,50
Technology,4,Bachelors,m,sourcing,1,34,3.0,7,0,0,85
Sales & Marketing,13,Bachelors,m,sourcing,1,39,4.0,5,0,0,47
Technology,2,Bachelors,m,other,1,50,1.0,5,0,0,76
Sales & Marketing,23,Bachelors,m,other,2,29,5.0,7,0,1,50
HR,16,Bachelors,f,other,1,33,3.0,3,1,0,49
Analytics,23,Masters & above,m,other,1,34,3.0,8,0,0,87
Sales & Marketing,10,Masters & above,m,sourcing,2,33,1.0,7,0,0,48
Procurement,2,Masters & above,m,other,1,31,3.0,4,0,0,66
Sales & Marketing,14,Masters & above,m,other,2,36,3.0,9,0,0,47
Sales & Marketing,20,Bachelors,f,sourcing,1,30,5.0,5,0,0,44
Finance,22,Masters & above,m,sourcing,1,38,4.0,5,1,0,69
R&D,22,Masters & above,f,sourcing,2,28,5.0,5,1,0,87
Sales & Marketing,5,Masters & above,f,other,1,35,3.0,10,0,0,52
Sales & Marketing,2,Bachelors,m,sourcing,3,39,2.0,10,0,0,46
Technology,23,Masters & above,f,other,1,34,4.0,9,0,0,76
Sales & Marketing,26,Bachelors,m,sourcing,1,22,3.0,2,0,0,50
Procurement,2,Bachelors,f,referred,1,31,4.0,5,0,0,73
HR,8,Bachelors,f,other,2,28,5.0,5,1,0,47
HR,2,Masters & above,m,other,1,58,5.0,3,1,0,49
Sales & Marketing,2,Bachelors,f,sourcing,2,46,1.0,14,0,0,52
Technology,26,Bachelors,f,other,1,29,2.0,5,0,0,82
Operations,2,Masters & above,m,sourcing,1,46,5.0,8,1,0,57
Legal,2,Masters & above,m,other,1,43,3.0,9,1,0,58
Operations,7,Bachelors,m,sourcing,1,33,4.0,3,0,0,58
Operations,32,Bachelors,f,sourcing,1,30,4.0,5,0,0,62
Finance,26,Bachelors,m,sourcing,1,38,5.0,2,0,0,59
Operations,28,Masters & above,f,sourcing,1,39,2.0,11,0,0,58
Sales & Marketing,28,Masters & above,m,other,1,43,3.0,6,0,0,48
Technology,5,Masters & above,f,other,1,38,5.0,5,1,0,75
Finance,2,Bachelors,m,sourcing,1,31,4.0,4,0,0,58
Sales & Marketing,7,Masters & above,f,other,1,39,1.0,10,0,0,55
Operations,7,Bachelors,m,sourcing,1,41,3.0,11,0,0,56
Procurement,31,Masters & above,m,other,1,44,3.0,16,0,0,69
Procurement,7,Bachelors,m,other,1,34,5.0,3,1,0,72
Operations,8,Bachelors,m,other,1,29,4.0,4,0,0,57
Procurement,17,Bachelors,f,other,1,46,3.0,7,0,0,68
Operations,19,Bachelors,f,other,1,32,4.0,6,1,0,59
Sales & Marketing,22,Bachelors,m,other,1,28,5.0,2,0,0,47
Procurement,16,Bachelors,f,other,1,28,5.0,2,1,0,69
Operations,32,Bachelors,f,other,1,37,3.0,9,1,0,62
Procurement,4,Masters & above,m,other,1,42,5.0,7,1,0,69
Operations,2,Masters & above,m,other,1,33,3.0,6,1,0,60
Operations,7,Bachelors,f,sourcing,1,33,4.0,5,0,0,55
Finance,2,Bachelors,f,other,1,28,3.0,2,0,0,61
Sales & Marketing,26,Bachelors,m,sourcing,1,30,5.0,2,1,0,52
Sales & Marketing,2,Bachelors,m,other,1,28,5.0,5,1,0,44
Procurement,7,Bachelors,f,other,1,47,3.0,7,1,0,71
Sales & Marketing,22,Masters & above,m,other,2,51,2.0,6,0,0,47
Sales & Marketing,19,Bachelors,m,other,1,40,2.0,4,1,0,48
Sales & Marketing,16,Bachelors,m,sourcing,1,51,3.0,23,0,0,48
Sales & Marketing,13,Masters & above,m,other,1,44,3.0,4,1,0,48
Analytics,32,Bachelors,m,sourcing,2,30,3.0,3,0,0,84
Sales & Marketing,27,Bachelors,m,other,1,34,3.0,3,1,0,47
Operations,2,Bachelors,f,sourcing,2,34,5.0,7,0,0,64
Sales & Marketing,27,Bachelors,m,sourcing,1,23,3.0,2,0,0,48
Operations,26,Bachelors,f,other,1,32,3.0,2,0,0,62
Analytics,31,Bachelors,m,other,1,29,5.0,2,0,0,85
Sales & Marketing,25,Bachelors,m,other,1,36,4.0,3,1,0,48
HR,2,Masters & above,f,other,1,50,4.0,7,1,0,45
Procurement,2,Masters & above,f,sourcing,1,30,3.0,4,0,0,75
Sales & Marketing,1,Masters & above,f,other,1,31,5.0,5,0,0,51
Sales & Marketing,19,Bachelors,f,sourcing,1,37,5.0,3,0,0,49
Sales & Marketing,2,Masters & above,m,other,2,50,3.0,21,0,0,50
Procurement,27,Bachelors,m,sourcing,3,25,3.0,2,0,0,68
Finance,4,Bachelors,m,other,1,25,1.0,2,0,0,60
Operations,15,Bachelors,f,sourcing,1,31,3.0,5,0,0,62
Procurement,23,Masters & above,f,sourcing,1,32,3.0,6,1,0,67
Sales & Marketing,2,Masters & above,m,sourcing,1,45,5.0,5,1,0,49
Legal,7,Bachelors,m,sourcing,1,42,1.0,7,0,0,59
HR,7,Bachelors,m,sourcing,2,34,3.0,4,0,0,47
Sales & Marketing,21,Bachelors,m,other,1,36,2.0,6,0,0,49
Operations,2,Bachelors,m,other,1,52,3.0,6,0,0,65
Sales & Marketing,2,Bachelors,m,other,1,23,3.0,2,0,0,49
Sales & Marketing,10,Masters & above,f,other,1,35,5.0,4,1,0,49
Operations,8,Masters & above,f,sourcing,1,37,3.0,10,0,0,61
Operations,22,Bachelors,m,sourcing,3,32,1.0,4,0,0,58
HR,12,Bachelors,m,other,1,26,3.0,2,0,0,44
Procurement,13,Masters & above,m,other,1,45,4.0,16,1,0,70
Operations,2,Bachelors,f,sourcing,2,32,3.0,5,1,0,61
Sales & Marketing,25,Bachelors,m,other,1,27,1.0,4,0,0,48
Technology,23,Bachelors,m,other,1,26,4.0,2,1,0,76
R&D,2,Bachelors,m,other,1,32,3.0,6,1,0,85
Technology,7,Masters & above,f,sourcing,2,34,3.0,4,1,0,78
Procurement,2,Bachelors,m,other,1,55,3.0,18,0,0,74
Analytics,2,Bachelors,m,other,1,41,4.0,5,0,0,88
Sales & Marketing,2,Bachelors,m,other,1,52,4.0,3,1,0,52
Finance,26,Bachelors,f,other,2,28,3.0,5,0,0,64
Technology,22,Bachelors,m,referred,1,29,3.0,2,1,0,82
Procurement,13,Masters & above,m,sourcing,2,41,5.0,11,1,0,70
Operations,2,Bachelors,m,other,1,50,3.0,7,0,0,58
Analytics,32,Bachelors,m,sourcing,2,36,4.0,8,0,0,85
Technology,2,Bachelors,m,sourcing,2,37,5.0,10,1,0,79
Operations,22,Bachelors,m,other,1,56,2.0,24,0,0,63
Operations,4,Masters & above,f,other,1,33,4.0,6,0,0,58
Procurement,4,Masters & above,m,other,3,33,5.0,5,1,0,73
Sales & Marketing,13,Masters & above,m,other,2,34,3.0,10,0,0,48
Sales & Marketing,2,Bachelors,f,sourcing,2,30,1.0,4,0,0,50
Sales & Marketing,13,Masters & above,m,sourcing,1,37,3.0,3,0,0,46
Sales & Marketing,13,Bachelors,m,sourcing,1,47,4.0,16,1,0,51
HR,2,Masters & above,f,sourcing,1,39,5.0,11,0,0,58
Operations,7,Bachelors,m,other,1,56,5.0,25,1,0,59
Technology,17,Bachelors,f,other,1,48,2.0,7,0,0,73
R&D,7,Bachelors,m,sourcing,1,34,3.0,2,0,0,78
Analytics,7,Masters & above,m,other,2,35,4.0,7,1,1,86
Operations,4,Masters & above,m,other,1,35,3.0,3,0,0,62
Operations,1,Bachelors,f,other,2,29,3.0,5,0,0,59
Legal,26,Bachelors,m,other,1,41,5.0,12,1,0,58
Operations,2,Masters & above,m,other,1,44,2.0,11,0,0,58
Operations,13,Bachelors,m,other,1,43,5.0,11,1,0,62
Operations,22,Bachelors,m,sourcing,1,32,1.0,8,0,0,53
Analytics,22,Bachelors,m,sourcing,2,30,5.0,7,1,0,87
HR,2,Bachelors,f,other,1,49,3.0,17,0,0,51
Technology,26,Masters & above,f,sourcing,1,32,3.0,9,0,0,81
Technology,1,Masters & above,m,sourcing,1,33,3.0,7,0,0,80
HR,20,Bachelors,f,sourcing,1,27,3.0,2,0,0,49
Sales & Marketing,16,Bachelors,m,other,1,26,4.0,1,0,0,49
Operations,27,Bachelors,m,other,1,28,3.0,3,0,1,60
Procurement,22,Masters & above,m,other,3,30,5.0,4,0,0,69
Operations,13,Masters & above,f,sourcing,1,36,3.0,7,1,0,59
Operations,3,Masters & above,f,other,1,35,3.0,5,1,0,66
Analytics,29,Bachelors,m,sourcing,1,38,3.0,3,0,0,84
Operations,24,Bachelors,m,sourcing,1,33,3.0,7,0,0,56
R&D,2,Masters & above,m,other,1,33,3.0,6,0,0,83
Analytics,2,Masters & above,m,other,1,56,2.0,5,0,0,86
Technology,7,Bachelors,m,sourcing,1,37,1.0,8,0,0,82
Operations,2,Bachelors,f,sourcing,1,57,4.0,6,0,0,60
Procurement,11,Bachelors,m,sourcing,2,28,4.0,5,1,0,70
Technology,2,Masters & above,m,sourcing,1,40,3.0,10,0,0,74
Technology,22,Bachelors,m,referred,2,34,4.0,6,0,0,81
Sales & Marketing,7,Bachelors,m,sourcing,3,32,3.0,5,0,0,50
Analytics,22,Bachelors,f,other,1,30,5.0,3,1,1,81
Technology,20,Bachelors,m,other,1,30,1.0,7,0,0,81
Technology,7,Bachelors,m,other,1,33,3.0,9,1,0,84
Sales & Marketing,31,Bachelors,f,other,1,29,5.0,3,0,0,59
Sales & Marketing,16,Bachelors,m,sourcing,1,32,1.0,4,1,0,50
Sales & Marketing,4,Masters & above,f,other,1,43,2.0,3,1,0,49
Procurement,2,Masters & above,f,other,1,37,5.0,4,0,0,70
Operations,7,Bachelors,m,sourcing,1,33,5.0,10,1,0,59
Sales & Marketing,6,Bachelors,m,sourcing,1,29,4.0,5,0,0,48
Analytics,28,Masters & above,m,other,1,38,4.0,7,1,0,83
Procurement,14,Bachelors,m,other,1,43,5.0,13,0,0,69
Procurement,16,Masters & above,f,sourcing,1,34,3.0,8,0,0,88
Sales & Marketing,26,Bachelors,f,other,1,38,1.0,8,0,0,50
Sales & Marketing,2,Masters & above,f,sourcing,2,32,1.0,5,0,0,45
Analytics,32,Bachelors,m,sourcing,1,26,5.0,3,1,0,84
Sales & Marketing,28,Bachelors,m,sourcing,2,28,3.0,6,0,0,52
R&D,26,Bachelors,m,sourcing,1,28,5.0,4,1,0,83
Sales & Marketing,26,Bachelors,m,other,1,33,5.0,9,0,0,49
Sales & Marketing,30,Bachelors,m,other,1,32,3.0,6,0,0,51
Procurement,17,Bachelors,m,sourcing,1,47,3.0,5,0,0,72
Operations,8,Masters & above,m,sourcing,2,32,5.0,3,1,0,63
Operations,16,Bachelors,m,other,1,31,5.0,4,1,0,62
Technology,2,Bachelors,f,other,1,51,4.0,21,0,0,82
Finance,4,Bachelors,m,other,3,33,5.0,6,1,0,58
Technology,2,Bachelors,f,other,2,52,3.0,4,1,0,78
Finance,7,Bachelors,m,sourcing,1,29,3.0,2,1,0,60
Analytics,7,Bachelors,m,other,2,42,5.0,6,1,0,83
Technology,33,Bachelors,m,sourcing,1,40,2.0,5,0,0,77
Legal,2,Bachelors,m,sourcing,1,37,2.0,8,0,0,64
Sales & Marketing,16,Masters & above,m,other,1,39,5.0,10,1,0,50
Sales & Marketing,13,Bachelors,m,other,1,23,5.0,2,1,0,53
Procurement,22,Bachelors,m,other,1,30,3.0,4,1,0,68
Technology,23,Bachelors,m,other,2,32,3.0,5,1,0,78
Procurement,15,Bachelors,m,other,2,30,1.0,3,0,0,68
Operations,31,Bachelors,f,other,1,33,5.0,5,1,0,60
Procurement,7,Bachelors,f,other,1,32,3.0,9,0,0,83
Technology,2,Bachelors,f,sourcing,1,48,3.0,21,0,0,79
Analytics,30,Bachelors,m,sourcing,1,32,3.0,5,1,0,87
Procurement,8,Bachelors,m,other,1,30,4.0,2,0,0,81
Operations,19,Bachelors,m,other,1,32,3.0,2,1,0,62
Technology,7,Bachelors,f,sourcing,1,29,4.0,4,0,0,77
Analytics,19,Bachelors,m,sourcing,1,34,5.0,7,1,0,83
Technology,14,Bachelors,f,other,1,46,1.0,18,0,0,79
Operations,23,Bachelors,f,sourcing,1,41,3.0,4,1,0,61
Operations,27,Masters & above,m,other,1,47,5.0,4,0,0,59
Analytics,9,Bachelors,m,other,2,29,3.0,1,0,0,80
HR,26,Bachelors,m,sourcing,1,34,3.0,5,0,0,46
Legal,2,Bachelors,m,other,1,37,3.0,8,1,0,63
Analytics,15,Masters & above,m,other,1,31,3.0,4,0,0,84
Sales & Marketing,21,Bachelors,m,other,1,40,4.0,2,0,0,52
Sales & Marketing,26,Bachelors,f,sourcing,1,28,2.0,2,1,0,50
Sales & Marketing,7,Masters & above,m,sourcing,1,38,3.0,10,1,0,49
Technology,2,Bachelors,m,other,1,38,2.0,8,0,0,85
R&D,26,Bachelors,m,other,1,34,2.0,4,1,0,84
HR,7,Bachelors,f,other,1,31,3.0,7,0,0,49
Sales & Marketing,25,Bachelors,m,sourcing,1,32,1.0,9,0,0,53
Technology,16,Masters & above,m,sourcing,1,34,1.0,9,0,0,76
Procurement,2,Masters & above,m,sourcing,1,49,1.0,7,0,0,69
Sales & Marketing,31,Bachelors,f,other,1,30,3.0,4,0,0,48
Sales & Marketing,25,Masters & above,m,other,3,34,3.0,6,0,0,52
Technology,14,Bachelors,m,sourcing,1,27,3.0,5,0,0,80
Sales & Marketing,31,Bachelors,m,other,1,29,3.0,6,0,0,48
Procurement,23,Masters & above,m,other,1,40,4.0,8,0,0,72
HR,3,Bachelors,f,sourcing,1,30,3.0,3,1,0,52
Procurement,30,Bachelors,f,other,1,32,3.0,5,0,0,72
HR,15,Masters & above,m,sourcing,1,35,3.0,5,0,0,58
Operations,2,Bachelors,m,other,1,43,5.0,16,0,0,61
Sales & Marketing,8,Bachelors,m,other,1,30,3.0,4,0,0,52
HR,2,Bachelors,m,sourcing,1,55,5.0,6,1,0,48
Operations,20,Bachelors,f,sourcing,1,27,5.0,3,0,0,64
Sales & Marketing,5,Bachelors,m,other,2,26,3.0,4,0,0,49
Operations,27,Bachelors,m,other,1,33,1.0,2,0,0,56
Sales & Marketing,10,Masters & above,m,sourcing,1,49,3.0,5,0,0,48
Procurement,23,Bachelors,f,other,1,30,5.0,2,1,0,92
Technology,2,Masters & above,f,other,1,52,1.0,3,0,0,76
HR,2,Bachelors,m,other,2,42,5.0,3,0,0,47
Technology,4,Bachelors,f,other,1,30,3.0,3,0,0,77
Analytics,7,Bachelors,m,sourcing,1,38,2.0,5,0,0,82
Finance,28,Masters & above,m,sourcing,2,32,5.0,9,1,0,63
Legal,2,Bachelors,m,other,1,47,3.0,5,1,0,56
Sales & Marketing,4,Bachelors,f,other,1,29,1.0,6,0,0,55
Operations,2,Masters & above,m,sourcing,1,42,2.0,9,0,0,59
Procurement,2,Bachelors,m,other,1,42,5.0,12,0,0,70
Analytics,23,Bachelors,m,other,1,28,3.0,3,0,0,85
Procurement,4,Masters & above,m,sourcing,1,50,5.0,4,1,0,71
Operations,2,Bachelors,f,other,1,32,5.0,5,1,0,61
Sales & Marketing,10,Masters & above,m,other,1,32,5.0,5,1,0,50
Sales & Marketing,5,Bachelors,m,other,3,29,1.0,3,0,0,49
Technology,7,Masters & above,m,sourcing,1,45,2.0,5,0,0,86
Procurement,2,Masters & above,m,sourcing,1,44,2.0,14,0,0,71
Technology,16,Masters & above,f,other,1,32,3.0,4,1,0,78
Sales & Marketing,32,Bachelors,m,other,1,37,4.0,7,0,0,44
Analytics,28,Bachelors,m,other,3,29,4.0,5,0,0,83
Technology,5,Masters & above,m,other,1,37,5.0,10,1,0,82
Technology,2,Bachelors,f,other,2,58,4.0,2,1,1,81
Operations,32,Bachelors,m,sourcing,1,28,1.0,2,0,0,54
Sales & Marketing,28,Bachelors,m,other,1,31,4.0,7,0,0,47
Procurement,7,Masters & above,m,other,1,44,2.0,8,1,0,71
Operations,26,Bachelors,m,other,1,33,3.0,2,1,0,62
Procurement,2,Bachelors,f,other,2,34,3.0,7,0,0,70
Technology,20,Bachelors,f,other,1,30,3.0,3,0,0,80
Sales & Marketing,25,Bachelors,m,sourcing,1,30,4.0,1,0,0,52
Operations,22,Bachelors,m,other,1,28,4.0,6,0,0,57
Analytics,30,Bachelors,m,other,1,29,3.0,5,0,0,89
Finance,14,Bachelors,m,other,1,27,1.0,3,0,0,63
Sales & Marketing,2,Bachelors,m,sourcing,2,31,3.0,10,0,0,47
Analytics,22,Bachelors,f,sourcing,1,26,3.0,2,0,0,84
R&D,2,Masters & above,m,other,1,32,5.0,2,1,0,84
Operations,2,Masters & above,f,sourcing,1,35,5.0,8,1,0,60
Sales & Marketing,22,Masters & above,m,sourcing,1,44,5.0,16,1,0,49
Operations,22,Bachelors,f,sourcing,2,32,3.0,8,1,0,60
Sales & Marketing,24,Masters & above,m,sourcing,1,34,5.0,3,0,0,53
Operations,2,Masters & above,f,sourcing,1,47,3.0,15,0,0,59
Procurement,30,Bachelors,f,sourcing,1,32,4.0,5,1,0,68
Sales & Marketing,2,Bachelors,m,sourcing,1,53,2.0,15,0,0,52
Technology,2,Bachelors,m,other,2,41,4.0,3,0,0,78
Sales & Marketing,20,Bachelors,m,other,3,38,1.0,2,0,0,49
Operations,2,Bachelors,f,other,1,30,5.0,2,0,0,61
R&D,22,Bachelors,m,other,1,29,5.0,5,1,0,88
Analytics,22,Bachelors,f,other,1,28,2.0,3,0,0,86
Analytics,5,Bachelors,m,sourcing,1,27,3.0,5,0,0,90
Procurement,20,Bachelors,m,other,1,26,2.0,3,1,0,67
Sales & Marketing,27,Bachelors,m,other,1,42,1.0,12,0,0,51
Operations,15,Bachelors,m,other,1,33,5.0,5,1,0,66
Analytics,32,Bachelors,m,other,1,34,2.0,8,0,0,83
Sales & Marketing,2,Masters & above,f,sourcing,1,38,5.0,9,0,0,51
Operations,2,Masters & above,m,other,1,52,4.0,16,0,0,60
Legal,2,Bachelors,m,sourcing,1,44,1.0,5,0,0,63
Sales & Marketing,17,Bachelors,m,other,1,40,5.0,7,0,0,53
Technology,2,Bachelors,f,other,4,33,5.0,9,1,0,82
Sales & Marketing,4,Masters & above,m,other,1,46,5.0,13,0,0,48
Technology,2,Masters & above,f,other,2,32,3.0,6,0,0,77
Technology,27,Below Secondary,m,other,1,25,5.0,2,0,0,89
Analytics,4,Bachelors,m,sourcing,1,30,5.0,1,1,0,84
Sales & Marketing,11,Bachelors,m,other,1,26,5.0,3,0,0,48
Sales & Marketing,16,Bachelors,m,other,1,37,4.0,8,0,0,48
HR,2,Masters & above,f,sourcing,1,43,3.0,2,1,0,49
Sales & Marketing,2,Bachelors,m,referred,1,37,3.0,3,1,0,44
Procurement,2,Masters & above,f,sourcing,3,35,3.0,10,0,0,70
Sales & Marketing,2,Masters & above,f,other,1,35,4.0,2,0,0,52
Sales & Marketing,2,Masters & above,m,sourcing,1,57,1.0,27,0,0,55
Operations,32,Bachelors,m,sourcing,1,27,5.0,4,1,0,63
Sales & Marketing,7,Bachelors,m,sourcing,1,45,1.0,6,0,0,48
Analytics,19,Bachelors,m,sourcing,1,28,3.0,6,0,0,83
Operations,27,Bachelors,f,sourcing,1,45,5.0,3,1,0,60
Technology,29,Masters & above,f,sourcing,2,34,3.0,8,0,0,79
Technology,2,Bachelors,m,other,1,29,3.0,4,1,0,81
Procurement,2,Bachelors,m,sourcing,1,38,5.0,10,1,0,70
Technology,15,Bachelors,m,other,1,34,2.0,9,0,0,73
Procurement,7,Bachelors,m,other,1,34,3.0,9,1,0,72
Operations,22,Masters & above,m,sourcing,1,46,5.0,13,1,0,57
Technology,13,Masters & above,f,other,1,40,3.0,7,0,0,76
Procurement,31,Masters & above,f,sourcing,1,34,4.0,9,0,0,68
Operations,2,Bachelors,f,other,1,40,1.0,9,0,0,63
HR,2,Masters & above,f,other,1,48,3.0,18,0,0,46
Sales & Marketing,6,Bachelors,m,sourcing,2,29,4.0,4,0,0,51
Analytics,25,Bachelors,f,sourcing,1,29,3.0,8,0,0,84
Analytics,20,Bachelors,m,other,1,27,3.0,3,0,0,86
Technology,23,Bachelors,m,other,2,29,4.0,2,1,0,76
Sales & Marketing,6,Bachelors,f,other,1,30,1.0,5,0,0,48
Sales & Marketing,12,Bachelors,m,other,1,28,3.0,6,1,0,51
Technology,22,Bachelors,m,sourcing,2,28,3.0,3,0,0,77
Analytics,2,Masters & above,m,other,1,36,3.0,3,0,0,83
HR,22,Bachelors,f,other,1,23,3.0,2,0,0,49
Sales & Marketing,27,Bachelors,m,other,1,28,3.0,2,0,0,51
Legal,2,Below Secondary,m,sourcing,1,29,4.0,3,0,0,64
Sales & Marketing,16,Masters & above,m,other,1,43,1.0,17,0,0,50
Analytics,11,Bachelors,m,other,1,31,3.0,6,0,1,85
Sales & Marketing,11,Bachelors,m,other,2,27,5.0,3,0,0,47
Operations,34,Bachelors,m,sourcing,1,27,3.0,2,1,0,60
Procurement,2,Bachelors,f,sourcing,1,49,2.0,16,0,0,66
Procurement,17,Masters & above,m,sourcing,1,45,3.0,17,0,0,69
Procurement,2,Bachelors,m,sourcing,2,33,3.0,9,0,0,76
Operations,8,Bachelors,f,other,1,29,5.0,6,1,0,61
Finance,2,Bachelors,f,other,1,37,3.0,3,1,0,57
Sales & Marketing,13,Bachelors,f,sourcing,2,29,1.0,3,1,0,49
Sales & Marketing,31,Bachelors,m,other,1,43,2.0,5,0,0,47
Sales & Marketing,10,Masters & above,f,other,1,31,4.0,4,0,0,53
Sales & Marketing,13,Bachelors,m,other,1,33,4.0,1,0,0,48
Procurement,7,Bachelors,m,sourcing,1,30,5.0,5,1,0,71
Procurement,2,Bachelors,f,other,1,45,3.0,18,0,0,67
Technology,15,Bachelors,m,sourcing,1,30,1.0,6,0,0,82
Sales & Marketing,27,Bachelors,m,sourcing,1,38,3.0,10,0,0,65
Finance,26,Bachelors,m,other,1,33,4.0,6,0,0,62
Sales & Marketing,2,Bachelors,m,sourcing,1,44,2.0,16,0,0,47
Technology,2,Bachelors,f,other,1,25,1.0,2,0,0,77
Sales & Marketing,4,Masters & above,m,sourcing,2,36,1.0,6,0,0,54
Analytics,2,Masters & above,m,other,2,47,3.0,2,0,0,84
Analytics,16,Bachelors,m,other,1,30,5.0,7,1,0,88
Sales & Marketing,28,Bachelors,m,other,1,26,3.0,5,0,0,45
Operations,2,Bachelors,m,other,1,36,3.0,10,0,0,59
Sales & Marketing,10,Bachelors,m,other,1,28,5.0,3,0,0,47
Operations,26,Bachelors,f,other,1,26,3.0,3,0,0,88
Procurement,17,Bachelors,f,other,1,37,5.0,8,1,0,70
Procurement,26,Bachelors,m,other,1,38,3.0,9,0,0,83
Finance,2,Bachelors,f,other,1,34,3.0,9,1,0,61
Finance,26,Bachelors,m,other,1,29,4.0,2,0,0,63
Procurement,13,Masters & above,f,sourcing,1,36,5.0,4,1,0,70
Sales & Marketing,2,Bachelors,f,other,1,58,5.0,11,0,0,50
Technology,2,Bachelors,m,sourcing,1,33,3.0,6,0,0,77
Operations,6,Bachelors,m,other,1,38,5.0,5,1,0,59
Sales & Marketing,24,Bachelors,f,other,1,27,3.0,2,0,0,48
HR,2,Masters & above,m,sourcing,1,52,3.0,23,0,0,45
Analytics,26,Bachelors,f,other,1,30,5.0,1,1,0,84
Procurement,26,Bachelors,m,sourcing,1,38,5.0,7,1,0,70
Operations,31,Bachelors,m,sourcing,1,40,4.0,3,1,0,57
Sales & Marketing,7,Bachelors,m,other,1,54,5.0,10,1,0,47
Technology,5,Bachelors,m,sourcing,1,38,3.0,9,0,0,83
Operations,15,Bachelors,m,sourcing,1,31,3.0,4,0,0,60
Operations,13,Bachelors,f,other,2,31,3.0,5,0,0,57
Technology,26,Masters & above,f,sourcing,1,42,3.0,6,0,0,75
Operations,2,Bachelors,m,other,1,25,2.0,2,0,0,55
Analytics,22,Bachelors,f,sourcing,2,31,3.0,6,1,0,89
Analytics,28,Masters & above,m,sourcing,3,31,5.0,7,1,0,86
Procurement,26,Masters & above,m,other,1,38,3.0,10,0,0,70
Technology,20,Bachelors,m,sourcing,1,31,1.0,6,0,0,77
Operations,26,Bachelors,m,other,1,35,3.0,9,0,0,64
Sales & Marketing,1,Bachelors,m,other,2,35,1.0,8,0,0,48
Procurement,15,Masters & above,m,sourcing,1,40,4.0,11,0,0,74
Analytics,22,Bachelors,m,other,2,29,4.0,3,0,0,88
Procurement,2,Bachelors,m,sourcing,1,44,3.0,7,0,0,71
Sales & Marketing,4,Masters & above,f,other,1,33,5.0,8,0,0,49
Analytics,6,Bachelors,f,sourcing,1,32,2.0,7,0,0,83
Operations,4,Masters & above,f,other,1,44,5.0,6,1,0,58
Operations,2,Bachelors,m,other,4,33,5.0,5,1,0,56
Sales & Marketing,11,Bachelors,m,sourcing,2,35,1.0,2,0,0,48
R&D,2,Bachelors,f,other,1,34,5.0,4,1,0,89
HR,7,Masters & above,m,other,1,42,3.0,7,1,1,52
Sales & Marketing,2,Bachelors,m,other,2,32,5.0,4,1,0,50
Sales & Marketing,33,Bachelors,m,other,1,36,1.0,3,0,0,53
Operations,12,Bachelors,f,other,1,28,4.0,4,0,0,58
HR,7,Bachelors,m,other,2,40,3.0,16,0,0,53
Sales & Marketing,2,Bachelors,m,other,1,37,3.0,3,0,0,52
HR,13,Bachelors,m,other,1,27,5.0,4,0,0,51
Operations,19,Bachelors,m,sourcing,1,46,3.0,3,0,0,54
Procurement,26,Bachelors,m,sourcing,2,37,3.0,2,1,0,68
Procurement,8,Bachelors,f,other,1,31,5.0,7,1,0,72
Finance,7,Masters & above,m,other,1,33,3.0,6,0,0,65
Analytics,23,Masters & above,m,other,1,33,1.0,4,0,0,83
Sales & Marketing,22,Masters & above,m,sourcing,1,34,3.0,8,1,0,46
Sales & Marketing,27,Bachelors,m,sourcing,1,30,5.0,5,0,0,44
Legal,2,Masters & above,m,other,1,45,5.0,12,0,0,69
Finance,4,Bachelors,m,other,1,31,3.0,4,1,0,55
Operations,15,Bachelors,f,sourcing,2,32,4.0,5,0,0,70
Technology,15,Masters & above,m,other,2,41,4.0,7,0,0,78
Legal,34,Bachelors,m,sourcing,1,30,4.0,6,0,0,59
Sales & Marketing,20,Bachelors,m,sourcing,2,43,3.0,7,1,1,53
Sales & Marketing,2,Masters & above,m,sourcing,2,58,2.0,6,0,0,44
Operations,2,Masters & above,f,other,1,41,3.0,4,1,0,57
Analytics,4,Bachelors,m,sourcing,1,27,5.0,2,1,0,84
Procurement,2,Bachelors,f,other,2,50,5.0,2,1,0,68
Technology,8,Bachelors,f,other,1,32,5.0,4,1,0,76
Technology,13,Masters & above,f,sourcing,1,33,2.0,8,0,0,80
Analytics,31,Bachelors,m,other,1,27,4.0,3,1,0,86
Sales & Marketing,31,Bachelors,m,sourcing,2,28,1.0,4,0,0,52
Operations,13,Bachelors,f,other,1,26,3.0,2,0,0,58
Sales & Marketing,19,Masters & above,m,other,1,38,4.0,8,0,0,51
Procurement,6,Bachelors,m,sourcing,2,27,1.0,3,0,0,67
Analytics,13,Bachelors,m,other,2,24,3.0,1,0,0,80
HR,11,Bachelors,m,sourcing,1,45,3.0,15,0,0,55
Legal,27,Bachelors,m,other,1,30,3.0,7,1,0,60
Finance,28,Masters & above,f,other,1,32,5.0,8,1,0,59
Technology,6,Bachelors,f,other,1,31,3.0,5,0,0,82
Operations,7,Bachelors,m,other,1,36,3.0,7,0,0,61
Sales & Marketing,11,Bachelors,m,sourcing,1,35,5.0,9,1,0,48
Finance,4,Masters & above,m,other,1,38,4.0,4,0,0,72
Operations,28,Masters & above,m,sourcing,1,37,4.0,13,0,0,56
Analytics,28,Masters & above,m,other,1,31,4.0,2,1,0,82
Finance,32,Bachelors,m,other,2,32,5.0,7,1,0,60
HR,11,Bachelors,f,other,1,27,3.0,5,0,0,50
Procurement,15,Bachelors,f,sourcing,1,39,4.0,9,1,0,67
Sales & Marketing,6,Bachelors,m,other,1,26,4.0,3,0,0,51
Sales & Marketing,10,Masters & above,m,sourcing,1,32,4.0,4,0,0,48
Sales & Marketing,21,Bachelors,m,sourcing,2,44,3.0,7,1,0,45
HR,2,Bachelors,m,sourcing,1,48,3.0,8,0,0,46
Sales & Marketing,17,Bachelors,m,sourcing,1,37,4.0,4,1,0,54
Technology,21,Bachelors,m,other,1,34,3.0,3,0,0,80
Analytics,4,Bachelors,m,sourcing,1,32,3.0,5,0,0,85
Sales & Marketing,22,Bachelors,m,sourcing,2,31,5.0,4,1,0,49
Sales & Marketing,5,Masters & above,m,other,1,32,1.0,5,0,0,47
Analytics,15,Bachelors,m,sourcing,1,30,4.0,5,0,0,86
Technology,4,Bachelors,f,other,1,37,3.0,2,0,0,80
Sales & Marketing,12,Bachelors,m,other,1,34,4.0,7,0,0,50
Procurement,26,Bachelors,m,other,2,32,3.0,8,0,0,66
Legal,22,Below Secondary,m,sourcing,1,26,5.0,3,1,0,60
Sales & Marketing,31,Masters & above,m,other,1,35,4.0,9,0,0,46
Procurement,7,Below Secondary,m,sourcing,2,24,3.0,3,0,0,73
Operations,31,Bachelors,m,other,1,36,5.0,10,1,0,58
Analytics,17,Bachelors,m,sourcing,1,32,3.0,4,1,0,87
HR,7,Masters & above,f,other,1,35,5.0,3,1,0,51
Procurement,2,Masters & above,m,sourcing,1,44,3.0,18,0,0,72
Procurement,13,Masters & above,f,sourcing,1,33,5.0,5,1,0,66
Sales & Marketing,16,Masters & above,f,other,1,33,4.0,8,0,0,53
Sales & Marketing,10,Masters & above,m,other,1,37,5.0,9,0,1,54
Analytics,19,Bachelors,m,other,2,36,3.0,6,1,0,83
Operations,8,Bachelors,f,sourcing,1,31,4.0,6,0,0,60
Sales & Marketing,27,Bachelors,m,other,1,36,5.0,3,0,0,53
Sales & Marketing,7,Masters & above,m,other,2,46,3.0,6,0,0,52
Sales & Marketing,22,Bachelors,m,sourcing,1,31,5.0,3,0,0,48
Technology,2,Bachelors,m,other,1,26,2.0,2,0,0,75
Technology,2,Masters & above,m,referred,1,47,3.0,8,0,0,79
Procurement,7,Bachelors,m,other,2,31,3.0,6,0,0,67
Procurement,28,Masters & above,f,sourcing,2,33,1.0,3,0,0,69
Operations,8,Masters & above,m,other,1,36,5.0,5,1,0,59
Analytics,26,Masters & above,m,other,1,32,5.0,6,1,0,80
R&D,2,Bachelors,m,sourcing,1,33,4.0,4,0,0,83
Sales & Marketing,7,Bachelors,m,other,2,33,1.0,6,0,0,48
Sales & Marketing,2,Bachelors,m,other,1,46,3.0,6,1,1,51
Operations,2,Bachelors,m,sourcing,3,40,5.0,4,0,0,72
Sales & Marketing,2,Bachelors,m,referred,1,40,5.0,6,0,0,50
Sales & Marketing,13,Bachelors,m,sourcing,1,23,1.0,2,0,0,52
Operations,13,Bachelors,f,other,1,33,3.0,2,1,0,55
Legal,27,Bachelors,m,sourcing,1,35,2.0,9,0,0,61
Operations,22,Masters & above,m,sourcing,1,42,3.0,13,0,0,60
Operations,7,Masters & above,m,other,2,45,5.0,6,1,0,61
Sales & Marketing,28,Bachelors,m,sourcing,1,38,3.0,9,0,0,51
Operations,32,Bachelors,f,sourcing,1,40,5.0,15,1,0,60
Sales & Marketing,19,Bachelors,m,other,1,41,1.0,2,0,0,43
Analytics,13,Bachelors,m,sourcing,2,34,3.0,8,0,0,85
Technology,7,Bachelors,f,sourcing,1,36,1.0,7,0,0,80
Operations,22,Masters & above,m,other,1,32,4.0,6,0,0,63
Analytics,22,Masters & above,m,other,2,34,5.0,5,1,0,82
Sales & Marketing,2,Bachelors,m,sourcing,1,27,3.0,2,0,0,53
Operations,19,Masters & above,m,sourcing,1,46,5.0,6,0,0,64
Sales & Marketing,7,Bachelors,m,other,2,29,1.0,2,0,0,50
Analytics,3,Bachelors,m,other,1,29,3.0,7,1,0,83
Technology,26,Bachelors,m,sourcing,1,28,1.0,3,0,0,84
Sales & Marketing,31,Bachelors,m,other,1,32,2.0,5,0,0,51
Procurement,2,Masters & above,m,other,1,43,4.0,7,1,0,69
Sales & Marketing,28,Bachelors,m,other,1,34,3.0,5,0,0,53
Technology,2,Bachelors,m,sourcing,1,55,4.0,5,1,0,74
Operations,15,Bachelors,f,other,1,30,3.0,4,0,0,58
Sales & Marketing,19,Bachelors,m,sourcing,1,38,3.0,8,0,0,52
Technology,2,Masters & above,f,sourcing,1,31,3.0,6,0,0,80
Operations,7,Bachelors,m,other,1,31,4.0,4,0,0,61
Sales & Marketing,32,Bachelors,m,sourcing,1,26,5.0,2,0,0,51
Sales & Marketing,7,Masters & above,m,sourcing,1,40,5.0,10,1,0,47
Operations,15,Bachelors,m,referred,1,33,3.0,9,1,0,54
Technology,3,Bachelors,m,sourcing,1,26,3.0,4,0,0,77
Technology,33,Bachelors,m,other,1,27,3.0,2,0,0,82
Sales & Marketing,2,Masters & above,m,other,2,47,1.0,15,0,0,46
Operations,30,Bachelors,f,other,1,38,4.0,4,0,0,64
Analytics,31,Bachelors,m,sourcing,2,29,3.0,2,0,0,87
Operations,19,Masters & above,m,sourcing,1,41,3.0,2,1,0,59
Sales & Marketing,17,Bachelors,m,other,1,27,3.0,4,0,0,48
Sales & Marketing,31,Bachelors,f,sourcing,1,26,3.0,3,0,0,52
Sales & Marketing,2,Bachelors,m,sourcing,1,28,4.0,3,0,0,50
Analytics,22,Bachelors,f,sourcing,1,29,5.0,4,0,0,82
Sales & Marketing,27,Bachelors,f,sourcing,1,33,4.0,6,1,0,47
Sales & Marketing,7,Masters & above,m,sourcing,1,37,2.0,3,0,0,50
HR,2,Bachelors,f,sourcing,1,28,2.0,7,0,0,49
Sales & Marketing,2,Bachelors,m,other,1,34,5.0,7,1,0,50
Procurement,5,Bachelors,f,other,1,28,3.0,3,0,0,68
Operations,11,Bachelors,m,sourcing,1,29,4.0,5,1,0,57
Operations,22,Bachelors,m,other,1,30,3.0,10,1,0,56
Sales & Marketing,12,Bachelors,m,other,1,29,1.0,2,0,0,48
Sales & Marketing,2,Masters & above,m,sourcing,1,45,2.0,15,0,0,46
Procurement,2,Masters & above,f,sourcing,2,54,3.0,10,1,0,73
Sales & Marketing,22,Bachelors,f,other,1,31,3.0,3,0,0,51
Procurement,2,Masters & above,f,sourcing,1,50,3.0,19,1,0,72
Operations,2,Bachelors,m,sourcing,1,36,4.0,11,0,0,54
Sales & Marketing,15,Masters & above,m,other,3,32,1.0,4,0,0,51
Sales & Marketing,7,Bachelors,m,sourcing,2,38,3.0,3,0,0,52
Sales & Marketing,2,Bachelors,f,sourcing,1,54,4.0,4,1,0,47
Procurement,7,Masters & above,f,sourcing,1,34,4.0,3,1,0,74
Sales & Marketing,22,Bachelors,f,other,2,28,4.0,3,1,0,48
Operations,2,Bachelors,m,sourcing,1,41,5.0,2,1,0,59
Operations,27,Masters & above,m,sourcing,1,43,3.0,16,0,0,60
Sales & Marketing,29,Bachelors,m,other,2,30,2.0,4,0,0,47
Technology,4,Bachelors,m,other,3,31,3.0,2,0,0,77
Technology,2,Masters & above,f,sourcing,1,33,4.0,7,1,0,77
Sales & Marketing,2,Bachelors,f,other,1,55,4.0,3,1,0,53
Analytics,7,Masters & above,m,sourcing,1,32,1.0,5,0,0,87
Analytics,2,Masters & above,m,sourcing,2,48,5.0,6,0,0,82
Procurement,7,Bachelors,m,sourcing,1,29,5.0,4,1,0,69
Operations,12,Bachelors,f,other,2,30,3.0,4,1,0,60
Procurement,20,Bachelors,m,other,1,33,3.0,6,1,0,69
HR,2,Bachelors,f,other,1,58,5.0,10,0,0,48
Sales & Marketing,6,Bachelors,m,other,1,36,3.0,8,0,0,48
Sales & Marketing,30,Bachelors,m,other,1,28,4.0,3,1,0,52
Sales & Marketing,2,Masters & above,m,other,1,37,1.0,8,0,0,52
Procurement,13,Masters & above,m,other,1,35,5.0,7,1,0,71
Operations,22,Masters & above,f,sourcing,1,55,3.0,11,0,0,62
Legal,2,Bachelors,f,other,1,27,3.0,2,1,0,61
HR,2,Bachelors,f,other,1,43,4.0,6,0,0,46
HR,2,Masters & above,m,other,2,53,4.0,12,0,0,51
Operations,32,Masters & above,m,other,1,41,5.0,3,1,0,62
Analytics,34,Bachelors,m,sourcing,1,27,3.0,4,0,0,82
Sales & Marketing,28,Masters & above,m,other,1,33,3.0,10,1,0,45
Finance,2,Bachelors,m,other,2,26,3.0,3,0,0,58
Procurement,2,Bachelors,m,sourcing,1,40,3.0,3,0,0,68
Sales & Marketing,25,Masters & above,m,other,1,31,2.0,5,0,0,51
Operations,13,Bachelors,m,other,1,31,4.0,7,1,0,59
Analytics,32,Bachelors,m,sourcing,2,30,3.0,4,0,0,83
Procurement,2,Bachelors,f,other,1,32,4.0,7,1,1,90
Procurement,2,Bachelors,m,other,1,47,3.0,6,0,0,71
Legal,22,Bachelors,m,sourcing,1,28,5.0,4,1,0,60
Sales & Marketing,20,Masters & above,m,sourcing,1,30,3.0,7,0,0,46
Sales & Marketing,16,Masters & above,m,sourcing,1,38,5.0,10,0,0,49
Operations,16,Bachelors,f,sourcing,1,29,4.0,5,0,0,60
Technology,2,Bachelors,m,sourcing,1,37,4.0,8,0,0,83
Sales & Marketing,23,Bachelors,m,other,1,33,5.0,5,0,0,47
Sales & Marketing,22,Masters & above,f,other,1,40,1.0,10,0,0,52
Sales & Marketing,27,Bachelors,m,sourcing,2,27,2.0,5,0,0,52
Finance,7,Bachelors,m,sourcing,1,25,3.0,2,0,0,62
Sales & Marketing,29,Bachelors,m,other,1,44,5.0,7,0,0,51
Sales & Marketing,20,Bachelors,m,other,1,37,3.0,3,1,0,47
Operations,2,Bachelors,f,other,1,33,4.0,6,1,0,62
Operations,28,Masters & above,m,other,1,34,3.0,10,0,0,59
Sales & Marketing,15,Bachelors,m,other,1,37,5.0,2,0,0,51
Operations,22,Bachelors,m,other,1,49,5.0,17,0,0,60
Sales & Marketing,1,Bachelors,m,sourcing,2,31,1.0,5,0,0,49
Procurement,2,Bachelors,f,sourcing,1,45,3.0,6,1,0,71
Sales & Marketing,7,Bachelors,f,other,1,37,1.0,5,0,0,53
Sales & Marketing,2,Masters & above,m,sourcing,2,56,4.0,11,1,0,86
Technology,16,Bachelors,m,other,1,26,5.0,2,1,0,82
Sales & Marketing,7,Masters & above,f,other,1,41,4.0,14,0,0,49
Operations,22,Masters & above,m,other,1,55,3.0,4,1,0,58
Operations,22,Bachelors,m,other,3,40,5.0,10,1,0,60
Operations,31,Masters & above,m,other,1,35,3.0,7,0,0,61
Sales & Marketing,20,Bachelors,m,other,1,32,3.0,3,1,0,48
Operations,2,Masters & above,f,other,1,36,2.0,8,0,0,59
Sales & Marketing,4,Masters & above,f,other,2,34,3.0,3,1,0,52
Operations,15,Bachelors,m,other,1,29,1.0,5,0,0,59
Analytics,32,Bachelors,m,other,2,30,3.0,3,0,0,89
Sales & Marketing,2,Masters & above,f,other,1,50,5.0,8,1,0,48
Technology,24,Bachelors,m,other,2,29,3.0,2,0,0,83
Finance,22,Masters & above,m,sourcing,2,36,3.0,5,0,0,58
Sales & Marketing,15,Masters & above,m,other,1,34,3.0,3,0,0,62
Sales & Marketing,22,Bachelors,m,other,1,47,2.0,5,0,0,46
Sales & Marketing,26,Masters & above,m,sourcing,1,44,1.0,3,0,0,49
Technology,7,Masters & above,f,sourcing,1,40,3.0,11,0,0,79
Technology,13,Bachelors,m,other,1,31,3.0,4,0,0,81
Procurement,26,Bachelors,m,sourcing,1,36,5.0,9,1,1,99
Procurement,7,Masters & above,f,other,2,39,4.0,7,1,0,69
Technology,31,Masters & above,m,other,1,34,3.0,10,0,0,80
Legal,2,Bachelors,m,other,1,41,2.0,9,0,0,62
Finance,2,Masters & above,m,sourcing,1,34,4.0,7,1,0,60
Procurement,2,Below Secondary,m,other,3,25,3.0,4,0,0,70
Technology,2,Bachelors,f,other,1,54,3.0,6,1,0,79
Procurement,4,Masters & above,f,other,1,35,5.0,3,1,0,74
Sales & Marketing,2,Bachelors,m,other,2,58,1.0,19,0,0,47
Analytics,1,Masters & above,m,other,1,30,2.0,6,0,0,86
Sales & Marketing,4,Bachelors,m,other,1,26,4.0,3,1,0,49
Analytics,22,Bachelors,f,other,1,27,5.0,2,0,0,88
Technology,25,Masters & above,m,sourcing,1,33,3.0,5,1,0,80
Operations,4,Masters & above,m,sourcing,2,42,3.0,6,0,0,58
Operations,2,Bachelors,f,other,2,41,3.0,6,0,0,59
Technology,16,Below Secondary,f,other,1,22,4.0,2,1,0,79
Procurement,15,Masters & above,m,other,1,32,1.0,3,0,0,68
Operations,19,Bachelors,f,other,2,36,3.0,7,0,0,57
Sales & Marketing,29,Bachelors,m,sourcing,1,43,3.0,15,0,0,54
Sales & Marketing,2,Masters & above,f,other,1,34,3.0,9,0,0,50
Technology,2,Bachelors,m,referred,2,27,5.0,2,0,0,78
Technology,2,Masters & above,m,sourcing,1,58,3.0,15,1,0,82
HR,2,Masters & above,f,other,1,43,5.0,7,1,0,49
Sales & Marketing,2,Masters & above,m,other,1,60,1.0,6,0,0,48
Finance,31,Bachelors,m,other,1,38,5.0,10,1,0,64
Sales & Marketing,17,Masters & above,m,sourcing,1,40,1.0,8,0,0,54
Operations,22,Masters & above,m,other,1,57,4.0,14,1,0,61
Procurement,31,Bachelors,m,sourcing,1,29,5.0,8,0,0,70
Analytics,22,Bachelors,f,other,3,30,3.0,4,0,0,84
Legal,7,Bachelors,f,sourcing,1,29,4.0,3,0,0,62
Sales & Marketing,2,Masters & above,m,sourcing,1,38,5.0,9,1,0,48
Sales & Marketing,22,Masters & above,m,sourcing,1,36,3.0,9,1,0,51
Finance,4,Masters & above,f,other,1,35,5.0,6,0,0,64
Procurement,13,Bachelors,m,sourcing,1,51,2.0,2,0,0,71
Analytics,11,Bachelors,m,sourcing,1,29,5.0,3,1,0,81
Technology,7,Bachelors,m,other,1,38,5.0,9,1,0,80
Sales & Marketing,25,Bachelors,m,other,2,30,5.0,8,0,0,50
Sales & Marketing,22,Masters & above,m,sourcing,1,31,4.0,6,0,0,48
Procurement,7,Masters & above,f,other,1,40,5.0,12,1,0,68
Sales & Marketing,28,Bachelors,f,sourcing,1,28,3.0,6,0,0,46
Procurement,17,Bachelors,f,other,1,31,2.0,2,0,0,69
HR,4,Masters & above,f,sourcing,1,35,5.0,7,1,0,49
Procurement,19,Bachelors,m,sourcing,2,30,5.0,4,1,0,73
Operations,11,Bachelors,m,other,1,31,3.0,3,1,0,60
Finance,27,Bachelors,m,other,1,31,3.0,7,0,0,59
Operations,26,Bachelors,m,sourcing,2,31,4.0,4,0,0,56
Procurement,2,Bachelors,m,other,1,26,3.0,2,1,0,74
Sales & Marketing,22,Bachelors,m,other,2,26,3.0,3,0,0,54
Procurement,2,Masters & above,f,sourcing,1,53,3.0,5,0,1,93
Technology,2,Masters & above,m,sourcing,1,51,5.0,8,1,0,83
R&D,2,Bachelors,m,sourcing,1,35,3.0,5,1,0,84
Sales & Marketing,31,Bachelors,m,other,1,31,4.0,6,0,0,45
Operations,28,Bachelors,m,sourcing,1,31,4.0,7,0,0,58
Analytics,11,Bachelors,m,sourcing,2,32,3.0,2,0,0,81
Operations,12,Bachelors,f,sourcing,1,31,3.0,5,1,0,59
Operations,15,Bachelors,m,other,1,52,5.0,25,0,0,60
Operations,22,Masters & above,m,sourcing,1,37,3.0,10,1,0,59
Procurement,2,Masters & above,m,sourcing,2,43,4.0,5,0,0,66
Technology,2,Bachelors,m,other,1,52,3.0,3,0,0,79
Technology,26,Masters & above,m,other,1,48,3.0,5,0,0,81
Technology,2,Masters & above,f,other,1,53,2.0,16,0,0,81
Operations,2,Masters & above,m,other,1,43,3.0,2,0,0,59
Sales & Marketing,15,Masters & above,m,sourcing,1,40,3.0,13,0,0,52
Operations,22,Bachelors,m,sourcing,1,29,3.0,5,1,0,62
Sales & Marketing,13,Masters & above,m,other,1,36,1.0,10,0,0,48
Technology,19,Bachelors,f,sourcing,3,36,1.0,6,0,0,77
Finance,7,Masters & above,f,other,1,36,4.0,9,0,0,62
Sales & Marketing,33,Bachelors,m,sourcing,1,33,5.0,5,1,0,55
Operations,11,Bachelors,m,other,1,30,3.0,4,0,0,62
Operations,15,Bachelors,m,other,1,37,3.0,9,0,0,57
Analytics,22,Bachelors,m,other,1,25,3.0,2,1,0,84
Operations,19,Bachelors,f,sourcing,1,36,1.0,3,1,0,60
Technology,7,Masters & above,m,other,3,33,5.0,4,1,0,75
Operations,22,Masters & above,f,other,1,44,4.0,6,0,0,58
HR,2,Bachelors,f,referred,1,37,5.0,7,1,0,53
Technology,13,Masters & above,m,other,1,54,3.0,13,0,0,81
Operations,21,Bachelors,f,other,1,36,3.0,7,1,0,61
Operations,26,Bachelors,m,sourcing,1,37,1.0,9,0,0,57
R&D,29,Masters & above,m,other,1,31,1.0,2,1,0,83
Analytics,26,Bachelors,m,other,1,26,1.0,4,0,0,88
Technology,2,Bachelors,m,other,3,32,3.0,6,0,0,84
Procurement,10,Bachelors,f,sourcing,1,29,4.0,3,1,0,65
Procurement,6,Bachelors,f,sourcing,1,25,3.0,2,0,0,68
Technology,28,Masters & above,m,sourcing,1,34,4.0,9,0,0,82
Sales & Marketing,2,Bachelors,m,other,2,60,3.0,10,0,0,54
HR,32,Bachelors,m,sourcing,1,30,3.0,3,1,0,46
Sales & Marketing,1,Masters & above,m,other,1,42,4.0,6,0,0,48
Operations,22,Bachelors,m,sourcing,1,35,5.0,10,0,0,62
Sales & Marketing,4,Masters & above,m,other,1,43,5.0,13,0,0,50
R&D,22,Masters & above,m,sourcing,1,35,4.0,2,0,0,87
Operations,34,Bachelors,m,other,2,27,3.0,5,0,0,55
Operations,22,Bachelors,f,other,1,43,5.0,5,0,0,61
Operations,22,Masters & above,m,referred,1,45,4.0,17,1,0,56
Procurement,2,Bachelors,f,other,1,38,5.0,10,1,0,65
HR,2,Bachelors,m,other,1,32,5.0,7,1,0,44
Operations,2,Bachelors,f,other,1,41,3.0,11,0,0,62
Sales & Marketing,13,Bachelors,m,sourcing,1,27,5.0,3,0,0,59
Legal,22,Masters & above,m,other,1,45,3.0,5,0,0,60
Operations,20,Bachelors,m,other,1,41,5.0,12,0,0,67
Operations,14,Masters & above,f,other,1,34,5.0,3,1,0,58
Operations,14,Masters & above,m,sourcing,1,36,5.0,9,1,0,58
Technology,19,Bachelors,m,other,3,32,3.0,6,1,0,92
Procurement,2,Masters & above,f,sourcing,3,36,3.0,6,1,0,74
Operations,22,Bachelors,f,other,1,36,5.0,4,0,1,71
Analytics,22,Bachelors,f,sourcing,1,31,3.0,5,1,1,85
Procurement,2,Masters & above,f,sourcing,1,46,5.0,3,1,0,71
Procurement,2,Bachelors,f,sourcing,1,30,1.0,7,1,0,68
Sales & Marketing,16,Bachelors,m,other,1,30,5.0,2,0,0,52
Procurement,16,Bachelors,m,sourcing,2,30,5.0,2,0,0,70
Operations,26,Masters & above,f,other,1,46,3.0,15,0,0,59
Operations,2,Masters & above,m,other,1,57,5.0,8,1,0,57
Sales & Marketing,7,Masters & above,m,sourcing,1,36,3.0,3,1,0,47
Sales & Marketing,17,Bachelors,m,other,1,31,4.0,7,1,0,67
Technology,11,Masters & above,m,other,1,51,2.0,18,0,0,74
Procurement,2,Masters & above,m,sourcing,1,54,4.0,11,0,0,75
Procurement,7,Bachelors,f,other,1,36,2.0,5,0,0,70
Sales & Marketing,27,Bachelors,m,sourcing,1,50,3.0,17,0,0,54
Sales & Marketing,2,Masters & above,f,other,1,54,5.0,27,0,0,46
Procurement,24,Bachelors,m,sourcing,4,29,4.0,5,1,0,64
Finance,2,Bachelors,m,sourcing,1,33,4.0,4,0,0,60
Sales & Marketing,26,Bachelors,m,other,1,30,5.0,3,1,0,48
Procurement,2,Masters & above,f,sourcing,1,33,5.0,6,1,0,70
Sales & Marketing,7,Masters & above,m,other,1,38,4.0,11,0,0,49
Procurement,2,Bachelors,f,other,2,41,3.0,14,0,0,72
Analytics,8,Bachelors,m,sourcing,2,28,2.0,3,1,0,85
Sales & Marketing,19,Bachelors,m,other,1,28,2.0,4,0,0,53
Technology,5,Masters & above,f,sourcing,1,43,3.0,14,0,0,77
Finance,26,Bachelors,f,sourcing,1,28,4.0,3,1,0,63
Procurement,7,Masters & above,f,other,1,38,4.0,3,0,0,94
Sales & Marketing,22,Masters & above,m,sourcing,2,33,3.0,8,0,0,53
Sales & Marketing,11,Bachelors,m,other,1,32,1.0,7,0,0,48
Operations,7,Bachelors,m,sourcing,1,29,4.0,3,0,0,58
Sales & Marketing,30,Bachelors,m,sourcing,1,30,5.0,7,0,0,52
Sales & Marketing,4,Masters & above,f,other,1,40,3.0,8,0,0,48
Operations,15,Bachelors,m,other,1,33,3.0,9,0,0,62
Finance,2,Masters & above,m,other,1,33,5.0,7,0,0,55
Operations,2,Bachelors,f,other,1,32,3.0,8,0,0,64
Sales & Marketing,14,Bachelors,f,sourcing,1,34,3.0,5,0,0,49
Operations,19,Bachelors,m,sourcing,1,29,4.0,5,0,0,62
Sales & Marketing,2,Masters & above,m,sourcing,1,37,3.0,10,1,0,50
Operations,22,Masters & above,m,sourcing,2,55,3.0,7,0,0,58
Sales & Marketing,22,Bachelors,m,sourcing,2,31,5.0,3,0,0,53
Sales & Marketing,26,Bachelors,f,other,1,28,5.0,2,0,0,61
Analytics,29,Bachelors,m,other,1,27,2.0,2,1,0,83
Sales & Marketing,15,Bachelors,f,sourcing,1,31,5.0,5,1,0,50
Sales & Marketing,3,Bachelors,m,sourcing,2,31,3.0,5,0,0,48
Analytics,2,Masters & above,m,other,1,56,5.0,14,1,0,84
Procurement,26,Bachelors,f,other,1,44,3.0,10,0,0,67
Sales & Marketing,26,Bachelors,f,other,1,24,3.0,1,0,0,51
Operations,15,Bachelors,m,sourcing,1,29,1.0,3,0,0,51
Procurement,31,Bachelors,m,other,1,43,3.0,7,0,0,66
HR,27,Bachelors,f,sourcing,1,26,3.0,5,0,0,52
Operations,13,Masters & above,f,other,1,41,4.0,13,0,0,60
Operations,22,Bachelors,f,sourcing,1,31,4.0,6,1,0,62
Analytics,2,Bachelors,m,other,1,30,5.0,4,1,1,83
Technology,27,Bachelors,f,sourcing,1,28,1.0,2,0,0,80
Operations,29,Bachelors,f,sourcing,2,35,3.0,7,0,0,62
HR,5,Bachelors,f,sourcing,1,33,5.0,4,1,0,47
Procurement,31,Bachelors,m,other,2,29,3.0,2,0,0,70
Procurement,31,Bachelors,f,other,2,27,5.0,5,0,0,70
Analytics,22,Bachelors,m,other,2,33,3.0,2,1,1,99
Technology,11,Masters & above,f,other,1,35,3.0,8,0,0,81
Operations,29,Masters & above,m,sourcing,1,34,3.0,4,1,1,60
Procurement,2,Bachelors,m,other,2,47,3.0,6,1,0,69
Analytics,26,Bachelors,m,other,1,30,4.0,7,0,0,85
Sales & Marketing,2,Masters & above,f,sourcing,1,32,2.0,3,0,0,49
Operations,22,Bachelors,m,sourcing,1,31,5.0,7,1,0,59
Operations,22,Bachelors,m,other,1,40,2.0,4,1,0,61
Operations,15,Masters & above,m,sourcing,1,32,4.0,4,0,0,61
Procurement,21,Masters & above,m,sourcing,1,41,4.0,12,1,0,70
Operations,11,Bachelors,m,other,2,31,3.0,5,0,0,62
Sales & Marketing,22,Bachelors,m,referred,3,27,5.0,4,1,0,50
Operations,27,Bachelors,m,sourcing,1,30,4.0,1,0,0,59
Sales & Marketing,8,Bachelors,m,sourcing,1,27,5.0,2,1,0,53
Operations,2,Bachelors,m,sourcing,1,31,2.0,7,1,0,55
Sales & Marketing,12,Bachelors,m,other,1,27,3.0,3,1,0,97
Operations,19,Bachelors,m,other,2,42,3.0,6,1,0,58
Operations,29,Bachelors,f,sourcing,1,30,5.0,7,1,0,60
Procurement,13,Masters & above,f,sourcing,1,36,3.0,10,0,0,69
Sales & Marketing,2,Bachelors,m,other,1,40,5.0,12,1,0,88
Operations,13,Bachelors,f,other,2,34,3.0,10,0,0,58
Operations,15,Bachelors,m,sourcing,1,40,3.0,9,1,0,63
Sales & Marketing,28,Masters & above,f,sourcing,1,31,3.0,2,0,0,43
Operations,7,Bachelors,m,other,1,35,3.0,7,0,0,90
Sales & Marketing,13,Masters & above,m,other,2,37,3.0,4,1,0,54
Procurement,16,Bachelors,f,sourcing,1,31,5.0,7,1,0,73
Operations,20,Bachelors,m,other,1,31,3.0,2,0,0,57
Operations,2,Bachelors,m,sourcing,1,34,5.0,9,1,0,58
Analytics,34,Bachelors,m,other,1,28,3.0,2,0,0,84
Operations,8,Bachelors,m,sourcing,2,26,1.0,4,1,0,53
Operations,13,Bachelors,m,sourcing,1,36,4.0,4,1,0,62
Sales & Marketing,13,Bachelors,m,other,1,33,5.0,7,0,0,86
Operations,22,Bachelors,m,other,1,28,4.0,3,1,0,55
Procurement,2,Bachelors,m,sourcing,1,40,1.0,7,0,0,65
Technology,23,Bachelors,f,other,1,33,3.0,4,1,0,76
Sales & Marketing,2,Bachelors,m,sourcing,1,44,4.0,3,0,0,52
Operations,31,Bachelors,m,sourcing,1,30,3.0,9,1,0,56
Sales & Marketing,26,Bachelors,f,other,1,36,4.0,7,0,0,50
Sales & Marketing,31,Bachelors,m,other,1,27,1.0,2,0,0,55
Operations,34,Masters & above,m,other,1,33,4.0,6,1,0,63
Operations,7,Bachelors,m,sourcing,1,39,3.0,10,1,0,61
Procurement,27,Masters & above,f,other,1,41,3.0,4,0,0,72
Procurement,4,Bachelors,m,other,1,31,4.0,2,1,0,71
Sales & Marketing,2,Bachelors,f,other,1,31,5.0,5,0,0,47
Sales & Marketing,12,Bachelors,m,sourcing,1,30,5.0,6,1,0,48
Analytics,20,Masters & above,m,other,1,32,3.0,4,0,0,84
Finance,23,Masters & above,m,other,1,33,5.0,2,1,0,57
Technology,4,Masters & above,m,sourcing,1,42,2.0,14,0,0,80
Finance,27,Bachelors,f,sourcing,2,25,3.0,2,0,0,56
Technology,34,Bachelors,m,other,2,29,2.0,8,0,0,84
Sales & Marketing,2,Bachelors,m,sourcing,1,37,3.0,7,1,0,48
Procurement,17,Masters & above,f,other,1,54,4.0,16,0,1,83
Sales & Marketing,17,Bachelors,m,other,3,27,3.0,2,0,0,48
Procurement,2,Bachelors,f,other,6,26,3.0,2,0,0,69
Operations,15,Bachelors,f,other,1,38,4.0,2,1,0,61
R&D,2,Bachelors,m,other,1,34,4.0,6,0,0,84
Sales & Marketing,19,Bachelors,m,other,1,41,5.0,11,0,0,51
Sales & Marketing,13,Bachelors,m,other,1,36,3.0,9,0,0,46
Legal,2,Masters & above,f,sourcing,1,52,5.0,16,1,0,59
HR,4,Masters & above,m,other,1,33,4.0,7,1,0,59
Operations,20,Bachelors,f,other,1,35,4.0,5,0,0,58
Analytics,29,Bachelors,f,other,1,32,4.0,6,0,0,87
Operations,22,Bachelors,f,sourcing,3,35,5.0,9,1,0,60
R&D,2,Bachelors,m,other,1,47,4.0,14,0,0,82
HR,2,Masters & above,f,other,1,49,3.0,5,1,0,52
Technology,3,Masters & above,m,sourcing,1,34,4.0,2,1,0,78
Analytics,2,Bachelors,m,sourcing,1,28,4.0,2,0,0,84
Sales & Marketing,22,Bachelors,f,sourcing,1,30,3.0,3,1,0,51
Sales & Marketing,15,Bachelors,m,other,1,37,2.0,6,0,0,51
Finance,4,Masters & above,m,sourcing,3,35,5.0,7,0,0,56
Sales & Marketing,30,Bachelors,m,sourcing,1,27,4.0,2,0,0,46
Sales & Marketing,15,Bachelors,m,other,2,29,1.0,6,0,0,51
Technology,7,Bachelors,f,sourcing,1,35,3.0,7,0,0,77
R&D,7,Bachelors,m,sourcing,1,35,3.0,2,1,0,88
Analytics,2,Masters & above,m,sourcing,1,35,4.0,11,0,0,83
Procurement,2,Bachelors,m,sourcing,2,49,3.0,3,1,0,73
HR,1,Masters & above,m,other,1,31,5.0,2,1,0,50
Operations,15,Bachelors,m,other,2,38,3.0,9,0,0,61
Procurement,24,Bachelors,f,other,2,31,3.0,4,0,0,70
Sales & Marketing,31,Bachelors,m,other,1,27,4.0,2,0,0,50
Technology,31,Bachelors,m,sourcing,1,34,2.0,6,1,0,85
Operations,15,Bachelors,m,sourcing,2,39,5.0,12,0,0,73
Procurement,2,Bachelors,f,other,1,49,2.0,15,0,0,71
Procurement,26,Bachelors,m,sourcing,1,30,4.0,4,0,0,70
Sales & Marketing,28,Bachelors,m,sourcing,1,40,5.0,5,0,0,44
HR,2,Bachelors,f,other,1,33,4.0,4,0,0,50
Sales & Marketing,6,Bachelors,f,sourcing,1,30,1.0,2,1,1,51
Procurement,14,Bachelors,f,sourcing,1,34,3.0,7,1,0,69
Sales & Marketing,2,Bachelors,m,other,1,28,3.0,2,0,0,46
Sales & Marketing,26,Bachelors,m,other,1,25,4.0,3,0,0,54
Procurement,2,Bachelors,f,referred,1,30,5.0,5,1,0,65
Technology,2,Masters & above,m,other,1,42,3.0,6,0,0,75
Sales & Marketing,2,Bachelors,m,other,3,30,3.0,5,0,0,47
Operations,15,Masters & above,m,other,1,53,4.0,6,0,0,61
Analytics,2,Bachelors,m,sourcing,1,58,4.0,13,1,0,88
Legal,22,Bachelors,m,sourcing,1,33,4.0,5,0,0,57
Procurement,20,Bachelors,m,other,1,33,5.0,7,1,0,71
Procurement,2,Masters & above,f,other,1,33,2.0,5,0,0,94
Procurement,17,Bachelors,f,other,2,38,3.0,4,0,0,76
Procurement,32,Bachelors,m,other,1,33,3.0,8,0,0,64
Sales & Marketing,2,Masters & above,f,other,1,39,2.0,4,0,0,46
Operations,29,Bachelors,m,sourcing,1,30,3.0,7,1,0,55
Legal,2,Masters & above,f,sourcing,1,53,5.0,2,0,1,59
Sales & Marketing,20,Bachelors,m,other,1,40,3.0,11,0,0,51
HR,2,Bachelors,m,referred,1,25,3.0,2,0,0,51
Analytics,22,Bachelors,m,other,1,32,1.0,6,0,0,83
Analytics,11,Bachelors,m,other,1,48,5.0,16,1,0,79
Operations,10,Bachelors,m,other,3,30,5.0,4,1,0,64
Operations,2,Bachelors,f,other,1,34,4.0,10,0,0,61
Sales & Marketing,6,Bachelors,f,other,1,26,1.0,2,0,0,42
Operations,7,Bachelors,f,sourcing,1,34,2.0,6,0,0,58
Procurement,2,Masters & above,f,other,1,47,5.0,19,1,0,70
Operations,22,Bachelors,f,other,1,29,3.0,4,1,0,61
Sales & Marketing,13,Masters & above,f,other,1,30,1.0,4,0,0,56
Operations,15,Bachelors,f,other,1,37,5.0,7,1,0,60
Technology,2,Masters & above,m,other,3,33,4.0,3,0,0,78
Analytics,7,Bachelors,m,other,1,30,5.0,4,1,0,83
Sales & Marketing,3,Bachelors,m,sourcing,1,25,5.0,1,1,0,50
Procurement,28,Bachelors,m,sourcing,4,29,3.0,4,0,0,71
Sales & Marketing,4,Masters & above,f,sourcing,1,33,1.0,5,0,0,47
Analytics,2,Bachelors,m,other,2,39,5.0,7,0,0,87
Operations,2,Masters & above,m,sourcing,2,39,3.0,7,0,0,65
Procurement,22,Masters & above,m,sourcing,1,29,3.0,5,0,0,67
Technology,31,Bachelors,f,other,1,32,3.0,8,0,0,80
Sales & Marketing,2,Masters & above,m,sourcing,1,35,4.0,7,0,0,50
Sales & Marketing,22,Bachelors,f,other,1,24,3.0,2,0,0,48
Operations,7,Masters & above,m,other,3,36,4.0,7,1,0,61
Procurement,14,Masters & above,f,sourcing,1,37,1.0,4,0,0,70
Technology,2,Bachelors,f,other,1,39,2.0,7,0,0,85
Sales & Marketing,14,Bachelors,m,sourcing,1,49,5.0,19,0,0,48
HR,2,Masters & above,m,sourcing,1,57,3.0,18,0,0,54
Operations,7,Bachelors,f,sourcing,1,31,3.0,6,1,0,59
Finance,26,Bachelors,f,other,1,31,2.0,4,0,0,57
Operations,7,Bachelors,m,sourcing,1,33,5.0,3,0,0,58
Sales & Marketing,17,Bachelors,m,other,1,40,2.0,4,1,1,53
Operations,2,Bachelors,f,sourcing,1,55,4.0,16,0,0,56
Procurement,13,Masters & above,f,other,4,35,3.0,7,0,0,70
Operations,2,Bachelors,m,referred,1,32,5.0,7,0,0,60
Finance,4,Masters & above,m,other,1,35,5.0,7,0,0,55
Operations,2,Bachelors,m,sourcing,1,30,5.0,3,1,0,60
Operations,14,Masters & above,m,other,1,39,1.0,5,1,0,62
Sales & Marketing,25,Bachelors,m,other,1,29,3.0,4,0,0,52
Technology,2,Bachelors,f,sourcing,1,49,2.0,18,0,0,80
Sales & Marketing,11,Bachelors,m,other,1,45,1.0,7,0,0,46
Operations,2,Bachelors,f,other,1,51,5.0,12,1,0,66
Operations,11,Bachelors,f,other,1,37,3.0,10,0,0,55
Sales & Marketing,26,Bachelors,m,other,1,34,4.0,8,1,0,50
Sales & Marketing,29,Bachelors,m,sourcing,1,42,1.0,7,1,0,49
Sales & Marketing,13,Bachelors,m,other,1,36,4.0,9,0,0,58
Operations,26,Bachelors,m,sourcing,1,33,3.0,10,0,0,60
Operations,31,Masters & above,f,other,1,38,5.0,6,1,0,63
Sales & Marketing,26,Bachelors,m,other,1,41,3.0,6,0,0,47
Sales & Marketing,3,Masters & above,m,sourcing,1,31,5.0,3,1,1,50
Procurement,4,Masters & above,f,other,1,35,1.0,3,0,0,66
Analytics,7,Bachelors,m,other,1,29,5.0,2,0,0,85
HR,2,Masters & above,m,sourcing,1,32,5.0,5,1,0,46
Technology,7,Bachelors,m,sourcing,2,32,5.0,5,0,0,82
Sales & Marketing,8,Masters & above,m,sourcing,1,33,5.0,6,0,0,56
Procurement,7,Masters & above,m,other,1,38,1.0,3,0,0,71
Procurement,21,Masters & above,m,sourcing,1,42,4.0,11,1,0,70
HR,2,Bachelors,m,other,1,30,2.0,4,0,0,48
Operations,7,Bachelors,f,other,1,37,4.0,7,0,0,60
Procurement,6,Bachelors,f,sourcing,4,31,3.0,4,0,0,71
Operations,2,Masters & above,m,sourcing,1,45,2.0,3,0,0,60
Sales & Marketing,4,Bachelors,m,sourcing,1,39,3.0,7,0,0,47
HR,2,Masters & above,f,other,1,39,3.0,7,1,0,54
Sales & Marketing,2,Bachelors,m,other,1,33,3.0,3,1,0,53
Sales & Marketing,2,Masters & above,f,other,1,38,3.0,10,1,0,54
Sales & Marketing,2,Masters & above,f,sourcing,1,40,3.0,5,0,0,52
Technology,11,Bachelors,m,sourcing,1,31,4.0,5,1,0,82
Technology,2,Bachelors,m,referred,1,25,4.0,3,0,0,76
Sales & Marketing,17,Masters & above,m,other,1,40,4.0,6,1,0,99
Operations,2,Bachelors,f,referred,1,36,5.0,8,1,0,58
Operations,22,Bachelors,f,sourcing,1,28,3.0,4,1,0,59
Technology,2,Bachelors,f,sourcing,1,47,2.0,4,1,0,75
Finance,23,Bachelors,m,other,1,35,3.0,3,0,0,61
Sales & Marketing,22,Bachelors,m,sourcing,2,26,5.0,2,1,0,49
Technology,2,Bachelors,f,sourcing,1,42,3.0,12,0,0,81
Procurement,15,Bachelors,f,other,1,29,1.0,5,0,0,70
Operations,28,Bachelors,f,sourcing,1,27,3.0,2,1,0,52
Sales & Marketing,4,Bachelors,m,sourcing,1,36,3.0,7,0,0,47
Operations,26,Bachelors,m,other,1,33,3.0,5,0,0,61
Procurement,24,Bachelors,m,other,1,33,3.0,7,1,0,75
Operations,19,Bachelors,m,other,1,37,5.0,2,1,0,60
Sales & Marketing,2,Masters & above,m,other,2,35,1.0,8,0,0,49
Sales & Marketing,26,Bachelors,m,other,1,35,5.0,8,0,0,47
Procurement,26,Bachelors,m,other,1,29,4.0,4,1,0,64
Legal,22,Bachelors,m,referred,1,29,1.0,3,1,0,57
Procurement,17,Masters & above,m,other,1,60,3.0,6,0,0,65
Finance,2,Bachelors,f,sourcing,1,34,4.0,3,0,0,57
Analytics,2,Bachelors,m,other,1,37,4.0,3,1,0,84
Technology,20,Bachelors,m,other,1,32,4.0,4,0,0,81
Technology,27,Bachelors,m,other,2,27,3.0,3,0,1,96
Sales & Marketing,4,Bachelors,m,other,1,47,3.0,8,0,0,48
Analytics,5,Bachelors,m,sourcing,1,26,4.0,3,1,0,91
Legal,2,Masters & above,m,other,1,47,5.0,4,1,0,59
Sales & Marketing,25,Bachelors,m,sourcing,1,38,4.0,5,1,0,49
Operations,2,Bachelors,f,referred,1,37,3.0,2,1,0,58
Finance,15,Bachelors,m,sourcing,1,34,3.0,6,0,0,62
Analytics,23,Bachelors,m,other,3,33,3.0,2,0,0,81
Sales & Marketing,22,Masters & above,m,sourcing,1,38,1.0,10,0,0,50
Sales & Marketing,13,Bachelors,m,sourcing,1,35,3.0,7,1,0,51
Sales & Marketing,21,Bachelors,f,other,1,43,3.0,6,0,0,43
Sales & Marketing,26,Bachelors,m,other,1,32,4.0,9,1,0,52
Sales & Marketing,16,Masters & above,m,other,1,42,3.0,10,0,0,48
Analytics,22,Bachelors,f,other,2,25,5.0,2,0,0,80
Procurement,2,Masters & above,m,sourcing,1,35,5.0,2,1,0,70
Operations,2,Bachelors,f,sourcing,2,32,4.0,7,1,0,58
Procurement,11,Bachelors,m,sourcing,1,31,3.0,8,0,0,69
Procurement,2,Masters & above,f,sourcing,1,58,5.0,5,1,0,74
Analytics,31,Bachelors,m,other,2,28,4.0,3,1,0,83
Procurement,16,Masters & above,f,other,1,33,1.0,5,0,0,69
Analytics,23,Masters & above,m,other,1,38,1.0,7,0,0,82
Sales & Marketing,30,Bachelors,m,other,2,28,3.0,5,0,0,48
Procurement,27,Bachelors,f,other,2,28,3.0,2,0,0,69
Procurement,2,Masters & above,f,other,2,45,3.0,15,0,0,69
Sales & Marketing,14,Bachelors,f,other,1,40,1.0,12,0,0,53
Operations,15,Bachelors,m,other,2,40,5.0,7,1,0,57
Analytics,22,Bachelors,m,other,1,34,5.0,5,0,0,86
Procurement,2,Bachelors,f,sourcing,3,33,3.0,6,0,0,67
Finance,7,Bachelors,m,sourcing,1,34,5.0,3,1,0,64
HR,2,Masters & above,m,other,1,30,5.0,8,1,0,48
Sales & Marketing,19,Bachelors,m,other,1,36,1.0,7,0,0,50
Procurement,2,Bachelors,m,sourcing,3,29,3.0,6,0,0,69
Operations,22,Bachelors,m,sourcing,1,35,3.0,9,0,0,60
Analytics,15,Bachelors,m,other,2,34,3.0,6,0,0,85
Procurement,2,Bachelors,f,sourcing,1,29,3.0,2,0,0,81
Sales & Marketing,2,Masters & above,f,other,1,34,2.0,8,0,0,50
Operations,2,Bachelors,f,sourcing,1,27,2.0,3,0,0,59
Legal,2,Bachelors,m,sourcing,1,41,3.0,7,1,1,62
Sales & Marketing,28,Bachelors,m,sourcing,1,26,1.0,4,0,0,51
Analytics,31,Bachelors,m,sourcing,2,30,1.0,4,0,0,86
Operations,22,Bachelors,m,sourcing,1,28,1.0,3,0,0,61
Sales & Marketing,16,Bachelors,m,other,1,25,1.0,3,0,0,48
Operations,13,Bachelors,m,sourcing,1,40,3.0,7,0,0,58
Sales & Marketing,26,Bachelors,m,other,1,50,2.0,5,0,1,58
Technology,23,Masters & above,m,sourcing,1,42,1.0,12,0,0,80
Procurement,2,Masters & above,f,other,1,33,3.0,7,1,0,70
Procurement,2,Bachelors,f,sourcing,1,33,1.0,9,0,0,66
Operations,2,Bachelors,m,other,1,32,4.0,6,0,0,58
R&D,2,Bachelors,m,sourcing,1,41,3.0,5,1,0,82
Sales & Marketing,13,Bachelors,m,other,1,52,1.0,16,0,0,45
Sales & Marketing,31,Masters & above,m,other,1,43,5.0,3,0,0,55
Sales & Marketing,7,Bachelors,m,sourcing,2,44,5.0,13,0,0,47
HR,2,Below Secondary,m,sourcing,1,21,4.0,2,1,0,89
Sales & Marketing,7,Bachelors,m,other,1,37,3.0,10,1,0,48
Operations,2,Masters & above,m,other,1,60,5.0,16,1,0,56
Sales & Marketing,19,Bachelors,m,other,3,35,3.0,2,0,0,49
Operations,6,Bachelors,f,other,1,28,3.0,3,0,0,62
HR,15,Bachelors,m,other,1,34,4.0,2,0,0,48
Operations,15,Masters & above,m,sourcing,1,37,4.0,2,1,1,63
HR,2,Masters & above,f,referred,1,53,5.0,5,0,0,51
Analytics,28,Bachelors,m,sourcing,1,33,3.0,8,0,0,81
Operations,7,Bachelors,m,sourcing,3,38,3.0,10,0,0,62
Operations,12,Bachelors,m,other,1,28,5.0,4,0,0,64
Procurement,2,Bachelors,m,other,7,41,3.0,4,0,0,68
Finance,2,Bachelors,m,sourcing,1,56,4.0,17,0,0,58
Technology,2,Bachelors,m,other,1,47,3.0,5,0,0,76
Analytics,14,Bachelors,m,other,1,30,3.0,5,0,0,85
Operations,27,Bachelors,f,sourcing,1,32,4.0,7,1,0,58
Legal,22,Bachelors,m,sourcing,1,29,3.0,5,1,0,57
Analytics,22,Bachelors,m,other,2,29,3.0,6,0,0,82
Technology,13,Bachelors,m,other,1,30,3.0,4,0,0,78
Legal,12,Bachelors,m,sourcing,1,26,5.0,2,1,0,54
Sales & Marketing,6,Bachelors,m,other,3,41,1.0,10,0,0,50
Sales & Marketing,7,Masters & above,f,sourcing,1,43,2.0,3,0,0,52
Operations,19,Bachelors,m,other,1,37,4.0,4,0,0,61
Sales & Marketing,2,Bachelors,f,other,1,35,1.0,9,0,0,53
R&D,8,Masters & above,m,sourcing,1,27,3.0,2,0,0,82
Sales & Marketing,16,Bachelors,m,other,1,29,2.0,2,0,0,49
HR,2,Masters & above,m,sourcing,1,38,3.0,4,0,0,49
Sales & Marketing,34,Bachelors,m,sourcing,1,31,3.0,3,0,0,52
Sales & Marketing,1,Masters & above,m,other,1,36,5.0,2,0,0,51
Sales & Marketing,2,Bachelors,m,other,1,53,2.0,3,1,0,50
Sales & Marketing,7,Bachelors,f,sourcing,1,31,4.0,6,1,0,52
Sales & Marketing,20,Bachelors,m,other,1,40,1.0,3,0,0,47
R&D,26,Masters & above,m,sourcing,1,31,3.0,3,0,0,84
Sales & Marketing,22,Bachelors,m,sourcing,2,32,5.0,10,1,1,99
Operations,15,Masters & above,f,other,1,36,5.0,8,1,0,63
Sales & Marketing,2,Bachelors,f,other,1,46,4.0,17,0,0,52
Analytics,24,Masters & above,m,other,1,34,4.0,7,0,0,81
Procurement,2,Masters & above,m,other,1,58,2.0,19,0,0,70
Finance,6,Bachelors,m,other,1,31,5.0,6,0,0,60
Operations,32,Bachelors,m,other,2,35,3.0,3,0,0,60
Technology,22,Bachelors,m,sourcing,1,31,4.0,2,0,0,81
Finance,26,Bachelors,m,other,1,29,5.0,1,1,0,55
Sales & Marketing,13,Bachelors,f,other,1,39,3.0,3,0,0,47
Technology,2,Masters & above,f,sourcing,1,44,3.0,5,1,0,81
Operations,19,Bachelors,m,sourcing,1,40,5.0,6,1,0,53
Analytics,5,Bachelors,m,other,2,28,3.0,2,0,0,85
Operations,15,Bachelors,m,other,1,36,3.0,7,1,0,57
Procurement,7,Bachelors,f,other,1,33,5.0,4,1,0,71
Procurement,2,Bachelors,m,other,1,33,1.0,6,0,0,71
Operations,4,Bachelors,m,sourcing,2,29,5.0,3,1,0,57
Sales & Marketing,32,Bachelors,m,other,1,40,4.0,8,0,0,51
Sales & Marketing,9,Bachelors,m,other,1,33,1.0,7,0,0,50
Operations,2,Bachelors,f,referred,1,33,3.0,4,1,1,63
Sales & Marketing,7,Bachelors,m,other,1,49,1.0,10,0,0,44
Technology,23,Bachelors,m,other,1,33,1.0,7,0,0,78
Analytics,22,Bachelors,m,other,1,36,5.0,3,0,0,85
Procurement,11,Bachelors,m,sourcing,1,29,3.0,2,0,0,69
Operations,34,Bachelors,m,other,1,30,3.0,6,0,0,58
Sales & Marketing,20,Bachelors,m,other,3,28,1.0,2,0,0,48
Operations,22,Bachelors,m,sourcing,1,28,5.0,2,1,0,61
Procurement,34,Bachelors,m,other,1,28,1.0,7,0,0,73
Technology,17,Bachelors,f,other,1,32,4.0,3,0,0,77
Sales & Marketing,1,Bachelors,m,other,1,30,5.0,4,0,0,44
Operations,13,Bachelors,m,other,1,30,1.0,5,0,0,56
Sales & Marketing,7,Masters & above,m,sourcing,1,37,4.0,7,1,0,49
Legal,13,Bachelors,f,other,1,32,4.0,5,1,0,63
Technology,14,Bachelors,f,other,1,33,3.0,6,0,0,80
Technology,19,Bachelors,f,other,1,34,3.0,6,0,0,84
Finance,2,Bachelors,m,sourcing,1,40,2.0,11,1,0,59
HR,2,Bachelors,m,referred,1,28,3.0,2,0,0,50
Technology,19,Masters & above,m,sourcing,1,44,3.0,13,0,0,74
Sales & Marketing,11,Masters & above,m,other,1,35,4.0,7,0,0,53
Operations,20,Bachelors,m,other,1,33,2.0,8,1,0,58
Sales & Marketing,14,Bachelors,m,other,1,37,3.0,10,1,0,48
Technology,27,Bachelors,m,other,1,28,3.0,4,1,0,80
Operations,28,Bachelors,m,other,1,24,5.0,2,1,0,54
Technology,15,Bachelors,m,sourcing,1,27,5.0,2,1,0,80
Sales & Marketing,2,Bachelors,f,sourcing,1,34,1.0,7,0,0,47
Analytics,28,Bachelors,m,other,1,40,4.0,10,0,0,86
Analytics,31,Bachelors,m,other,1,30,3.0,3,0,0,81
Analytics,15,Masters & above,m,sourcing,1,30,5.0,5,1,0,82
Procurement,14,Bachelors,f,sourcing,1,29,5.0,4,1,0,73
Sales & Marketing,24,Bachelors,m,other,1,28,3.0,1,0,0,54
Analytics,2,Bachelors,m,sourcing,1,34,5.0,3,0,0,82
Procurement,4,Masters & above,m,other,1,42,2.0,12,0,0,69
Procurement,5,Masters & above,f,sourcing,3,35,5.0,9,0,0,69
Sales & Marketing,1,Masters & above,m,other,1,39,3.0,4,0,0,51
HR,2,Bachelors,m,other,1,34,1.0,7,0,0,52
Sales & Marketing,16,Bachelors,m,sourcing,2,30,1.0,5,0,0,51
Analytics,27,Bachelors,m,other,2,28,3.0,2,1,1,79
Finance,2,Masters & above,f,other,1,54,4.0,5,1,0,62
Sales & Marketing,22,Masters & above,m,sourcing,1,30,3.0,2,0,0,51
Technology,7,Bachelors,f,other,1,25,4.0,2,1,0,82
Sales & Marketing,16,Bachelors,m,other,1,58,3.0,16,0,0,52
Sales & Marketing,15,Bachelors,m,other,1,49,1.0,16,0,0,50
Procurement,15,Bachelors,m,other,1,39,3.0,3,0,0,71
Procurement,15,Masters & above,f,sourcing,1,44,2.0,13,0,0,67
Technology,20,Bachelors,m,other,1,31,3.0,8,0,0,77
Procurement,10,Masters & above,m,other,1,42,3.0,6,0,0,70
Sales & Marketing,28,Masters & above,m,sourcing,1,39,3.0,9,1,0,48
Technology,26,Bachelors,f,sourcing,1,30,4.0,2,1,0,76
Technology,13,Bachelors,m,sourcing,1,34,2.0,6,0,0,77
Operations,27,Bachelors,f,other,1,30,3.0,8,0,0,61
Technology,6,Bachelors,m,other,1,28,3.0,5,0,0,80
Sales & Marketing,7,Masters & above,f,other,1,33,5.0,5,0,0,48
Analytics,26,Bachelors,m,other,1,30,2.0,5,0,0,84
Operations,29,Bachelors,m,sourcing,1,37,3.0,9,0,0,60
Operations,7,Bachelors,f,other,1,37,4.0,10,1,0,56
R&D,10,Bachelors,m,other,1,32,3.0,5,0,0,85
Sales & Marketing,7,Bachelors,m,sourcing,2,31,3.0,6,1,0,53
Finance,22,Bachelors,m,sourcing,3,32,5.0,7,0,0,61
Technology,15,Masters & above,f,sourcing,1,35,2.0,9,0,0,83
Sales & Marketing,25,Masters & above,m,other,4,41,3.0,13,0,0,50
Technology,5,Below Secondary,f,other,1,22,4.0,1,1,1,83
Procurement,2,Masters & above,m,sourcing,1,48,2.0,18,0,0,72
Sales & Marketing,31,Bachelors,m,other,2,34,5.0,6,1,0,51
Sales & Marketing,22,Bachelors,f,other,1,29,5.0,5,0,0,52
Technology,1,Masters & above,f,sourcing,1,38,1.0,8,0,0,80
Procurement,7,Masters & above,m,other,1,36,3.0,9,0,0,66
Operations,11,Bachelors,f,other,1,30,5.0,3,0,0,59
Procurement,2,Masters & above,f,other,1,44,3.0,3,1,0,73
Operations,22,Bachelors,m,other,2,50,5.0,9,1,0,58
Sales & Marketing,2,Masters & above,m,sourcing,1,39,5.0,8,1,0,43
Operations,15,Bachelors,f,sourcing,1,42,5.0,15,1,0,61
HR,2,Bachelors,f,other,1,32,5.0,7,0,0,45
Sales & Marketing,16,Bachelors,f,sourcing,1,39,4.0,2,0,0,52
Operations,15,Bachelors,m,sourcing,1,51,5.0,20,0,0,57
Procurement,7,Masters & above,f,sourcing,1,49,5.0,20,1,0,69
Technology,15,Bachelors,m,other,1,32,2.0,3,0,0,77
Procurement,23,Bachelors,f,sourcing,1,29,1.0,4,0,0,66
HR,2,Masters & above,m,sourcing,1,36,5.0,2,1,0,53
Technology,7,Masters & above,m,sourcing,3,35,4.0,7,0,0,79
Operations,30,Bachelors,f,sourcing,1,32,5.0,7,1,0,60
Sales & Marketing,3,Masters & above,m,sourcing,4,33,1.0,5,1,0,50
Technology,2,Masters & above,m,other,2,51,3.0,22,0,0,80
HR,15,Bachelors,f,sourcing,1,33,5.0,5,0,0,48
Finance,26,Bachelors,m,sourcing,1,29,5.0,5,1,0,96
Procurement,7,Masters & above,f,sourcing,2,41,1.0,7,1,0,69
Sales & Marketing,18,Bachelors,f,sourcing,1,31,1.0,4,0,0,48
Operations,19,Bachelors,m,sourcing,1,35,4.0,7,0,0,57
Procurement,13,Masters & above,m,other,1,34,5.0,5,1,0,72
Sales & Marketing,8,Bachelors,m,sourcing,2,25,3.0,2,0,0,50
Procurement,22,Bachelors,f,sourcing,1,29,3.0,2,0,0,73
Sales & Marketing,7,Bachelors,m,other,1,55,5.0,20,1,0,47
Technology,16,Bachelors,m,other,1,35,5.0,5,1,0,74
Operations,22,Bachelors,m,other,1,34,4.0,8,1,0,61
Operations,2,Masters & above,f,other,1,38,2.0,4,1,0,63
Procurement,2,Masters & above,m,other,1,60,1.0,17,0,0,70
Technology,22,Bachelors,m,referred,1,29,5.0,3,1,0,80
Analytics,20,Bachelors,m,other,1,29,3.0,3,0,0,88
Procurement,2,Bachelors,f,other,1,45,4.0,5,1,0,75
Analytics,26,Bachelors,m,sourcing,2,43,5.0,4,1,0,86
Technology,17,Bachelors,f,other,1,32,3.0,5,0,0,81
Analytics,29,Bachelors,f,other,1,28,5.0,4,1,0,83
Procurement,8,Masters & above,f,other,1,34,1.0,3,0,0,70
Procurement,2,Bachelors,m,sourcing,1,35,4.0,5,0,0,86
HR,23,Bachelors,m,sourcing,1,30,5.0,4,0,0,51
Sales & Marketing,31,Masters & above,f,other,1,34,5.0,6,0,0,54
Finance,32,Bachelors,m,other,1,34,5.0,5,1,0,60
Sales & Marketing,21,Masters & above,m,sourcing,2,35,3.0,4,0,0,50
Operations,4,Bachelors,f,other,1,27,4.0,4,0,0,64
Operations,27,Bachelors,m,other,2,41,3.0,12,1,0,57
Operations,15,Bachelors,m,sourcing,2,37,5.0,2,1,0,62
Sales & Marketing,6,Bachelors,m,other,1,30,1.0,2,0,0,51
Sales & Marketing,30,Bachelors,m,sourcing,1,35,5.0,4,1,0,48
Sales & Marketing,6,Bachelors,m,sourcing,1,32,4.0,7,0,0,52
Finance,7,Masters & above,m,other,1,36,3.0,7,0,0,59
Procurement,19,Bachelors,m,sourcing,1,41,3.0,7,0,0,70
Sales & Marketing,2,Bachelors,f,sourcing,1,53,3.0,26,0,0,45
Operations,12,Bachelors,m,other,1,26,3.0,4,0,0,58
Sales & Marketing,4,Bachelors,m,sourcing,1,33,1.0,3,0,0,47
Technology,22,Below Secondary,m,other,1,26,3.0,4,1,0,80
Sales & Marketing,14,Masters & above,m,other,1,33,1.0,3,1,0,49
Analytics,21,Bachelors,m,other,2,28,3.0,3,1,0,88
Operations,2,Bachelors,m,sourcing,3,51,5.0,8,1,0,55
Sales & Marketing,26,Masters & above,m,sourcing,1,43,3.0,14,0,0,53
Analytics,4,Masters & above,m,other,1,44,3.0,2,1,0,83
Sales & Marketing,25,Masters & above,m,sourcing,1,43,3.0,5,0,0,47
Operations,2,Masters & above,m,other,1,44,3.0,2,1,0,60
Finance,11,Bachelors,m,other,1,31,5.0,7,0,0,56
Operations,4,Masters & above,f,other,3,37,5.0,5,1,0,60
Finance,11,Bachelors,m,other,1,32,5.0,6,1,0,58
Sales & Marketing,19,Bachelors,m,sourcing,1,32,2.0,3,0,0,49
Sales & Marketing,2,Bachelors,m,sourcing,2,41,5.0,11,0,0,52
Operations,2,Bachelors,m,other,2,53,3.0,10,1,0,63
Sales & Marketing,24,Bachelors,f,sourcing,1,31,1.0,3,0,0,52
Procurement,2,Bachelors,f,other,1,53,4.0,12,1,0,69
Analytics,26,Bachelors,m,sourcing,1,28,5.0,2,1,0,81
Operations,34,Bachelors,m,other,1,36,5.0,4,1,0,58
Sales & Marketing,28,Bachelors,m,sourcing,1,33,3.0,2,1,0,49
Procurement,17,Bachelors,m,other,1,31,3.0,5,1,1,96
Operations,7,Below Secondary,m,other,1,25,4.0,3,0,0,56
Analytics,27,Bachelors,m,sourcing,2,29,3.0,2,0,0,82
Sales & Marketing,2,Masters & above,f,sourcing,1,39,5.0,4,1,0,50
Sales & Marketing,19,Bachelors,m,sourcing,3,33,1.0,7,0,0,49
Procurement,22,Bachelors,f,sourcing,1,28,5.0,6,0,0,84
Sales & Marketing,26,Masters & above,m,other,1,40,5.0,11,0,0,47
HR,2,Bachelors,m,sourcing,1,33,5.0,4,0,0,48
Sales & Marketing,14,Bachelors,m,other,1,32,3.0,7,0,0,50
Sales & Marketing,2,Bachelors,m,other,2,44,1.0,4,0,0,48
Sales & Marketing,23,Masters & above,m,sourcing,1,39,4.0,4,1,0,49
Sales & Marketing,26,Bachelors,m,other,1,40,1.0,4,0,0,50
Technology,31,Masters & above,m,sourcing,1,39,3.0,8,0,0,81
Operations,15,Bachelors,m,sourcing,3,43,5.0,15,1,0,59
Operations,2,Masters & above,m,sourcing,2,35,3.0,5,1,0,57
Operations,27,Bachelors,m,other,1,36,4.0,9,0,0,66
Operations,15,Bachelors,m,sourcing,1,52,4.0,13,0,0,63
HR,22,Masters & above,f,sourcing,1,34,5.0,6,1,0,53
Sales & Marketing,15,Bachelors,m,other,1,27,2.0,5,0,0,50
Operations,4,Masters & above,m,other,1,47,3.0,6,1,0,58
Technology,2,Bachelors,m,sourcing,1,29,2.0,3,0,0,80
Sales & Marketing,11,Bachelors,m,sourcing,1,32,2.0,6,0,0,46
Operations,30,Masters & above,m,sourcing,1,37,3.0,5,0,0,60
Sales & Marketing,31,Masters & above,m,sourcing,1,42,3.0,8,1,0,48
Analytics,4,Masters & above,m,other,1,36,5.0,7,0,0,89
Operations,32,Bachelors,m,sourcing,1,30,5.0,2,1,0,57
Technology,7,Masters & above,m,other,1,48,3.0,20,0,0,82
Sales & Marketing,31,Bachelors,f,sourcing,1,37,1.0,9,0,0,49
HR,2,Masters & above,m,other,1,37,3.0,5,1,1,54
Technology,22,Masters & above,f,other,3,39,4.0,4,1,0,78
HR,22,Bachelors,m,other,1,28,3.0,4,0,0,52
Procurement,22,Masters & above,m,sourcing,1,47,5.0,21,1,0,67
Sales & Marketing,15,Bachelors,m,other,1,28,5.0,5,0,0,51
Operations,29,Masters & above,m,sourcing,2,41,5.0,3,0,0,60
Operations,27,Bachelors,f,other,2,28,4.0,4,0,0,67
Sales & Marketing,2,Masters & above,m,sourcing,2,40,3.0,5,1,0,48
Technology,2,Bachelors,f,other,1,37,5.0,13,0,0,90
Operations,11,Masters & above,f,other,1,59,5.0,28,1,0,61
Sales & Marketing,7,Bachelors,f,sourcing,1,39,2.0,10,0,0,51
Operations,16,Bachelors,m,other,1,34,2.0,8,1,0,59
Technology,26,Bachelors,m,sourcing,1,29,4.0,3,0,0,79
R&D,26,Masters & above,m,referred,2,29,5.0,3,1,0,86
Operations,26,Bachelors,f,other,1,26,4.0,2,0,0,63
Sales & Marketing,14,Bachelors,m,other,1,31,5.0,10,0,0,46
Procurement,2,Bachelors,f,sourcing,1,40,3.0,9,0,0,68
Technology,2,Masters & above,m,sourcing,1,54,4.0,18,1,0,77
Sales & Marketing,25,Bachelors,m,other,1,34,2.0,10,0,0,47
Operations,2,Bachelors,f,other,1,34,1.0,6,0,0,63
Procurement,7,Masters & above,f,other,1,36,3.0,5,0,0,73
Legal,7,Bachelors,m,other,1,27,3.0,1,1,0,57
Procurement,30,Bachelors,f,sourcing,1,36,5.0,2,1,0,63
Operations,23,Masters & above,m,other,1,42,3.0,3,0,0,58
Analytics,25,Bachelors,m,sourcing,1,28,3.0,6,1,0,85
Procurement,2,Bachelors,f,sourcing,1,30,5.0,6,0,0,68
Sales & Marketing,31,Bachelors,m,other,1,35,3.0,8,0,0,52
Legal,26,Bachelors,m,sourcing,1,32,2.0,7,0,0,60
Legal,31,Masters & above,m,other,1,36,3.0,7,0,0,56
Sales & Marketing,29,Bachelors,m,sourcing,1,29,4.0,8,0,0,51
Sales & Marketing,22,Bachelors,m,other,1,39,3.0,6,0,0,47
Procurement,13,Bachelors,m,other,3,24,1.0,3,0,0,72
Operations,7,Bachelors,f,other,1,41,5.0,4,1,0,59
Sales & Marketing,27,Bachelors,m,other,1,36,1.0,3,0,0,48
Sales & Marketing,7,Masters & above,m,other,1,44,1.0,5,1,0,53
Technology,2,Masters & above,f,other,2,50,3.0,7,0,0,80
Sales & Marketing,11,Masters & above,m,other,1,41,5.0,13,0,0,50
Operations,2,Bachelors,m,other,2,31,4.0,7,0,0,63
Technology,14,Masters & above,m,sourcing,2,33,3.0,4,0,0,80
Analytics,13,Bachelors,m,other,1,40,3.0,6,0,0,83
Legal,22,Bachelors,f,sourcing,1,30,3.0,4,0,0,61
Finance,22,Masters & above,m,sourcing,1,34,4.0,9,0,0,61
Sales & Marketing,2,Masters & above,m,other,1,39,2.0,10,0,0,52
Procurement,5,Masters & above,f,other,1,36,4.0,4,0,0,71
Sales & Marketing,20,Bachelors,m,sourcing,4,26,1.0,2,0,0,51
Analytics,22,Bachelors,m,other,3,28,3.0,7,0,0,85
Technology,14,Bachelors,f,sourcing,1,34,1.0,8,0,0,81
Legal,6,Bachelors,m,other,1,30,5.0,4,0,0,60
Operations,2,Bachelors,f,other,1,50,3.0,17,0,0,64
Procurement,30,Masters & above,m,other,1,40,5.0,11,1,0,64
Procurement,7,Masters & above,m,sourcing,1,34,4.0,7,1,0,69
Sales & Marketing,2,Masters & above,m,sourcing,2,38,5.0,8,1,0,51
Sales & Marketing,7,Masters & above,m,other,1,38,1.0,7,1,0,46
Sales & Marketing,2,Bachelors,f,other,1,37,3.0,9,1,0,91
Operations,28,Masters & above,m,sourcing,1,34,4.0,7,0,0,63
Procurement,14,Masters & above,m,sourcing,1,35,1.0,3,0,0,68
Sales & Marketing,25,Masters & above,m,other,1,32,3.0,5,1,0,47
Operations,8,Masters & above,f,sourcing,1,31,3.0,3,0,0,74
Sales & Marketing,22,Bachelors,m,sourcing,1,56,5.0,5,1,0,54
Operations,8,Bachelors,f,other,1,36,4.0,7,0,0,59
Sales & Marketing,2,Bachelors,m,sourcing,2,53,5.0,11,1,0,48
Operations,32,Bachelors,m,other,1,37,5.0,9,0,0,59
Sales & Marketing,12,Bachelors,f,other,1,27,2.0,2,1,0,46
Sales & Marketing,26,Bachelors,m,sourcing,1,44,1.0,16,0,0,53
HR,10,Bachelors,m,other,1,29,4.0,2,1,0,57
Technology,2,Bachelors,f,other,1,32,3.0,7,0,0,78
Operations,15,Bachelors,f,sourcing,1,30,4.0,3,0,0,53
Finance,25,Bachelors,m,other,2,30,5.0,6,1,0,59
Procurement,7,Bachelors,m,other,2,36,1.0,9,0,0,69
Sales & Marketing,25,Masters & above,m,other,2,34,3.0,10,0,0,46
Sales & Marketing,2,Bachelors,m,sourcing,1,53,3.0,12,0,0,46
Operations,6,Bachelors,m,sourcing,1,34,5.0,8,1,0,61
Sales & Marketing,2,Bachelors,m,other,2,53,3.0,19,0,0,53
Finance,20,Bachelors,m,other,1,27,5.0,3,1,0,59
Analytics,26,Bachelors,m,sourcing,2,40,5.0,5,0,1,86
Sales & Marketing,27,Masters & above,m,sourcing,1,41,3.0,6,0,0,48
Operations,7,Bachelors,f,sourcing,1,26,5.0,3,0,0,56
Operations,19,Bachelors,m,sourcing,2,31,5.0,3,0,0,63
HR,14,Bachelors,m,sourcing,1,24,5.0,2,1,0,50
Sales & Marketing,16,Bachelors,m,other,1,52,5.0,9,0,0,52
HR,22,Masters & above,f,sourcing,1,35,5.0,7,1,0,47
Operations,22,Bachelors,m,other,2,30,5.0,2,1,0,56
Sales & Marketing,6,Bachelors,m,other,1,36,5.0,4,1,0,50
Procurement,7,Masters & above,m,sourcing,1,37,5.0,2,1,0,73
Operations,22,Bachelors,m,other,1,48,5.0,15,1,0,59
Sales & Marketing,30,Bachelors,m,sourcing,1,41,4.0,2,0,0,47
Sales & Marketing,13,Bachelors,m,other,1,47,1.0,4,0,0,53
Analytics,4,Masters & above,m,sourcing,1,45,2.0,6,1,0,83
Technology,4,Masters & above,m,sourcing,1,42,1.0,8,0,0,79
Operations,2,Bachelors,m,other,1,51,3.0,6,0,0,61
Procurement,12,Bachelors,f,sourcing,1,33,4.0,2,1,0,72
Technology,2,Masters & above,m,sourcing,1,48,1.0,14,0,0,78
Sales & Marketing,22,Bachelors,m,other,1,27,3.0,3,1,0,49
Operations,2,Masters & above,m,other,2,50,3.0,4,0,0,65
Sales & Marketing,31,Bachelors,m,other,1,41,1.0,4,0,0,47
Procurement,19,Bachelors,m,sourcing,1,37,3.0,12,0,0,67
Technology,26,Bachelors,m,other,1,26,3.0,3,0,0,75
Sales & Marketing,1,Masters & above,f,other,1,37,3.0,4,0,0,47
HR,4,Bachelors,m,sourcing,1,40,4.0,3,1,0,47
Procurement,8,Bachelors,f,other,1,32,4.0,8,0,0,70
Operations,15,Masters & above,f,other,1,43,3.0,15,0,0,60
Procurement,27,Bachelors,m,sourcing,1,32,3.0,2,1,0,70
Operations,4,Bachelors,m,sourcing,1,26,5.0,3,1,0,61
Sales & Marketing,15,Bachelors,f,other,1,31,5.0,6,1,0,49
Procurement,2,Bachelors,f,other,3,36,3.0,10,0,0,66
Operations,26,Bachelors,f,other,1,30,2.0,6,1,0,61
Procurement,2,Bachelors,m,other,2,31,1.0,5,0,0,68
Sales & Marketing,19,Bachelors,f,other,1,29,5.0,3,0,0,50
Procurement,2,Masters & above,f,other,2,41,3.0,2,1,1,65
Procurement,17,Masters & above,f,sourcing,2,35,3.0,3,1,0,69
Sales & Marketing,4,Masters & above,m,other,1,33,5.0,6,0,0,44
Technology,22,Bachelors,m,other,1,28,1.0,4,0,0,77
Operations,22,Masters & above,m,sourcing,1,43,1.0,4,0,0,58
Finance,11,Bachelors,m,other,2,31,3.0,2,1,0,64
Finance,22,Below Secondary,f,sourcing,2,24,3.0,2,0,0,61
Legal,16,Bachelors,m,other,2,35,3.0,3,0,0,51
Operations,5,Bachelors,f,other,1,25,2.0,3,0,0,62
Finance,27,Bachelors,m,sourcing,1,26,1.0,2,0,0,60
Technology,17,Bachelors,f,other,2,35,3.0,4,1,0,76
Operations,29,Masters & above,f,other,1,33,1.0,3,0,0,61
Sales & Marketing,10,Masters & above,f,sourcing,1,35,2.0,5,1,0,53
Procurement,2,Bachelors,f,other,1,39,2.0,5,0,0,71
Technology,2,Bachelors,f,other,3,31,3.0,4,0,0,81
Sales & Marketing,2,Masters & above,m,other,1,46,4.0,6,0,0,51
Operations,3,Bachelors,m,other,2,29,5.0,2,0,0,99
Sales & Marketing,20,Masters & above,m,sourcing,1,41,4.0,5,1,0,49
HR,2,Bachelors,m,sourcing,1,30,1.0,4,0,0,48
Analytics,2,Masters & above,m,other,2,42,5.0,12,1,0,82
Operations,22,Bachelors,m,other,3,26,5.0,3,1,0,57
Procurement,7,Masters & above,m,other,2,49,2.0,4,0,0,67
R&D,22,Bachelors,m,sourcing,1,31,1.0,2,1,0,92
Operations,4,Masters & above,f,sourcing,1,38,4.0,7,0,0,58
Sales & Marketing,27,Bachelors,m,sourcing,1,43,3.0,2,0,0,47
Analytics,32,Bachelors,f,other,1,34,5.0,2,1,0,82
Finance,6,Bachelors,m,other,2,27,4.0,3,1,0,63
Procurement,2,Masters & above,m,sourcing,1,37,1.0,5,0,0,68
Operations,17,Bachelors,m,other,1,39,3.0,12,0,0,58
Technology,31,Bachelors,m,sourcing,1,26,3.0,4,0,0,77
Analytics,2,Bachelors,m,sourcing,1,37,5.0,7,1,0,84
Operations,2,Below Secondary,m,other,2,24,3.0,5,0,0,59
Finance,7,Bachelors,m,other,2,31,3.0,4,0,0,62
Operations,2,Below Secondary,f,other,1,21,3.0,2,0,0,61
Sales & Marketing,2,Bachelors,m,other,2,27,3.0,3,0,0,48
Procurement,24,Bachelors,m,other,1,25,3.0,3,1,0,75
Sales & Marketing,16,Bachelors,m,other,1,31,3.0,7,0,0,46
Sales & Marketing,9,Bachelors,m,other,2,28,2.0,5,0,0,49
HR,20,Bachelors,f,other,1,27,3.0,4,0,0,46
Sales & Marketing,2,Masters & above,f,sourcing,1,39,5.0,2,1,0,50
Sales & Marketing,22,Masters & above,m,sourcing,1,28,3.0,2,0,0,50
Sales & Marketing,32,Bachelors,m,other,1,30,3.0,3,0,0,51
Sales & Marketing,15,Bachelors,m,sourcing,2,35,2.0,4,0,0,54
Procurement,11,Bachelors,m,other,1,30,3.0,4,0,0,72
Procurement,22,Masters & above,m,other,1,40,3.0,5,0,0,62
Procurement,2,Masters & above,m,sourcing,1,38,5.0,3,1,0,74
HR,22,Bachelors,m,sourcing,1,30,5.0,5,0,0,48
Procurement,15,Bachelors,m,other,1,33,5.0,4,1,0,71
Operations,12,Bachelors,f,other,1,29,5.0,4,1,0,54
Procurement,16,Below Secondary,f,other,2,23,3.0,2,0,0,68
Procurement,2,Bachelors,m,sourcing,3,32,2.0,4,0,0,66
Sales & Marketing,26,Bachelors,m,sourcing,1,46,1.0,6,0,0,48
Operations,17,Bachelors,m,other,1,27,4.0,3,0,0,61
Technology,22,Bachelors,f,other,2,29,1.0,8,0,0,77
Sales & Marketing,1,Bachelors,m,other,1,36,4.0,9,1,0,46
HR,20,Bachelors,f,other,1,30,5.0,3,0,0,49
HR,19,Bachelors,m,sourcing,1,33,3.0,5,0,0,54
Analytics,2,Bachelors,m,sourcing,1,40,3.0,6,0,0,85
Technology,7,Below Secondary,m,sourcing,2,24,5.0,2,1,1,78
Sales & Marketing,4,Bachelors,f,sourcing,1,35,4.0,10,0,0,54
Operations,26,Masters & above,f,other,1,35,5.0,8,1,0,56
Sales & Marketing,2,Bachelors,f,sourcing,1,27,4.0,5,1,0,48
Sales & Marketing,7,Bachelors,m,other,1,48,1.0,8,0,0,49
Procurement,6,Bachelors,m,other,1,27,2.0,2,0,0,72
Analytics,2,Bachelors,m,other,1,53,3.0,16,0,0,89
Sales & Marketing,31,Bachelors,m,other,1,31,1.0,3,0,0,50
Operations,15,Bachelors,m,other,1,34,3.0,6,0,0,64
R&D,15,Masters & above,m,sourcing,2,32,3.0,3,0,0,83
Technology,24,Bachelors,m,other,1,31,3.0,2,0,0,81
Procurement,10,Bachelors,m,other,1,32,3.0,3,0,0,69
HR,2,Bachelors,f,referred,1,44,2.0,12,1,0,47
Operations,19,Masters & above,f,other,1,40,3.0,6,1,0,58
Procurement,26,Masters & above,f,other,1,35,1.0,6,0,0,73
Procurement,16,Bachelors,m,other,1,35,3.0,5,1,0,69
Operations,26,Bachelors,m,other,2,28,5.0,2,1,0,56
Analytics,9,Bachelors,m,sourcing,2,28,2.0,3,0,0,83
Sales & Marketing,16,Bachelors,f,other,1,31,5.0,2,0,0,45
Procurement,22,Masters & above,m,other,1,29,3.0,2,0,0,69
Technology,2,Masters & above,m,sourcing,1,34,2.0,6,1,0,81
HR,2,Masters & above,m,sourcing,1,39,3.0,4,0,0,46
Procurement,27,Bachelors,f,sourcing,2,29,3.0,2,0,0,72
Operations,22,Bachelors,m,sourcing,2,40,3.0,3,0,0,67
Sales & Marketing,2,Bachelors,f,other,1,31,5.0,5,1,0,48
Finance,2,Bachelors,m,sourcing,3,26,3.0,2,0,0,64
Finance,22,Bachelors,m,other,1,24,5.0,2,0,0,69
Sales & Marketing,17,Bachelors,m,other,1,33,5.0,9,1,0,47
Sales & Marketing,28,Masters & above,m,other,1,31,5.0,7,1,0,47
R&D,22,Bachelors,m,other,1,33,4.0,5,0,0,85
Operations,19,Bachelors,m,sourcing,1,29,3.0,2,0,0,59
Sales & Marketing,22,Bachelors,m,other,2,26,4.0,3,1,0,49
HR,4,Masters & above,m,other,3,39,3.0,8,0,0,51
Analytics,22,Bachelors,m,other,1,28,3.0,2,0,0,84
Finance,2,Below Secondary,f,other,1,23,4.0,2,0,0,58
Operations,7,Masters & above,m,other,1,48,4.0,17,0,0,59
Legal,31,Bachelors,m,other,1,36,3.0,7,0,0,59
Sales & Marketing,2,Masters & above,m,other,1,31,3.0,7,1,0,49
R&D,22,Masters & above,m,other,2,36,5.0,2,1,1,84
Technology,27,Bachelors,m,other,1,27,3.0,6,0,0,75
HR,2,Bachelors,f,sourcing,1,28,5.0,4,0,0,51
Sales & Marketing,32,Bachelors,m,other,1,37,5.0,9,0,0,53
Operations,2,Bachelors,f,sourcing,2,37,4.0,5,1,0,57
Sales & Marketing,1,Bachelors,m,sourcing,2,30,3.0,7,0,0,50
Technology,27,Bachelors,m,other,1,29,3.0,5,0,0,75
Technology,2,Bachelors,m,sourcing,1,20,3.0,2,1,0,82
Technology,26,Masters & above,m,other,1,35,3.0,6,1,0,80
Operations,20,Bachelors,f,sourcing,1,29,5.0,3,1,0,59
Analytics,7,Bachelors,m,other,1,31,4.0,7,1,0,81
Technology,11,Bachelors,m,other,1,33,4.0,4,0,0,78
Sales & Marketing,11,Bachelors,m,other,1,33,5.0,4,0,0,61
Procurement,31,Masters & above,m,other,1,43,3.0,7,1,0,71
R&D,7,Bachelors,m,sourcing,1,31,3.0,5,0,0,85
HR,13,Masters & above,f,sourcing,1,32,5.0,5,1,1,98
HR,26,Bachelors,m,other,2,32,2.0,2,0,0,47
Procurement,10,Masters & above,m,sourcing,1,38,4.0,10,1,0,71
Sales & Marketing,2,Bachelors,m,sourcing,2,42,1.0,3,0,0,46
Finance,4,Masters & above,m,sourcing,2,36,3.0,3,0,0,60
Sales & Marketing,13,Masters & above,m,other,1,42,2.0,6,1,0,54
Analytics,28,Bachelors,m,other,2,28,3.0,4,0,0,86
Technology,22,Bachelors,m,other,3,30,4.0,4,0,0,83
Operations,2,Bachelors,m,other,1,27,3.0,5,1,0,60
Sales & Marketing,29,Bachelors,m,sourcing,2,29,3.0,3,0,0,54
Sales & Marketing,13,Masters & above,m,other,1,34,4.0,9,0,0,51
Technology,28,Bachelors,m,sourcing,1,28,3.0,5,1,0,78
Technology,7,Bachelors,m,other,1,40,2.0,2,1,0,84
Finance,27,Bachelors,m,sourcing,1,27,1.0,4,0,0,55
Operations,14,Bachelors,m,other,1,41,3.0,7,0,1,99
Operations,27,Bachelors,m,sourcing,1,24,5.0,2,1,0,58
Operations,29,Bachelors,m,sourcing,1,39,4.0,5,0,0,60
Sales & Marketing,22,Bachelors,m,sourcing,2,29,4.0,1,1,0,48
Finance,2,Bachelors,f,other,1,38,3.0,9,0,0,69
Sales & Marketing,29,Bachelors,m,sourcing,1,32,5.0,4,1,0,49
Technology,13,Masters & above,m,sourcing,2,41,5.0,3,1,1,92
Sales & Marketing,4,Bachelors,m,other,1,33,2.0,2,1,0,53
HR,2,Bachelors,f,other,1,38,4.0,4,0,0,50
Procurement,2,Bachelors,m,sourcing,1,41,5.0,10,1,0,74
Procurement,13,Masters & above,m,sourcing,1,33,5.0,8,1,0,68
Operations,3,Masters & above,f,sourcing,1,33,4.0,2,0,0,61
Procurement,5,Bachelors,f,sourcing,1,35,3.0,6,0,0,71
Sales & Marketing,6,Bachelors,f,other,1,28,5.0,2,1,0,50
Procurement,5,Bachelors,f,other,1,36,3.0,3,0,0,76
Sales & Marketing,25,Masters & above,m,sourcing,1,39,5.0,2,1,0,46
Operations,26,Masters & above,f,sourcing,1,33,5.0,4,1,0,58
Finance,28,Masters & above,f,other,1,32,1.0,5,0,0,59
Operations,2,Bachelors,m,other,2,36,3.0,4,0,0,60
Operations,4,Masters & above,f,other,2,33,3.0,2,0,0,58
Sales & Marketing,15,Bachelors,f,other,1,29,3.0,5,1,0,49
Sales & Marketing,20,Bachelors,m,other,1,34,3.0,10,1,0,49
Operations,16,Masters & above,m,sourcing,1,43,3.0,4,0,0,72
Analytics,4,Masters & above,m,other,1,38,5.0,4,1,0,82
HR,2,Below Secondary,m,sourcing,1,21,5.0,2,1,0,49
Sales & Marketing,2,Bachelors,f,other,1,30,1.0,5,0,0,54
Sales & Marketing,2,Bachelors,m,referred,1,37,4.0,2,0,0,53
Technology,22,Bachelors,m,other,1,39,3.0,4,1,0,77
Operations,14,Masters & above,f,other,1,49,3.0,9,0,0,60
HR,2,Bachelors,m,sourcing,1,27,3.0,1,1,0,47
HR,4,Bachelors,m,other,1,31,3.0,6,1,0,47
Finance,15,Bachelors,m,other,1,30,5.0,5,1,0,60
Technology,5,Below Secondary,f,other,1,24,3.0,1,0,0,77
Sales & Marketing,2,Bachelors,f,sourcing,1,33,5.0,3,1,0,51
Procurement,7,Bachelors,m,sourcing,3,30,1.0,4,0,0,73
Operations,27,Bachelors,f,other,2,28,3.0,3,1,0,60
Technology,26,Masters & above,m,sourcing,1,56,3.0,7,0,0,79
Sales & Marketing,34,Bachelors,m,other,1,30,4.0,3,0,0,49
Finance,2,Bachelors,f,sourcing,1,35,5.0,5,0,0,60
Sales & Marketing,4,Masters & above,m,sourcing,1,50,5.0,18,1,0,53
Legal,32,Bachelors,m,sourcing,1,34,3.0,6,0,0,55
Sales & Marketing,7,Bachelors,m,sourcing,1,35,2.0,7,1,0,45
Procurement,30,Bachelors,m,other,3,28,3.0,3,1,0,70
Sales & Marketing,23,Bachelors,m,other,1,28,5.0,6,1,0,49
Operations,2,Bachelors,m,other,2,42,3.0,4,0,0,62
Operations,22,Bachelors,f,other,1,40,5.0,11,1,0,60
Sales & Marketing,2,Bachelors,m,sourcing,1,26,5.0,2,1,0,50
Operations,2,Bachelors,m,other,1,37,4.0,5,1,0,58
Technology,22,Bachelors,m,other,2,30,5.0,2,1,0,80
Procurement,2,Masters & above,f,other,8,43,4.0,2,1,0,71
Sales & Marketing,7,Bachelors,m,other,1,42,1.0,11,0,0,51
Operations,27,Bachelors,f,other,1,32,5.0,8,1,0,58
Sales & Marketing,15,Bachelors,m,other,1,36,1.0,7,0,0,46
Operations,13,Bachelors,m,sourcing,1,37,3.0,9,0,0,58
Sales & Marketing,2,Masters & above,m,other,1,39,4.0,4,1,0,50
Procurement,11,Bachelors,m,other,2,34,3.0,6,0,0,76
Operations,2,Bachelors,m,sourcing,1,37,3.0,7,1,0,59
Analytics,22,Bachelors,f,sourcing,1,26,1.0,4,0,0,88
Procurement,27,Bachelors,f,sourcing,2,25,3.0,1,0,0,71
HR,2,Masters & above,m,other,1,60,5.0,15,1,0,47
Sales & Marketing,25,Masters & above,f,sourcing,1,38,4.0,2,0,0,48
Analytics,2,Masters & above,m,other,1,55,3.0,28,0,0,83
Procurement,17,Bachelors,f,sourcing,1,33,3.0,6,0,0,70
HR,25,Bachelors,f,other,1,26,5.0,2,1,0,49
Analytics,22,Bachelors,m,other,1,30,1.0,4,0,0,82
Operations,9,Bachelors,m,sourcing,1,29,4.0,3,0,0,63
Procurement,7,Masters & above,m,other,2,31,1.0,5,0,0,68
Technology,21,Masters & above,f,other,1,33,3.0,6,0,0,78
Procurement,26,Bachelors,m,other,2,27,3.0,2,0,0,65
Finance,2,Bachelors,m,other,1,38,3.0,7,0,0,60
Procurement,7,Bachelors,m,other,6,42,4.0,12,0,0,66
HR,6,Bachelors,m,other,1,32,4.0,5,1,0,53
Operations,2,Bachelors,m,sourcing,1,50,4.0,4,0,0,63
Sales & Marketing,19,Bachelors,m,other,1,29,1.0,5,0,0,47
Procurement,2,Masters & above,m,other,1,51,5.0,22,1,0,96
Sales & Marketing,14,Masters & above,m,other,1,38,5.0,4,1,0,48
Procurement,22,Bachelors,m,other,1,29,4.0,6,0,0,72
Technology,10,Masters & above,m,other,1,33,4.0,8,1,0,79
Operations,15,Masters & above,m,other,1,47,2.0,3,1,0,62
Sales & Marketing,11,Bachelors,m,other,1,29,3.0,4,1,0,48
Technology,11,Masters & above,f,other,1,39,4.0,4,1,0,76
Technology,1,Masters & above,m,other,1,33,3.0,4,0,0,77
Procurement,31,Bachelors,m,other,1,33,1.0,6,0,0,65
Operations,22,Bachelors,m,sourcing,1,31,2.0,8,1,0,61
R&D,2,Masters & above,f,sourcing,1,33,4.0,6,1,0,83
Sales & Marketing,16,Bachelors,f,other,1,29,3.0,2,0,0,52
Sales & Marketing,22,Bachelors,m,sourcing,1,28,2.0,2,0,0,47
Sales & Marketing,18,Bachelors,m,other,1,34,1.0,4,0,0,50
Sales & Marketing,2,Masters & above,f,other,1,34,1.0,7,0,0,50
Technology,16,Masters & above,f,sourcing,1,55,3.0,6,1,0,77
Sales & Marketing,16,Bachelors,f,other,2,26,3.0,2,0,0,48
Sales & Marketing,29,Bachelors,m,other,1,42,1.0,8,0,0,48
Sales & Marketing,2,Masters & above,m,referred,1,37,3.0,8,0,0,47
Operations,2,Bachelors,m,other,2,38,4.0,2,1,0,59
Operations,11,Bachelors,m,sourcing,1,31,4.0,5,0,0,62
Technology,2,Masters & above,f,sourcing,1,44,2.0,7,0,0,79
Sales & Marketing,2,Bachelors,m,other,1,43,2.0,14,0,0,50
Sales & Marketing,15,Masters & above,m,sourcing,1,40,2.0,10,0,0,51
Finance,2,Bachelors,m,sourcing,2,31,4.0,5,1,0,61
Analytics,19,Bachelors,m,sourcing,1,31,3.0,6,0,0,88
Operations,22,Bachelors,m,sourcing,2,29,4.0,7,0,0,61
Sales & Marketing,4,Masters & above,m,other,1,36,5.0,8,1,0,47
Technology,2,Masters & above,f,other,1,47,1.0,3,0,0,78
Operations,31,Bachelors,m,sourcing,1,39,3.0,5,1,0,60
Sales & Marketing,29,Bachelors,m,other,1,23,3.0,2,0,0,49
Operations,15,Masters & above,m,sourcing,1,48,4.0,9,0,0,56
Analytics,13,Bachelors,m,sourcing,1,39,3.0,10,0,0,83
Sales & Marketing,30,Bachelors,m,sourcing,1,34,5.0,5,0,0,51
Operations,27,Bachelors,f,other,1,37,3.0,7,1,0,63
Technology,2,Bachelors,m,sourcing,1,31,1.0,5,0,0,84
Analytics,22,Bachelors,f,other,1,29,4.0,5,1,0,87
Technology,16,Bachelors,m,other,1,26,3.0,2,0,0,79
Technology,17,Bachelors,m,other,1,29,3.0,3,1,0,78
Sales & Marketing,13,Bachelors,m,other,2,31,3.0,4,0,0,51
Operations,2,Below Secondary,f,sourcing,1,25,4.0,3,0,0,55
Sales & Marketing,2,Bachelors,m,sourcing,2,32,1.0,2,1,0,54
Sales & Marketing,11,Bachelors,m,other,1,32,3.0,3,0,0,41
HR,23,Bachelors,m,sourcing,1,31,5.0,9,1,0,45
Procurement,22,Bachelors,m,other,2,29,2.0,5,0,0,74
HR,16,Bachelors,m,other,1,25,3.0,2,0,0,44
Sales & Marketing,7,Bachelors,m,other,2,34,5.0,4,1,0,54
HR,7,Below Secondary,m,other,1,24,2.0,2,0,0,62
Technology,7,Masters & above,f,other,1,32,3.0,5,0,0,83
Technology,16,Bachelors,f,sourcing,1,25,4.0,2,0,0,81
HR,10,Bachelors,f,sourcing,1,29,5.0,4,1,0,46
Technology,22,Masters & above,m,sourcing,3,49,3.0,3,0,0,80
Operations,7,Bachelors,f,sourcing,2,39,1.0,8,0,0,65
Sales & Marketing,31,Bachelors,m,other,3,34,1.0,9,0,0,46
HR,2,Masters & above,m,sourcing,1,45,5.0,7,1,0,49
Procurement,16,Bachelors,f,other,1,34,4.0,3,0,0,80
Technology,10,Bachelors,f,other,1,31,3.0,3,0,0,80
Operations,26,Bachelors,f,other,1,32,3.0,7,0,0,62
R&D,25,Bachelors,m,sourcing,1,29,5.0,2,1,0,80
Technology,7,Bachelors,m,other,2,37,3.0,5,0,0,77
Procurement,2,Below Secondary,m,other,8,26,5.0,3,0,0,71
Sales & Marketing,22,Bachelors,m,other,1,30,3.0,2,0,0,46
Sales & Marketing,11,Masters & above,m,other,1,39,3.0,10,0,0,50
Technology,1,Masters & above,m,other,1,32,3.0,6,0,0,83
Sales & Marketing,24,Masters & above,m,other,1,40,3.0,5,0,0,50
Technology,20,Bachelors,f,other,1,36,3.0,8,0,0,80
Sales & Marketing,19,Bachelors,m,sourcing,1,38,4.0,4,1,0,51
Sales & Marketing,27,Bachelors,m,other,4,28,3.0,2,1,1,92
Operations,7,Bachelors,m,sourcing,1,30,3.0,7,0,0,58
Sales & Marketing,4,Bachelors,m,other,1,26,3.0,5,1,0,50
Operations,13,Bachelors,m,other,1,26,5.0,5,1,0,63
Sales & Marketing,2,Bachelors,f,other,1,28,4.0,4,1,1,50
Analytics,15,Bachelors,m,sourcing,1,32,3.0,5,0,0,85
Sales & Marketing,1,Bachelors,m,sourcing,1,26,5.0,4,1,0,44
Procurement,22,Bachelors,f,other,1,33,1.0,10,1,0,68
HR,2,Masters & above,f,sourcing,1,49,3.0,3,1,0,51
Sales & Marketing,11,Bachelors,m,sourcing,1,31,5.0,4,1,0,45
Sales & Marketing,25,Bachelors,f,sourcing,2,31,3.0,4,1,0,50
Operations,2,Bachelors,m,sourcing,1,27,3.0,2,1,0,64
Technology,7,Bachelors,f,sourcing,1,35,4.0,3,0,0,80
Technology,7,Bachelors,f,sourcing,1,27,5.0,1,1,0,79
Procurement,22,Masters & above,f,sourcing,1,47,3.0,6,0,0,69
Technology,2,Masters & above,f,sourcing,1,50,4.0,17,1,0,79
Analytics,4,Masters & above,m,sourcing,1,54,3.0,10,1,0,94
Procurement,7,Masters & above,m,sourcing,1,48,4.0,4,0,0,72
Legal,32,Bachelors,m,sourcing,1,28,3.0,2,1,0,57
HR,2,Masters & above,m,sourcing,1,56,5.0,15,0,0,47
Technology,2,Masters & above,m,other,1,48,5.0,17,0,0,92
Operations,2,Bachelors,f,other,2,29,3.0,2,0,0,57
Procurement,2,Below Secondary,m,other,1,20,3.0,2,1,0,70
Sales & Marketing,2,Bachelors,m,referred,1,36,2.0,10,1,0,46
Operations,26,Masters & above,f,other,1,52,5.0,9,0,0,59
Analytics,29,Bachelors,m,sourcing,1,31,5.0,8,0,0,82
HR,29,Masters & above,m,sourcing,1,36,2.0,7,0,0,54
R&D,22,Bachelors,m,sourcing,1,32,3.0,5,0,0,87
Procurement,2,Masters & above,f,sourcing,1,47,3.0,4,1,1,71
Operations,22,Masters & above,m,sourcing,1,42,3.0,9,0,0,69
HR,24,Bachelors,m,sourcing,1,32,3.0,5,1,0,45
Technology,13,Masters & above,m,sourcing,2,45,4.0,11,0,0,81
Legal,2,Bachelors,f,sourcing,1,33,1.0,5,0,0,56
Sales & Marketing,2,Masters & above,m,other,3,37,3.0,7,0,0,49
Sales & Marketing,24,Masters & above,m,other,2,32,3.0,10,0,0,48
Finance,2,Bachelors,f,other,1,46,4.0,19,0,0,58
Procurement,19,Bachelors,m,sourcing,2,30,5.0,2,0,0,72
Legal,20,Bachelors,m,other,1,32,4.0,5,0,0,57
Analytics,27,Bachelors,m,other,1,39,3.0,10,0,0,84
Finance,32,Bachelors,m,sourcing,1,29,5.0,3,1,0,62
Analytics,15,Bachelors,m,sourcing,1,31,5.0,7,0,0,83
Technology,13,Bachelors,f,other,1,43,4.0,14,1,0,84
Technology,24,Bachelors,m,sourcing,1,36,3.0,8,0,0,81
Procurement,22,Bachelors,m,sourcing,1,29,2.0,5,0,0,70
Sales & Marketing,26,Bachelors,f,sourcing,2,28,1.0,3,0,0,50
Sales & Marketing,27,Masters & above,m,other,1,32,1.0,7,0,0,45
Technology,14,Masters & above,f,sourcing,1,43,3.0,3,0,0,78
Operations,16,Masters & above,f,sourcing,1,43,3.0,10,0,0,56
Technology,31,Bachelors,f,other,1,39,3.0,5,1,0,81
Operations,7,Masters & above,m,other,1,40,4.0,10,1,0,59
Operations,27,Bachelors,f,other,1,35,3.0,5,0,0,56
Analytics,26,Masters & above,m,other,1,39,5.0,12,0,0,84
Operations,11,Bachelors,f,sourcing,1,32,5.0,5,0,0,56
Procurement,11,Masters & above,m,sourcing,1,39,2.0,10,0,0,70
Operations,8,Masters & above,m,sourcing,1,48,5.0,6,0,0,62
Analytics,13,Bachelors,m,other,1,38,3.0,4,0,0,86
Sales & Marketing,2,Masters & above,m,other,1,48,4.0,5,0,0,49
Sales & Marketing,7,Masters & above,f,other,1,38,3.0,10,0,0,49
Technology,10,Masters & above,f,sourcing,1,35,3.0,7,0,0,75
Procurement,30,Bachelors,f,other,1,33,5.0,7,0,0,69
Technology,7,Bachelors,m,sourcing,1,32,4.0,3,1,0,82
Procurement,15,Masters & above,m,other,1,39,5.0,3,0,0,81
Finance,2,Masters & above,m,sourcing,2,38,5.0,8,0,0,61
Sales & Marketing,10,Bachelors,m,sourcing,1,27,2.0,4,0,0,54
Sales & Marketing,13,Bachelors,m,other,1,40,5.0,7,1,0,47
Sales & Marketing,22,Masters & above,m,sourcing,1,27,2.0,5,0,0,45
Procurement,13,Masters & above,f,other,1,45,2.0,2,0,0,66
Sales & Marketing,28,Bachelors,m,other,1,36,5.0,8,1,0,47
Sales & Marketing,27,Bachelors,m,sourcing,1,36,4.0,4,0,0,52
Analytics,7,Bachelors,m,sourcing,1,28,5.0,4,1,0,88
Sales & Marketing,22,Masters & above,f,other,1,30,2.0,3,0,0,48
Sales & Marketing,22,Bachelors,m,other,4,27,1.0,2,0,0,52
Sales & Marketing,25,Masters & above,m,other,2,43,3.0,12,0,0,49
Procurement,15,Masters & above,m,sourcing,1,36,1.0,2,0,0,72
R&D,11,Masters & above,m,other,1,35,3.0,8,0,0,87
Technology,20,Bachelors,m,other,1,30,3.0,3,0,0,79
Analytics,22,Masters & above,m,other,2,37,5.0,5,1,0,84
Analytics,17,Bachelors,m,sourcing,2,37,4.0,10,0,0,89
Finance,26,Bachelors,f,sourcing,1,31,4.0,10,1,0,57
Analytics,26,Bachelors,m,other,1,33,4.0,5,1,0,86
Operations,22,Bachelors,m,sourcing,1,40,5.0,12,1,0,63
Operations,22,Bachelors,m,other,1,40,5.0,10,1,0,60
Operations,16,Bachelors,f,sourcing,1,26,3.0,2,0,0,59
Procurement,32,Bachelors,m,other,2,33,3.0,6,0,0,73
Analytics,22,Masters & above,m,other,1,32,3.0,7,0,0,85
Legal,2,Below Secondary,f,other,1,27,4.0,2,0,0,54
Analytics,15,Bachelors,m,other,1,33,3.0,6,1,0,87
Procurement,22,Bachelors,m,other,3,29,2.0,4,1,0,70
Sales & Marketing,2,Masters & above,m,other,1,53,2.0,5,1,0,50
Technology,10,Bachelors,m,other,1,28,5.0,4,0,0,78
Operations,16,Masters & above,f,sourcing,1,36,4.0,8,0,0,61
Technology,2,Masters & above,m,other,1,47,3.0,4,1,0,80
Operations,32,Bachelors,m,sourcing,1,29,3.0,3,0,0,60
Operations,23,Masters & above,f,sourcing,1,34,3.0,4,1,0,58
Procurement,10,Masters & above,f,other,1,33,3.0,7,0,0,70
Operations,24,Masters & above,f,other,1,32,3.0,7,0,0,60
Sales & Marketing,2,Bachelors,f,other,1,59,2.0,17,0,0,51
Procurement,26,Masters & above,m,sourcing,1,35,3.0,10,0,0,73
Sales & Marketing,15,Bachelors,m,other,1,33,4.0,4,1,0,50
Technology,22,Bachelors,m,sourcing,2,29,4.0,3,1,0,83
Sales & Marketing,7,Masters & above,m,other,1,37,4.0,10,0,0,49
Technology,2,Masters & above,m,other,3,36,3.0,9,0,0,87
Analytics,22,Bachelors,m,other,1,30,3.0,2,1,0,85
Technology,13,Masters & above,f,sourcing,2,39,4.0,10,0,0,80
Operations,22,Bachelors,f,other,1,35,4.0,6,0,0,76
Operations,16,Bachelors,f,other,1,39,3.0,6,1,1,57
Operations,31,Bachelors,f,sourcing,1,39,5.0,13,1,0,62
Sales & Marketing,31,Bachelors,m,other,1,42,4.0,6,0,0,50
Sales & Marketing,20,Masters & above,m,sourcing,1,37,1.0,11,0,0,48
Sales & Marketing,7,Bachelors,m,other,1,44,4.0,3,1,0,51
HR,27,Masters & above,m,other,1,46,4.0,4,0,0,49
Procurement,26,Bachelors,m,other,1,40,4.0,12,1,0,65
Technology,13,Bachelors,f,sourcing,1,31,3.0,3,0,0,80
Sales & Marketing,7,Bachelors,m,other,1,49,2.0,18,0,0,54
Operations,15,Bachelors,m,other,1,44,3.0,2,1,0,61
Technology,13,Masters & above,m,sourcing,2,33,5.0,2,1,0,78
Technology,7,Bachelors,m,other,1,36,3.0,3,1,0,80
Analytics,29,Bachelors,m,other,1,25,5.0,2,1,0,80
Operations,22,Bachelors,f,other,1,39,4.0,9,0,0,62
Sales & Marketing,2,Masters & above,m,other,1,47,4.0,13,1,0,61
Analytics,32,Bachelors,m,other,3,27,3.0,4,0,0,82
Operations,32,Bachelors,m,sourcing,2,33,5.0,2,0,0,65
Operations,31,Bachelors,m,other,1,37,3.0,3,0,0,58
Analytics,16,Bachelors,m,other,1,33,3.0,4,0,0,84
Technology,26,Bachelors,f,sourcing,1,30,3.0,4,0,0,80
Procurement,27,Bachelors,m,other,1,29,3.0,4,0,0,73
Sales & Marketing,16,Bachelors,f,sourcing,2,27,1.0,4,0,0,51
Sales & Marketing,23,Bachelors,f,other,1,32,3.0,6,0,0,45
Finance,26,Bachelors,m,sourcing,1,28,4.0,3,1,0,60
Sales & Marketing,17,Bachelors,m,other,3,26,3.0,3,0,0,44
Operations,5,Bachelors,m,other,2,34,5.0,7,1,0,53
Sales & Marketing,7,Bachelors,m,sourcing,4,32,4.0,5,0,0,49
Technology,2,Masters & above,m,other,1,31,2.0,5,1,0,82
Sales & Marketing,2,Masters & above,m,other,3,45,1.0,19,0,0,52
Technology,2,Bachelors,f,other,2,48,3.0,17,0,0,82
Analytics,22,Bachelors,f,other,1,31,3.0,6,0,0,87
Sales & Marketing,2,Masters & above,f,other,1,52,5.0,17,0,0,45
Analytics,1,Masters & above,m,other,2,31,2.0,7,1,0,81
Technology,7,Bachelors,m,other,1,28,3.0,3,1,0,74
Analytics,22,Masters & above,m,other,1,26,3.0,2,1,0,86
Operations,19,Masters & above,f,sourcing,1,35,3.0,3,1,0,60
Procurement,31,Bachelors,f,sourcing,1,33,4.0,5,0,0,72
Sales & Marketing,31,Bachelors,m,sourcing,1,38,5.0,2,1,0,53
Procurement,2,Bachelors,m,other,2,28,4.0,2,1,0,65
Procurement,16,Bachelors,m,other,4,30,3.0,8,0,0,67
HR,20,Masters & above,f,sourcing,1,35,4.0,10,0,0,52
Sales & Marketing,2,Bachelors,m,other,1,28,2.0,2,0,0,47
Finance,22,Masters & above,m,other,1,33,1.0,7,0,0,58
Sales & Marketing,7,Masters & above,m,other,1,55,3.0,13,0,0,51
Operations,22,Masters & above,f,sourcing,1,42,5.0,7,0,1,70
Sales & Marketing,19,Bachelors,m,sourcing,1,42,5.0,13,0,0,48
Sales & Marketing,34,Bachelors,m,other,2,32,5.0,3,0,0,51
Finance,2,Bachelors,m,other,2,26,4.0,3,1,0,59
Procurement,2,Bachelors,f,other,1,51,4.0,3,0,0,70
Procurement,13,Masters & above,f,sourcing,2,45,5.0,13,1,0,70
Finance,26,Bachelors,m,sourcing,1,34,3.0,7,1,0,59
Operations,13,Bachelors,f,sourcing,1,34,3.0,6,1,0,57
Finance,31,Bachelors,m,sourcing,2,32,5.0,6,1,0,61
Analytics,22,Bachelors,m,other,1,38,3.0,7,0,0,82
Sales & Marketing,1,Bachelors,m,sourcing,2,27,3.0,2,1,0,48
Procurement,10,Bachelors,f,sourcing,1,32,2.0,7,0,0,95
Technology,2,Bachelors,m,referred,1,40,4.0,6,0,0,81
Technology,22,Masters & above,f,other,2,47,3.0,19,0,0,84
Sales & Marketing,31,Bachelors,f,other,1,39,2.0,3,0,0,45
Operations,13,Bachelors,m,sourcing,1,40,3.0,6,0,0,58
R&D,15,Bachelors,m,other,1,36,3.0,6,0,0,86
Finance,4,Masters & above,m,sourcing,1,38,3.0,4,0,0,66
HR,2,Masters & above,f,sourcing,1,46,4.0,14,1,0,48
Sales & Marketing,7,Bachelors,m,sourcing,1,27,5.0,2,0,0,53
Sales & Marketing,22,Bachelors,m,other,2,29,4.0,2,1,0,48
Sales & Marketing,11,Bachelors,m,sourcing,2,37,3.0,2,0,0,49
Sales & Marketing,22,Masters & above,m,sourcing,1,34,2.0,7,0,0,51
Analytics,2,Bachelors,m,other,1,28,3.0,3,0,0,83
Operations,4,Bachelors,m,other,1,40,5.0,10,1,0,57
Operations,2,Bachelors,m,sourcing,2,25,3.0,3,0,0,57
Sales & Marketing,28,Bachelors,m,other,2,32,3.0,6,0,0,51
Sales & Marketing,27,Bachelors,f,other,1,32,2.0,8,0,0,51
Sales & Marketing,13,Bachelors,m,sourcing,1,50,2.0,3,0,0,48
Sales & Marketing,23,Bachelors,f,sourcing,1,32,3.0,8,0,0,50
Operations,8,Masters & above,f,sourcing,1,36,5.0,4,1,0,55
Procurement,19,Bachelors,m,other,1,35,2.0,3,0,0,71
Sales & Marketing,28,Bachelors,f,other,1,32,2.0,2,1,0,49
Procurement,22,Masters & above,f,sourcing,1,32,4.0,5,0,0,71
Analytics,26,Bachelors,m,sourcing,2,39,5.0,3,1,0,82
Operations,22,Bachelors,m,referred,1,30,5.0,6,1,0,59
Procurement,19,Masters & above,m,other,1,36,5.0,3,1,0,68
Sales & Marketing,15,Bachelors,m,other,1,30,2.0,5,0,0,49
Operations,31,Bachelors,f,other,1,33,5.0,3,1,0,61
Operations,6,Bachelors,m,other,1,30,5.0,7,1,0,60
Finance,2,Bachelors,m,sourcing,1,32,5.0,6,0,0,59
Operations,27,Bachelors,m,other,1,31,1.0,7,0,0,63
Sales & Marketing,21,Bachelors,f,other,1,31,3.0,3,1,0,52
Analytics,22,Bachelors,m,referred,2,33,5.0,5,1,0,88
Sales & Marketing,11,Bachelors,m,sourcing,1,39,3.0,8,0,0,51
Operations,28,Bachelors,m,other,1,33,4.0,5,0,0,65
Sales & Marketing,13,Bachelors,m,other,1,31,3.0,5,0,1,68
Sales & Marketing,11,Bachelors,m,other,1,38,5.0,8,1,0,49
Finance,22,Bachelors,m,other,1,30,3.0,1,1,0,58
Finance,2,Masters & above,m,other,2,39,2.0,5,0,0,57
Technology,10,Masters & above,m,sourcing,1,42,2.0,5,1,0,85
Sales & Marketing,2,Bachelors,m,other,1,38,2.0,8,0,0,47
Procurement,17,Masters & above,m,sourcing,1,38,3.0,8,0,0,68
Analytics,26,Bachelors,m,other,1,32,3.0,6,0,0,83
Operations,15,Bachelors,f,sourcing,1,37,4.0,2,1,0,65
Sales & Marketing,9,Bachelors,m,other,2,31,3.0,6,1,0,49
Procurement,22,Bachelors,m,sourcing,2,26,2.0,3,0,0,70
Sales & Marketing,15,Bachelors,m,sourcing,1,34,2.0,3,0,0,54
Analytics,28,Bachelors,m,other,2,32,3.0,6,0,0,81
Sales & Marketing,7,Bachelors,f,other,1,45,4.0,6,0,0,48
Sales & Marketing,22,Bachelors,m,referred,2,26,3.0,2,1,0,49
Procurement,20,Bachelors,m,sourcing,1,30,2.0,5,0,0,69
Analytics,27,Bachelors,m,sourcing,1,28,1.0,3,1,0,86
Operations,8,Bachelors,m,sourcing,1,28,4.0,3,0,0,58
Sales & Marketing,25,Masters & above,m,other,2,45,5.0,7,1,0,46
Technology,22,Bachelors,f,other,2,28,3.0,6,0,0,83
Procurement,22,Masters & above,m,other,1,47,5.0,16,1,0,70
Operations,15,Bachelors,m,other,2,27,4.0,3,0,0,60
Sales & Marketing,14,Bachelors,m,other,1,42,3.0,5,0,0,52
Analytics,25,Bachelors,m,other,1,32,5.0,5,1,0,86
Sales & Marketing,22,Bachelors,m,sourcing,1,30,3.0,3,1,0,55
Sales & Marketing,25,Bachelors,m,other,4,30,2.0,5,1,0,52
Sales & Marketing,6,Bachelors,m,sourcing,1,24,2.0,2,1,0,53
Finance,28,Masters & above,f,other,1,33,3.0,5,1,0,58
Technology,16,Masters & above,f,sourcing,1,33,1.0,6,0,0,79
Sales & Marketing,2,Masters & above,m,referred,1,32,2.0,7,0,0,49
Operations,15,Bachelors,m,sourcing,2,34,3.0,10,0,0,58
Operations,32,Bachelors,m,other,1,28,3.0,7,0,0,59
Sales & Marketing,2,Bachelors,f,other,1,24,1.0,3,0,0,50
Sales & Marketing,21,Bachelors,m,other,1,37,2.0,12,0,0,48
Sales & Marketing,17,Masters & above,m,other,1,48,3.0,19,0,0,48
Operations,26,Masters & above,m,sourcing,1,46,1.0,19,0,0,63
Legal,22,Bachelors,m,other,1,39,5.0,9,0,0,59
Technology,15,Bachelors,f,other,2,37,3.0,8,0,0,78
HR,26,Bachelors,f,sourcing,1,33,1.0,2,1,0,48
Sales & Marketing,21,Bachelors,m,other,1,41,1.0,15,0,0,51
Operations,15,Bachelors,m,sourcing,1,41,1.0,7,0,0,62
Finance,2,Bachelors,m,other,1,39,5.0,9,1,0,56
Operations,23,Bachelors,f,other,2,35,3.0,3,0,0,53
Operations,2,Bachelors,f,sourcing,1,56,5.0,18,0,0,56
Operations,7,Masters & above,m,other,1,38,4.0,5,0,0,56
Procurement,16,Bachelors,m,sourcing,1,31,2.0,2,0,0,70
Procurement,2,Bachelors,m,other,2,38,3.0,8,0,0,68
Operations,8,Bachelors,m,sourcing,1,27,5.0,3,0,0,61
Operations,22,Bachelors,m,sourcing,1,45,3.0,4,1,0,56
Sales & Marketing,26,Bachelors,m,other,1,39,4.0,7,0,0,50
Analytics,28,Masters & above,m,sourcing,1,36,5.0,8,1,0,82
Sales & Marketing,22,Bachelors,m,other,3,24,3.0,2,0,0,53
Operations,27,Bachelors,m,sourcing,2,27,3.0,6,0,0,57
Procurement,26,Bachelors,m,sourcing,1,34,5.0,8,1,0,72
Sales & Marketing,9,Bachelors,m,other,1,24,2.0,3,0,0,51
Operations,28,Bachelors,m,other,1,31,3.0,4,0,0,55
Operations,2,Bachelors,m,sourcing,1,35,3.0,3,0,0,54
Sales & Marketing,29,Bachelors,m,other,1,34,4.0,8,0,0,49
Technology,2,Bachelors,m,sourcing,1,33,4.0,7,1,0,83
Operations,28,Masters & above,m,other,1,30,5.0,4,0,0,57
R&D,2,Bachelors,m,sourcing,1,32,5.0,4,1,0,86
Procurement,2,Masters & above,m,sourcing,5,40,3.0,10,0,0,70
Analytics,23,Bachelors,m,other,1,32,3.0,7,1,0,90
Sales & Marketing,2,Bachelors,m,sourcing,1,51,3.0,3,0,0,49
Operations,15,Bachelors,m,other,1,39,3.0,6,0,0,61
Sales & Marketing,7,Masters & above,m,other,1,36,5.0,9,0,0,49
Operations,3,Bachelors,m,other,1,31,3.0,5,1,0,60
Sales & Marketing,34,Bachelors,m,sourcing,1,36,5.0,8,1,0,47
Operations,23,Bachelors,m,sourcing,1,34,1.0,3,0,0,60
Procurement,4,Masters & above,m,sourcing,3,45,3.0,18,0,0,72
Operations,13,Masters & above,f,other,2,36,3.0,4,1,0,60
Technology,29,Masters & above,m,sourcing,2,39,3.0,8,0,0,79
Sales & Marketing,7,Bachelors,m,other,1,33,1.0,6,0,0,51
HR,22,Bachelors,m,sourcing,1,27,4.0,4,0,0,50
Analytics,28,Bachelors,m,other,1,31,3.0,5,0,1,84
Sales & Marketing,2,Masters & above,m,other,1,37,4.0,7,0,0,45
Technology,28,Masters & above,f,sourcing,1,32,5.0,6,1,0,81
Sales & Marketing,7,Bachelors,m,sourcing,2,32,3.0,7,0,0,48
Technology,14,Bachelors,m,sourcing,2,35,3.0,8,0,0,83
HR,2,Bachelors,m,sourcing,2,29,1.0,3,1,0,48
Technology,4,Masters & above,f,sourcing,1,34,3.0,4,1,0,79
Technology,2,Bachelors,f,sourcing,1,43,5.0,3,1,0,77
Operations,20,Bachelors,m,sourcing,1,34,3.0,10,0,0,59
R&D,22,Masters & above,m,sourcing,1,28,4.0,2,0,0,81
Operations,2,Bachelors,f,sourcing,1,40,4.0,5,1,0,61
Sales & Marketing,17,Bachelors,m,sourcing,1,28,4.0,5,1,0,45
Analytics,22,Bachelors,m,other,2,30,3.0,3,1,0,79
Operations,16,Bachelors,f,sourcing,1,33,4.0,7,0,0,58
Sales & Marketing,7,Bachelors,m,other,1,43,4.0,11,0,0,45
Operations,11,Bachelors,m,sourcing,1,50,5.0,19,1,0,60
Operations,26,Bachelors,f,other,1,30,4.0,7,1,0,57
Technology,5,Bachelors,m,other,1,38,4.0,4,0,0,79
Sales & Marketing,13,Bachelors,m,other,1,44,3.0,5,0,0,48
Operations,7,Bachelors,f,sourcing,2,32,4.0,4,0,0,55
Sales & Marketing,2,Bachelors,m,other,2,51,1.0,19,0,0,48
Analytics,2,Masters & above,m,sourcing,1,44,5.0,6,1,0,84
Operations,22,Bachelors,m,other,1,29,4.0,2,1,0,62
Operations,13,Bachelors,m,other,1,36,2.0,10,0,0,63
Operations,22,Bachelors,f,other,3,30,3.0,5,1,0,98
Procurement,30,Bachelors,m,sourcing,1,36,5.0,9,1,0,71
HR,2,Bachelors,m,sourcing,2,56,3.0,3,1,0,49
Sales & Marketing,13,Bachelors,m,other,1,46,2.0,3,1,0,51
Sales & Marketing,31,Bachelors,m,sourcing,1,30,4.0,6,0,0,48
Sales & Marketing,17,Bachelors,m,sourcing,1,37,3.0,10,0,0,53
Analytics,2,Bachelors,m,other,2,29,3.0,3,0,0,84
Operations,15,Bachelors,m,sourcing,1,42,3.0,4,0,0,67
Sales & Marketing,18,Bachelors,m,other,1,34,2.0,4,1,0,48
Sales & Marketing,27,Masters & above,m,other,1,39,5.0,3,0,0,45
Operations,34,Bachelors,m,other,1,31,2.0,2,0,0,59
Analytics,2,Masters & above,m,other,2,43,3.0,7,0,0,86
Sales & Marketing,15,Bachelors,m,other,1,35,4.0,9,1,0,47
Sales & Marketing,4,Bachelors,m,sourcing,1,37,5.0,8,1,0,57
HR,32,Bachelors,f,other,1,35,2.0,7,0,0,47
Technology,15,Masters & above,m,other,1,37,1.0,3,1,0,74
HR,22,Bachelors,m,referred,1,26,1.0,4,1,0,50
Operations,2,Bachelors,f,other,1,43,4.0,2,0,0,61
Operations,32,Bachelors,m,sourcing,2,33,5.0,8,1,0,65
Sales & Marketing,13,Bachelors,m,sourcing,1,54,1.0,23,0,0,46
Sales & Marketing,25,Bachelors,m,other,1,34,5.0,3,0,0,53
Sales & Marketing,7,Bachelors,f,other,1,36,4.0,4,1,1,51
Operations,21,Masters & above,m,other,1,47,1.0,14,0,0,61
Sales & Marketing,32,Bachelors,m,other,1,25,3.0,2,1,0,50
Operations,4,Bachelors,f,other,1,39,4.0,9,0,0,64
Sales & Marketing,23,Masters & above,f,other,1,34,5.0,6,1,0,50
Sales & Marketing,22,Bachelors,m,other,2,50,3.0,15,0,0,51
Sales & Marketing,13,Bachelors,m,other,1,52,3.0,16,0,1,97
Analytics,22,Bachelors,m,other,1,28,5.0,6,1,0,90
Sales & Marketing,4,Masters & above,m,sourcing,1,38,5.0,11,1,0,51
Operations,2,Masters & above,f,sourcing,1,42,4.0,8,1,0,58
Sales & Marketing,7,Bachelors,m,other,1,29,4.0,2,1,0,48
Procurement,17,Masters & above,f,sourcing,1,50,5.0,8,1,0,71
Sales & Marketing,31,Bachelors,f,sourcing,1,27,3.0,3,0,0,50
Analytics,22,Masters & above,m,sourcing,1,35,4.0,7,1,0,82
Sales & Marketing,3,Bachelors,m,other,1,26,5.0,2,0,0,52
Operations,13,Masters & above,m,sourcing,3,38,4.0,6,1,0,66
Procurement,26,Bachelors,m,other,2,41,4.0,2,1,0,73
Procurement,27,Bachelors,m,sourcing,2,34,5.0,8,0,0,73
Operations,2,Masters & above,f,sourcing,1,44,3.0,14,1,0,61
Finance,2,Bachelors,f,sourcing,2,51,3.0,5,0,0,57
Operations,15,Bachelors,f,sourcing,1,28,5.0,2,1,0,63
Procurement,7,Bachelors,m,sourcing,1,40,4.0,7,0,0,70
Sales & Marketing,2,Masters & above,f,other,1,34,3.0,9,0,0,54
Sales & Marketing,7,Bachelors,m,other,1,50,3.0,18,0,0,49
Finance,30,Bachelors,m,other,1,28,3.0,3,0,1,74
Sales & Marketing,8,Masters & above,m,sourcing,1,33,1.0,9,0,0,48
Procurement,2,Masters & above,f,sourcing,1,46,4.0,4,1,0,72
Legal,7,Bachelors,f,other,1,30,5.0,4,0,0,58
Operations,12,Bachelors,m,other,1,35,3.0,5,0,0,58
Sales & Marketing,21,Masters & above,m,other,1,52,1.0,14,0,0,53
HR,7,Bachelors,m,sourcing,2,28,3.0,4,0,0,48
Finance,22,Bachelors,m,other,1,34,3.0,7,0,0,60
Sales & Marketing,6,Bachelors,m,other,1,25,1.0,2,0,0,52
HR,7,Masters & above,m,other,1,35,3.0,9,0,0,51
Analytics,2,Bachelors,m,sourcing,1,45,5.0,18,1,0,85
Sales & Marketing,2,Masters & above,f,sourcing,1,54,1.0,4,0,0,53
Operations,22,Bachelors,f,sourcing,1,30,5.0,2,0,0,59
Procurement,29,Bachelors,f,sourcing,1,31,3.0,6,0,0,68
Legal,22,Bachelors,m,other,1,28,4.0,3,0,0,61
Sales & Marketing,28,Masters & above,m,other,1,40,1.0,5,0,0,52
Technology,26,Bachelors,m,sourcing,1,52,3.0,15,0,0,81
Legal,22,Bachelors,m,other,1,34,5.0,5,1,0,57
Analytics,31,Bachelors,m,other,2,32,4.0,8,0,0,83
Technology,31,Bachelors,m,other,1,34,3.0,7,0,0,79
Operations,13,Masters & above,f,sourcing,1,31,4.0,4,1,0,64
Technology,34,Bachelors,m,other,1,31,3.0,5,0,0,81
Technology,2,Bachelors,f,other,1,29,3.0,5,1,0,80
HR,2,Masters & above,m,sourcing,1,58,5.0,26,1,0,44
Procurement,13,Bachelors,f,other,1,28,5.0,5,1,0,67
Procurement,2,Masters & above,f,sourcing,1,43,5.0,10,1,0,68
Procurement,20,Bachelors,f,sourcing,1,30,3.0,12,0,1,73
Analytics,28,Bachelors,m,sourcing,1,34,4.0,6,1,0,85
Analytics,28,Bachelors,m,sourcing,1,32,5.0,5,1,0,84
Sales & Marketing,13,Masters & above,f,other,1,35,4.0,3,0,0,49
Sales & Marketing,3,Bachelors,m,sourcing,1,39,1.0,3,0,0,47
Technology,22,Bachelors,f,other,1,27,1.0,3,0,0,78
Sales & Marketing,12,Bachelors,m,sourcing,1,40,3.0,7,0,0,49
Sales & Marketing,1,Masters & above,m,sourcing,1,42,4.0,12,1,0,90
Sales & Marketing,7,Bachelors,m,other,2,32,5.0,2,1,0,50
Finance,2,Masters & above,m,other,3,37,3.0,5,0,0,57
Procurement,31,Bachelors,f,other,2,28,3.0,6,0,0,68
Technology,2,Masters & above,f,other,1,44,3.0,16,0,0,76
Operations,31,Bachelors,m,other,1,46,5.0,9,1,0,61
Sales & Marketing,7,Masters & above,m,other,1,34,5.0,4,1,0,52
Analytics,10,Masters & above,m,sourcing,1,35,5.0,7,1,0,86
Analytics,31,Bachelors,m,sourcing,1,37,5.0,8,1,0,88
Sales & Marketing,28,Bachelors,m,sourcing,2,28,4.0,3,0,0,48
Operations,26,Masters & above,f,sourcing,1,32,5.0,6,1,0,55
Analytics,22,Bachelors,m,sourcing,2,28,4.0,5,0,0,91
Technology,13,Bachelors,m,sourcing,2,33,5.0,6,1,0,80
Sales & Marketing,16,Bachelors,m,other,1,34,3.0,7,0,0,48
Procurement,2,Masters & above,m,other,1,37,3.0,11,0,0,72
Technology,2,Masters & above,f,other,1,56,4.0,2,1,1,79
Analytics,22,Bachelors,m,other,2,35,5.0,7,1,0,87
Sales & Marketing,7,Masters & above,m,sourcing,1,54,4.0,10,0,0,48
Technology,13,Bachelors,m,other,1,32,3.0,2,0,0,75
Finance,2,Bachelors,m,other,1,28,3.0,2,0,0,58
Operations,19,Bachelors,f,sourcing,2,32,3.0,4,1,0,56
Sales & Marketing,9,Masters & above,m,other,1,30,2.0,4,0,0,48
HR,2,Masters & above,m,sourcing,1,33,3.0,8,0,0,47
Finance,23,Masters & above,m,other,1,39,3.0,10,1,0,55
Sales & Marketing,16,Masters & above,m,other,1,58,5.0,16,1,0,50
Sales & Marketing,6,Bachelors,m,sourcing,1,25,1.0,2,0,0,49
Technology,7,Bachelors,m,other,1,33,5.0,8,0,0,78
Operations,7,Bachelors,m,sourcing,1,33,4.0,7,0,0,60
Technology,5,Masters & above,m,sourcing,1,38,3.0,2,0,0,78
HR,2,Masters & above,f,other,1,50,3.0,8,0,0,53
HR,15,Bachelors,m,other,1,36,1.0,10,0,0,50
Sales & Marketing,16,Bachelors,m,sourcing,4,25,2.0,5,0,0,51
Procurement,2,Bachelors,m,sourcing,1,36,4.0,4,1,0,74
Technology,23,Bachelors,m,sourcing,1,28,4.0,4,0,0,71
Sales & Marketing,7,Bachelors,m,other,1,40,5.0,6,0,0,50
HR,22,Masters & above,f,other,1,31,5.0,4,0,0,59
Sales & Marketing,24,Bachelors,m,other,1,34,1.0,10,0,0,50
R&D,31,Masters & above,m,sourcing,1,29,3.0,2,0,0,82
Operations,2,Bachelors,f,other,1,40,5.0,5,1,0,63
Analytics,2,Masters & above,m,sourcing,1,49,4.0,19,0,0,81
Operations,15,Masters & above,f,other,1,51,1.0,14,0,0,61
Sales & Marketing,27,Bachelors,m,sourcing,1,27,1.0,5,1,0,52
Analytics,13,Bachelors,m,sourcing,1,31,5.0,3,1,0,99
Procurement,27,Masters & above,m,sourcing,1,45,4.0,14,0,0,70
Procurement,7,Bachelors,m,sourcing,4,35,4.0,10,0,0,68
Sales & Marketing,2,Bachelors,m,sourcing,1,46,1.0,6,0,0,43
Sales & Marketing,3,Bachelors,m,sourcing,1,28,4.0,3,0,0,47
Sales & Marketing,15,Bachelors,f,other,1,34,1.0,7,1,0,48
Sales & Marketing,8,Masters & above,m,sourcing,2,31,3.0,4,0,0,48
Sales & Marketing,13,Bachelors,m,other,1,54,4.0,3,0,0,52
Sales & Marketing,2,Bachelors,f,sourcing,1,34,5.0,7,1,0,44
Sales & Marketing,13,Bachelors,m,sourcing,1,36,5.0,8,0,0,49
Procurement,2,Masters & above,m,other,1,59,3.0,3,0,0,68
Procurement,13,Bachelors,m,sourcing,1,30,2.0,7,0,0,66
HR,22,Bachelors,f,other,1,32,1.0,2,0,0,52
Sales & Marketing,16,Bachelors,m,sourcing,1,39,5.0,8,0,0,51
Sales & Marketing,15,Bachelors,m,other,1,25,2.0,2,0,0,49
Technology,31,Bachelors,f,other,2,30,4.0,5,0,0,89
Operations,7,Masters & above,m,sourcing,1,58,5.0,16,1,0,60
Sales & Marketing,4,Masters & above,m,sourcing,1,37,3.0,5,0,0,44
Sales & Marketing,2,Bachelors,m,other,1,51,1.0,11,0,0,53
Operations,2,Bachelors,m,sourcing,1,52,4.0,9,0,0,59
Sales & Marketing,26,Bachelors,m,other,1,34,1.0,10,0,0,44
Sales & Marketing,2,Bachelors,m,other,2,40,3.0,5,0,0,46
Analytics,22,Bachelors,m,sourcing,1,23,4.0,2,1,0,82
Procurement,15,Bachelors,m,sourcing,1,32,3.0,6,1,0,70
Sales & Marketing,11,Bachelors,m,other,2,31,2.0,4,0,0,45
Procurement,7,Masters & above,f,other,1,40,3.0,14,0,0,65
Technology,4,Bachelors,f,sourcing,1,28,3.0,3,0,0,75
Analytics,29,Bachelors,m,sourcing,1,26,3.0,2,1,0,85
Procurement,2,Bachelors,f,other,1,56,3.0,28,0,0,66
Procurement,4,Masters & above,f,other,1,48,4.0,20,0,0,69
Analytics,28,Bachelors,m,other,1,35,3.0,5,0,0,89
Analytics,2,Masters & above,m,other,1,43,4.0,14,0,0,82
Technology,2,Below Secondary,m,sourcing,2,24,3.0,1,0,0,79
Sales & Marketing,22,Bachelors,m,other,1,36,3.0,3,0,0,50
Sales & Marketing,31,Bachelors,m,other,3,27,3.0,3,0,0,50
Procurement,2,Masters & above,m,sourcing,1,40,1.0,10,0,0,72
Technology,29,Bachelors,m,sourcing,1,29,1.0,5,0,0,79
Operations,7,Bachelors,m,other,1,37,5.0,3,1,0,84
Operations,15,Bachelors,m,referred,1,42,4.0,5,0,0,61
Procurement,2,Masters & above,m,sourcing,1,34,4.0,9,0,0,69
HR,10,Bachelors,m,other,1,29,5.0,7,0,0,49
Procurement,2,Masters & above,m,other,3,57,5.0,3,0,0,71
Sales & Marketing,25,Bachelors,m,sourcing,1,36,3.0,8,0,0,49
Procurement,7,Bachelors,f,other,1,34,3.0,4,0,0,71
Operations,2,Bachelors,m,sourcing,2,51,3.0,20,0,0,62
Legal,21,Bachelors,m,other,1,30,4.0,2,0,0,65
Sales & Marketing,16,Masters & above,m,other,1,38,3.0,6,0,0,48
Operations,8,Bachelors,f,other,1,26,3.0,3,1,0,60
Legal,2,Bachelors,m,sourcing,1,40,3.0,10,0,0,62
Technology,13,Bachelors,m,sourcing,1,54,2.0,12,0,0,81
Procurement,15,Bachelors,f,other,1,36,5.0,8,1,0,69
Operations,2,Bachelors,f,other,1,39,3.0,11,1,0,60
Operations,2,Bachelors,f,sourcing,2,39,5.0,4,0,0,59
Procurement,15,Bachelors,m,other,1,44,4.0,15,0,0,67
Sales & Marketing,16,Bachelors,m,sourcing,1,51,5.0,3,1,0,48
Sales & Marketing,17,Bachelors,f,other,2,26,3.0,1,0,0,48
Sales & Marketing,31,Bachelors,m,sourcing,1,37,4.0,2,0,0,50
HR,27,Masters & above,m,sourcing,1,41,3.0,7,0,0,47
Sales & Marketing,2,Bachelors,f,other,2,52,1.0,9,0,0,50
Procurement,27,Bachelors,m,other,1,36,3.0,4,1,1,69
Analytics,27,Bachelors,m,other,2,25,3.0,2,0,0,88
Analytics,15,Masters & above,m,other,1,34,1.0,2,0,1,84
Analytics,28,Masters & above,m,sourcing,2,35,3.0,5,0,0,81
Technology,30,Masters & above,f,sourcing,1,34,3.0,7,0,0,82
Procurement,15,Bachelors,m,sourcing,1,39,4.0,11,1,0,68
Sales & Marketing,9,Bachelors,m,other,1,29,3.0,3,0,0,42
Technology,2,Bachelors,m,other,1,35,3.0,7,0,0,77
Procurement,20,Masters & above,m,sourcing,1,39,3.0,10,0,0,68
Procurement,29,Bachelors,f,other,1,31,4.0,3,0,0,71
Procurement,16,Bachelors,m,sourcing,1,33,3.0,10,0,0,70
R&D,7,Masters & above,m,other,1,31,5.0,2,1,0,86
Technology,33,Bachelors,f,sourcing,1,55,3.0,7,0,0,81
Technology,7,Masters & above,f,sourcing,1,41,1.0,3,1,0,79
Sales & Marketing,28,Bachelors,m,sourcing,1,29,3.0,5,0,0,48
Sales & Marketing,28,Bachelors,m,other,1,31,3.0,3,0,0,53
Operations,2,Masters & above,m,sourcing,1,35,1.0,4,0,0,58
Legal,2,Bachelors,m,sourcing,1,28,3.0,2,0,0,63
Sales & Marketing,22,Masters & above,m,sourcing,1,32,5.0,4,0,0,52
Sales & Marketing,27,Bachelors,f,other,1,40,3.0,11,0,0,47
Analytics,2,Bachelors,m,other,2,27,3.0,7,1,0,85
Analytics,7,Masters & above,m,other,1,32,1.0,2,1,0,86
Procurement,17,Bachelors,m,other,1,51,5.0,6,1,0,68
Procurement,28,Bachelors,m,other,1,30,3.0,3,1,0,69
Procurement,17,Bachelors,m,sourcing,2,41,3.0,8,0,0,69
Legal,13,Masters & above,m,other,1,35,4.0,6,1,0,64
Sales & Marketing,23,Masters & above,m,other,1,38,3.0,3,0,0,63
Sales & Marketing,16,Bachelors,f,sourcing,1,42,1.0,3,0,0,46
Procurement,26,Bachelors,f,other,1,54,4.0,9,1,0,69
Procurement,17,Masters & above,f,other,1,39,4.0,2,1,0,73
Operations,22,Bachelors,f,sourcing,1,30,5.0,7,0,0,58
Technology,23,Bachelors,f,other,1,31,3.0,5,0,0,74
Sales & Marketing,11,Bachelors,m,other,1,39,5.0,4,0,0,46
Technology,5,Masters & above,m,other,1,31,3.0,7,0,0,79
Operations,7,Masters & above,m,sourcing,1,39,5.0,4,1,0,60
Analytics,9,Bachelors,m,other,3,29,3.0,5,0,0,84
Procurement,7,Bachelors,m,other,1,30,5.0,2,0,0,67
Finance,2,Bachelors,m,other,2,33,5.0,7,0,0,63
Analytics,31,Bachelors,m,sourcing,1,34,3.0,5,0,0,87
Procurement,10,Bachelors,m,other,1,25,1.0,4,0,0,65
Procurement,16,Bachelors,f,other,1,30,3.0,2,1,0,68
Operations,27,Bachelors,f,other,2,32,5.0,5,1,0,57
Procurement,27,Masters & above,f,other,1,37,5.0,8,0,0,68
Procurement,17,Bachelors,f,sourcing,1,32,2.0,4,1,0,68
Sales & Marketing,31,Bachelors,m,sourcing,1,39,3.0,5,0,0,48
Sales & Marketing,22,Bachelors,m,other,1,28,4.0,3,0,0,52
Sales & Marketing,32,Bachelors,m,other,1,26,1.0,2,0,0,48
Procurement,27,Bachelors,m,other,1,34,3.0,8,0,0,78
Operations,4,Bachelors,m,other,1,46,5.0,4,1,0,57
Operations,23,Bachelors,m,other,3,37,3.0,9,1,0,58
Technology,22,Bachelors,f,other,1,27,4.0,3,1,0,78
Sales & Marketing,4,Bachelors,f,sourcing,1,33,4.0,7,1,0,50
Analytics,22,Masters & above,f,other,1,37,4.0,10,0,0,85
Sales & Marketing,6,Bachelors,m,sourcing,1,35,1.0,3,0,0,57
Procurement,7,Masters & above,m,other,3,37,3.0,4,0,0,64
HR,27,Bachelors,m,sourcing,1,31,3.0,7,0,0,47
Sales & Marketing,25,Bachelors,m,sourcing,1,29,1.0,2,0,0,48
Procurement,16,Bachelors,m,other,1,35,3.0,9,1,0,70
Operations,22,Bachelors,m,other,2,26,3.0,2,0,0,62
Technology,2,Bachelors,m,other,1,52,3.0,3,0,0,78
Technology,27,Bachelors,f,sourcing,1,36,2.0,4,0,0,78
Operations,26,Bachelors,m,other,1,33,5.0,7,1,0,56
Sales & Marketing,31,Bachelors,m,sourcing,1,34,3.0,9,0,0,45
Sales & Marketing,2,Bachelors,f,other,1,36,5.0,10,1,0,44
R&D,16,Bachelors,m,other,1,30,4.0,2,1,0,85
Operations,11,Masters & above,f,other,1,36,3.0,4,0,0,60
Sales & Marketing,4,Masters & above,m,sourcing,1,43,3.0,13,0,0,48
Sales & Marketing,28,Bachelors,m,other,1,41,1.0,7,0,0,51
Sales & Marketing,22,Masters & above,m,sourcing,1,35,4.0,3,1,0,97
Operations,22,Bachelors,m,referred,1,34,5.0,6,0,0,58
Sales & Marketing,7,Masters & above,m,other,1,39,5.0,4,0,0,45
Sales & Marketing,28,Bachelors,m,other,1,31,4.0,8,1,0,51
Sales & Marketing,22,Masters & above,m,sourcing,1,48,1.0,3,0,0,53
Sales & Marketing,28,Bachelors,m,sourcing,1,36,1.0,3,1,0,49
Sales & Marketing,2,Bachelors,m,sourcing,1,51,5.0,4,1,0,54
R&D,2,Masters & above,m,other,2,45,3.0,15,0,0,84
Technology,2,Masters & above,m,other,1,42,4.0,3,1,0,79
Operations,26,Below Secondary,m,other,1,25,2.0,3,0,0,55
Sales & Marketing,2,Bachelors,f,sourcing,1,54,1.0,22,0,0,53
Operations,4,Masters & above,m,sourcing,1,46,4.0,2,1,0,61
Operations,23,Bachelors,f,other,1,29,3.0,2,0,0,57
Sales & Marketing,29,Bachelors,f,other,1,27,5.0,7,0,0,46
Operations,19,Bachelors,m,other,1,39,5.0,11,1,0,64
Analytics,9,Bachelors,m,other,2,28,4.0,6,0,0,89
Procurement,4,Masters & above,f,other,1,38,3.0,2,1,0,71
HR,2,Bachelors,f,sourcing,1,32,3.0,3,0,0,48
Analytics,29,Bachelors,m,sourcing,1,28,1.0,2,1,0,86
Sales & Marketing,13,Bachelors,m,other,2,34,3.0,4,0,0,52
Sales & Marketing,20,Bachelors,f,other,1,34,3.0,7,0,0,49
R&D,22,Bachelors,m,other,1,28,4.0,3,1,0,87
Technology,20,Bachelors,m,other,2,30,3.0,2,0,0,76
Procurement,2,Masters & above,m,other,1,39,5.0,3,1,0,72
Technology,5,Bachelors,f,sourcing,1,35,3.0,8,0,0,80
Operations,15,Bachelors,m,sourcing,1,39,3.0,2,0,0,78
Sales & Marketing,16,Bachelors,m,sourcing,1,35,1.0,10,0,0,48
Sales & Marketing,2,Bachelors,m,sourcing,1,48,3.0,7,0,0,48
Technology,27,Masters & above,m,other,1,40,3.0,11,0,0,82
Operations,2,Masters & above,f,sourcing,1,37,4.0,4,1,0,61
Procurement,5,Bachelors,f,sourcing,2,30,2.0,4,0,0,65
Analytics,31,Bachelors,m,other,1,31,3.0,2,0,0,81
Sales & Marketing,31,Bachelors,m,sourcing,1,33,3.0,9,1,0,51
Technology,31,Bachelors,m,other,1,33,3.0,6,0,0,78
Sales & Marketing,9,Bachelors,f,other,1,31,3.0,5,1,0,51
Operations,2,Bachelors,m,other,1,40,3.0,12,1,0,60
Technology,2,Masters & above,m,other,1,58,5.0,18,1,0,79
Sales & Marketing,2,Masters & above,m,sourcing,1,39,3.0,5,1,0,49
Legal,22,Bachelors,m,sourcing,1,32,4.0,3,0,0,60
Analytics,20,Bachelors,m,other,1,26,1.0,5,0,0,84
Sales & Marketing,15,Bachelors,m,other,1,35,1.0,5,1,0,47
Technology,6,Bachelors,f,other,1,30,1.0,5,0,0,79
Analytics,2,Bachelors,m,sourcing,2,38,5.0,8,0,0,82
Procurement,15,Masters & above,f,other,1,38,3.0,2,1,0,66
Operations,13,Bachelors,f,sourcing,1,38,2.0,3,0,0,63
Technology,16,Bachelors,f,other,1,33,1.0,8,0,0,78
Sales & Marketing,17,Bachelors,m,other,1,39,4.0,5,1,0,47
Analytics,11,Bachelors,m,sourcing,2,36,3.0,7,0,0,83
Analytics,32,Bachelors,m,sourcing,1,34,3.0,6,0,0,83
Procurement,17,Bachelors,m,other,1,27,1.0,4,0,0,69
Sales & Marketing,2,Bachelors,m,other,1,33,1.0,7,0,0,51
Finance,2,Bachelors,m,sourcing,1,38,3.0,10,0,0,64
Analytics,7,Bachelors,m,sourcing,1,26,3.0,2,0,0,84
Sales & Marketing,2,Masters & above,m,other,1,37,2.0,8,0,0,49
Operations,2,Bachelors,m,other,1,49,3.0,17,1,0,59
Sales & Marketing,2,Bachelors,f,other,1,24,3.0,2,1,0,49
Sales & Marketing,31,Bachelors,m,sourcing,1,25,5.0,3,1,0,47
Sales & Marketing,2,Bachelors,m,other,2,58,4.0,29,0,0,50
Operations,22,Bachelors,f,sourcing,1,28,1.0,5,0,0,72
Technology,7,Bachelors,f,other,1,36,3.0,3,0,0,77
Sales & Marketing,11,Bachelors,m,sourcing,1,30,1.0,3,1,0,50
Sales & Marketing,6,Bachelors,m,sourcing,1,34,2.0,3,0,0,46
Operations,22,Bachelors,f,other,1,33,3.0,4,0,0,64
Sales & Marketing,3,Masters & above,m,other,1,36,5.0,6,1,0,53
Operations,3,Bachelors,m,sourcing,1,31,4.0,3,0,0,57
Sales & Marketing,11,Bachelors,m,other,2,30,1.0,3,0,0,47
Operations,22,Bachelors,m,other,1,33,4.0,8,0,0,60
Legal,31,Masters & above,m,other,1,33,1.0,7,1,1,62
Technology,7,Masters & above,m,sourcing,3,37,3.0,4,0,0,83
R&D,22,Masters & above,m,sourcing,2,33,3.0,4,1,0,80
Sales & Marketing,13,Bachelors,m,sourcing,1,30,1.0,3,0,0,51
Technology,7,Bachelors,m,other,1,50,1.0,15,0,0,77
Technology,23,Bachelors,m,sourcing,2,33,3.0,4,0,0,73
Procurement,26,Bachelors,m,other,2,29,4.0,9,0,0,68
Operations,7,Bachelors,f,sourcing,1,44,4.0,16,0,0,56
Technology,2,Bachelors,f,other,1,43,3.0,13,1,0,79
Sales & Marketing,2,Bachelors,m,sourcing,6,32,3.0,7,0,0,50
Operations,11,Bachelors,f,sourcing,1,31,1.0,8,0,0,57
Sales & Marketing,7,Masters & above,m,other,1,53,3.0,19,0,0,51
R&D,2,Masters & above,m,other,1,44,3.0,9,0,0,84
HR,2,Bachelors,f,other,1,48,3.0,20,0,0,47
Sales & Marketing,17,Bachelors,m,sourcing,1,38,2.0,7,0,0,51
HR,2,Masters & above,m,other,1,57,3.0,2,0,0,52
Technology,2,Bachelors,f,other,1,53,4.0,17,0,0,79
Analytics,13,Masters & above,m,sourcing,1,33,5.0,7,0,0,83
Analytics,6,Bachelors,m,sourcing,1,35,3.0,3,1,1,84
Technology,2,Masters & above,f,referred,2,55,5.0,6,1,0,78
Operations,19,Bachelors,f,sourcing,1,40,5.0,8,0,0,58
Operations,26,Bachelors,m,sourcing,1,28,4.0,2,0,0,59
Analytics,10,Bachelors,m,other,3,29,5.0,6,0,0,81
Operations,2,Bachelors,m,sourcing,1,55,2.0,14,0,0,58
Sales & Marketing,22,Bachelors,m,other,2,27,2.0,4,0,0,47
Technology,2,Bachelors,f,other,1,28,2.0,1,0,0,77
Operations,2,Bachelors,f,other,1,35,4.0,8,1,0,61
Sales & Marketing,31,Bachelors,m,other,1,45,3.0,5,0,0,52
Operations,22,Bachelors,f,sourcing,1,44,5.0,3,1,0,55
Sales & Marketing,2,Bachelors,f,other,1,45,2.0,2,0,0,47
Operations,7,Bachelors,f,sourcing,2,33,5.0,7,0,0,60
Legal,22,Bachelors,m,sourcing,1,29,3.0,2,1,1,57
Finance,28,Bachelors,m,sourcing,1,30,3.0,7,1,1,55
Operations,12,Bachelors,f,sourcing,1,44,4.0,8,0,0,62
Procurement,21,Masters & above,m,other,1,40,3.0,3,0,0,69
Analytics,22,Bachelors,m,sourcing,1,44,5.0,4,1,0,87
Operations,27,Masters & above,m,sourcing,1,42,5.0,6,0,0,59
Legal,22,Bachelors,m,sourcing,1,30,4.0,3,0,0,58
HR,22,Masters & above,m,other,1,31,4.0,4,0,0,48
Technology,7,Bachelors,m,other,1,27,5.0,2,0,0,92
Technology,2,Masters & above,f,other,1,59,5.0,17,1,0,80
Sales & Marketing,7,Bachelors,m,other,1,39,5.0,13,1,0,46
Operations,22,Bachelors,m,sourcing,1,33,4.0,9,1,0,61
Operations,29,Bachelors,m,other,1,26,3.0,2,1,0,60
Sales & Marketing,22,Masters & above,f,sourcing,2,31,1.0,2,0,0,52
Sales & Marketing,30,Bachelors,m,other,1,30,3.0,4,0,0,50
Sales & Marketing,7,Bachelors,m,other,1,32,1.0,5,1,0,49
Procurement,20,Bachelors,m,other,1,27,3.0,2,1,0,68
Operations,22,Bachelors,m,other,1,49,3.0,18,0,0,58
Operations,15,Bachelors,f,sourcing,1,36,5.0,7,0,0,56
Procurement,7,Bachelors,f,other,2,32,5.0,6,1,0,68
Sales & Marketing,6,Bachelors,m,sourcing,1,49,1.0,15,0,0,46
Operations,2,Bachelors,f,other,2,39,1.0,2,0,0,63
Sales & Marketing,13,Masters & above,m,other,1,34,4.0,2,1,0,49
Operations,26,Bachelors,m,sourcing,1,30,3.0,7,0,0,57
Sales & Marketing,2,Masters & above,m,other,1,35,5.0,7,1,0,48
Sales & Marketing,4,Bachelors,m,sourcing,1,28,1.0,7,0,0,47
Sales & Marketing,2,Masters & above,f,other,1,51,5.0,22,0,0,51
Operations,11,Bachelors,m,other,1,40,5.0,5,1,0,56
Sales & Marketing,15,Bachelors,f,sourcing,1,32,3.0,7,0,0,48
Technology,2,Masters & above,m,sourcing,1,55,3.0,4,0,0,81
Technology,2,Masters & above,m,other,1,37,5.0,3,1,0,80
Sales & Marketing,26,Bachelors,m,sourcing,1,31,3.0,6,1,0,51
Procurement,2,Bachelors,m,sourcing,1,35,1.0,10,0,0,73
Sales & Marketing,11,Bachelors,m,other,2,35,5.0,5,0,0,48
HR,23,Masters & above,f,other,2,33,3.0,8,0,0,52
Operations,15,Bachelors,m,sourcing,1,41,4.0,7,1,0,63
Technology,2,Bachelors,m,other,3,35,3.0,2,0,0,80
HR,2,Masters & above,m,other,1,46,2.0,12,0,0,47
Sales & Marketing,22,Bachelors,m,other,1,20,3.0,2,0,0,54
Finance,2,Bachelors,f,other,1,38,5.0,7,1,0,57
Operations,20,Bachelors,m,sourcing,1,29,3.0,1,0,0,60
Procurement,2,Masters & above,f,other,1,36,2.0,10,0,0,74
Sales & Marketing,4,Masters & above,f,sourcing,1,36,5.0,4,0,0,48
Procurement,17,Masters & above,f,other,1,58,3.0,4,1,0,67
Procurement,28,Bachelors,m,other,3,27,3.0,3,0,0,69
Analytics,7,Bachelors,m,other,2,31,5.0,4,0,0,85
Sales & Marketing,2,Bachelors,f,other,2,34,3.0,7,1,0,47
Finance,29,Bachelors,m,other,1,32,3.0,3,0,0,59
Analytics,28,Bachelors,m,other,3,26,4.0,5,0,0,88
Sales & Marketing,19,Bachelors,m,other,1,39,5.0,3,1,0,46
Legal,22,Bachelors,m,other,1,29,1.0,2,0,0,62
Operations,15,Bachelors,m,other,2,40,2.0,5,0,0,61
Procurement,10,Bachelors,m,other,1,30,3.0,4,0,0,68
Procurement,15,Masters & above,f,other,1,43,5.0,5,1,0,88
Sales & Marketing,4,Bachelors,m,other,2,26,3.0,3,0,0,52
Sales & Marketing,10,Masters & above,f,sourcing,1,30,3.0,6,0,0,50
Operations,2,Bachelors,m,other,1,41,5.0,7,1,0,60
Sales & Marketing,21,Masters & above,m,sourcing,1,35,5.0,9,1,0,49
Sales & Marketing,2,Bachelors,m,referred,1,30,3.0,10,1,0,45
Sales & Marketing,20,Bachelors,m,other,1,34,5.0,8,0,0,49
Sales & Marketing,27,Bachelors,m,sourcing,1,34,5.0,5,1,0,52
Technology,31,Bachelors,f,sourcing,1,29,4.0,5,0,0,77
Operations,14,Bachelors,f,other,1,30,4.0,5,0,0,60
Operations,27,Bachelors,f,other,1,37,5.0,7,1,0,59
Legal,13,Bachelors,m,other,1,28,5.0,3,1,0,60
Sales & Marketing,6,Bachelors,m,other,1,29,1.0,8,0,0,52
Technology,31,Masters & above,f,other,2,33,3.0,4,1,0,78
Sales & Marketing,13,Bachelors,m,sourcing,1,31,3.0,3,1,0,53
Sales & Marketing,22,Bachelors,f,other,1,36,1.0,7,0,0,46
Technology,23,Bachelors,f,sourcing,2,30,4.0,5,0,0,75
Sales & Marketing,28,Masters & above,m,other,1,48,2.0,17,0,1,50
Sales & Marketing,1,Bachelors,f,other,1,27,5.0,5,1,0,51
Analytics,29,Bachelors,m,other,2,28,4.0,4,0,0,83
Sales & Marketing,7,Bachelors,m,other,1,42,3.0,10,0,0,47
Technology,10,Bachelors,m,other,1,28,3.0,6,1,1,80
Technology,24,Bachelors,f,sourcing,1,26,1.0,2,0,0,76
Operations,2,Bachelors,f,sourcing,1,32,1.0,5,0,0,62
Finance,2,Bachelors,f,other,1,40,3.0,4,0,0,58
HR,14,Bachelors,m,other,1,30,3.0,2,0,0,51
Operations,2,Bachelors,m,other,2,30,3.0,6,0,0,61
Operations,7,Bachelors,m,other,1,50,3.0,7,0,0,58
HR,2,Bachelors,m,other,1,32,2.0,8,0,0,48
Sales & Marketing,34,Bachelors,f,other,1,31,3.0,4,0,0,48
Technology,7,Masters & above,m,other,2,41,3.0,5,0,0,83
Analytics,10,Masters & above,m,other,1,43,5.0,13,0,0,87
Sales & Marketing,7,Masters & above,m,other,1,37,1.0,4,0,0,51
HR,2,Bachelors,m,referred,2,29,5.0,4,0,0,51
Operations,19,Masters & above,m,sourcing,1,34,4.0,7,0,0,64
Finance,23,Bachelors,m,sourcing,1,31,4.0,4,1,0,60
Procurement,2,Bachelors,m,sourcing,1,47,5.0,20,1,0,66
Procurement,17,Bachelors,f,other,1,29,1.0,4,0,0,68
Technology,2,Masters & above,m,sourcing,6,56,3.0,14,0,0,78
R&D,22,Bachelors,m,other,1,30,5.0,2,1,0,86
R&D,28,Masters & above,m,sourcing,1,38,4.0,9,0,0,85
Sales & Marketing,7,Masters & above,m,sourcing,1,45,5.0,19,1,0,43
Procurement,2,Masters & above,m,sourcing,2,49,5.0,7,0,0,71
Analytics,7,Bachelors,m,sourcing,1,31,5.0,3,1,0,86
Sales & Marketing,14,Masters & above,m,sourcing,2,35,3.0,7,0,0,48
Finance,7,Bachelors,m,other,1,43,3.0,14,0,0,59
Sales & Marketing,1,Bachelors,m,other,1,29,5.0,4,1,0,49
Sales & Marketing,27,Bachelors,m,sourcing,1,35,2.0,9,0,0,53
Finance,26,Bachelors,f,other,1,30,1.0,9,0,0,59
Procurement,8,Masters & above,f,other,1,40,4.0,4,0,0,73
Legal,2,Below Secondary,f,sourcing,1,27,1.0,2,0,0,63
HR,22,Bachelors,m,sourcing,1,26,5.0,3,1,0,48
Technology,26,Bachelors,m,other,1,26,1.0,2,0,0,78
Procurement,7,Masters & above,f,other,1,40,4.0,5,1,0,69
Analytics,25,Bachelors,m,sourcing,1,36,1.0,3,0,0,78
Sales & Marketing,4,Bachelors,m,other,2,26,1.0,3,0,0,52
Operations,15,Masters & above,m,other,1,32,2.0,3,0,0,56
Procurement,27,Bachelors,m,sourcing,1,27,1.0,3,0,0,66
Sales & Marketing,4,Bachelors,m,sourcing,1,28,5.0,4,0,0,54
Analytics,27,Bachelors,m,other,1,38,3.0,5,0,0,87
Finance,7,Bachelors,m,sourcing,2,29,3.0,5,1,0,60
Operations,19,Bachelors,m,other,1,34,5.0,6,1,0,57
Procurement,17,Bachelors,f,sourcing,1,31,4.0,2,1,0,70
Sales & Marketing,5,Masters & above,m,other,1,36,5.0,4,1,0,52
Procurement,2,Bachelors,f,other,1,28,2.0,4,1,0,72
Sales & Marketing,24,Bachelors,m,sourcing,1,28,4.0,3,0,0,49
Technology,2,Bachelors,m,sourcing,1,40,3.0,3,0,0,79
Procurement,2,Bachelors,m,sourcing,2,35,4.0,7,1,1,68
Procurement,7,Masters & above,f,other,1,37,1.0,8,0,0,67
Sales & Marketing,22,Masters & above,m,other,1,39,1.0,7,0,0,44
Technology,10,Bachelors,f,other,1,28,4.0,2,1,0,83
Operations,2,Masters & above,f,sourcing,1,35,3.0,4,1,0,70
Operations,22,Masters & above,f,other,1,36,1.0,8,0,0,62
Procurement,11,Bachelors,f,other,1,29,3.0,6,0,0,70
Operations,13,Bachelors,f,sourcing,2,33,3.0,7,0,0,60
Sales & Marketing,14,Bachelors,m,sourcing,1,28,3.0,3,0,0,53
Sales & Marketing,7,Bachelors,f,other,1,31,5.0,4,0,0,47
Sales & Marketing,23,Bachelors,m,sourcing,1,40,1.0,5,1,0,46
Procurement,2,Masters & above,m,sourcing,1,52,3.0,13,0,0,69
Sales & Marketing,2,Bachelors,m,other,1,50,5.0,8,0,0,50
Procurement,2,Bachelors,f,other,1,30,3.0,3,0,0,84
Procurement,26,Bachelors,f,sourcing,1,30,1.0,6,1,0,67
Technology,16,Bachelors,f,other,1,29,2.0,6,0,0,75
Analytics,19,Bachelors,m,sourcing,1,32,4.0,5,0,0,85
Operations,7,Below Secondary,f,other,1,26,5.0,3,0,0,63
Analytics,2,Bachelors,m,sourcing,2,29,3.0,5,0,0,81
Technology,7,Bachelors,f,other,1,27,5.0,2,1,0,83
Sales & Marketing,31,Bachelors,f,sourcing,1,31,5.0,8,0,0,45
Operations,2,Bachelors,m,sourcing,1,31,3.0,5,0,0,61
Finance,26,Bachelors,m,sourcing,1,25,3.0,2,0,0,61
Operations,2,Bachelors,f,other,3,32,5.0,3,1,0,60
Operations,8,Bachelors,f,other,1,33,3.0,5,1,0,61
Operations,4,Bachelors,m,sourcing,1,37,4.0,3,0,0,60
Analytics,7,Bachelors,m,other,2,29,3.0,2,0,0,84
Sales & Marketing,1,Masters & above,m,other,1,34,3.0,3,0,0,45
Procurement,5,Bachelors,m,sourcing,2,34,1.0,4,1,0,75
Sales & Marketing,28,Masters & above,m,sourcing,2,32,2.0,3,1,1,54
Operations,19,Bachelors,m,other,2,32,5.0,6,1,0,57
Sales & Marketing,22,Bachelors,f,sourcing,1,36,5.0,9,1,0,49
Operations,15,Bachelors,m,other,2,49,5.0,7,0,0,58
Technology,31,Bachelors,m,other,1,32,1.0,7,0,0,78
Operations,2,Bachelors,f,sourcing,2,49,4.0,17,1,0,60
Operations,27,Masters & above,f,other,2,36,5.0,4,1,0,61
Technology,22,Bachelors,f,sourcing,1,26,3.0,2,0,0,77
Sales & Marketing,5,Masters & above,m,other,1,32,5.0,4,0,0,51
Technology,14,Bachelors,f,other,1,31,3.0,2,0,0,78
Procurement,7,Masters & above,f,sourcing,1,38,1.0,6,0,0,67
Sales & Marketing,15,Bachelors,f,other,1,31,3.0,6,0,0,48
Technology,15,Bachelors,f,sourcing,1,31,4.0,7,0,0,76
Technology,29,Bachelors,m,other,1,30,3.0,2,0,0,79
Sales & Marketing,5,Masters & above,m,sourcing,1,35,5.0,8,0,0,52
Technology,7,Masters & above,m,other,1,35,2.0,6,0,0,79
Technology,7,Masters & above,m,other,1,33,5.0,8,1,0,78
Sales & Marketing,21,Bachelors,m,other,1,32,1.0,10,0,0,48
Technology,24,Bachelors,f,other,1,28,2.0,5,0,0,73
Operations,2,Bachelors,m,sourcing,1,45,2.0,14,0,0,54
Technology,25,Masters & above,f,other,1,36,3.0,11,0,0,76
Procurement,31,Bachelors,f,sourcing,2,34,1.0,8,0,0,70
Sales & Marketing,15,Bachelors,f,sourcing,1,29,1.0,6,0,0,46
Sales & Marketing,22,Bachelors,m,sourcing,1,40,4.0,4,0,0,48
Procurement,2,Masters & above,f,other,1,42,5.0,11,1,0,68
Operations,15,Bachelors,f,sourcing,2,30,3.0,2,1,1,61
Sales & Marketing,2,Bachelors,m,sourcing,2,43,4.0,3,1,0,52
Operations,15,Bachelors,m,sourcing,2,36,3.0,8,0,0,63
Analytics,29,Masters & above,m,sourcing,2,31,5.0,5,1,0,81
Operations,7,Bachelors,f,sourcing,1,32,3.0,6,0,0,58
Sales & Marketing,28,Masters & above,m,other,1,36,1.0,2,0,0,53
R&D,2,Bachelors,m,other,1,31,3.0,6,0,0,82
Sales & Marketing,33,Bachelors,m,sourcing,1,39,3.0,4,1,0,51
Analytics,7,Bachelors,m,sourcing,1,31,5.0,7,0,0,85
Analytics,31,Bachelors,m,other,1,34,3.0,7,0,0,84
Procurement,2,Masters & above,f,other,1,52,1.0,13,0,0,69
Sales & Marketing,10,Masters & above,m,sourcing,1,39,3.0,3,1,0,50
Operations,22,Bachelors,m,sourcing,1,26,1.0,3,0,0,59
Procurement,4,Bachelors,m,other,1,26,3.0,4,1,0,71
Sales & Marketing,2,Masters & above,f,other,1,53,3.0,18,1,0,50
HR,28,Bachelors,m,other,1,30,2.0,2,0,0,53
Procurement,17,Masters & above,f,sourcing,1,35,1.0,8,0,0,66
Sales & Marketing,13,Bachelors,f,sourcing,1,34,5.0,3,1,0,48
Sales & Marketing,17,Masters & above,m,other,1,38,3.0,9,0,0,50
Sales & Marketing,31,Masters & above,f,sourcing,1,31,3.0,4,0,0,46
Sales & Marketing,19,Bachelors,m,sourcing,1,45,1.0,5,1,0,48
Operations,2,Bachelors,m,other,2,25,3.0,2,0,0,59
Analytics,14,Bachelors,m,other,1,27,5.0,2,1,0,84
Operations,2,Bachelors,m,other,1,44,5.0,13,0,0,56
Finance,13,Bachelors,f,other,1,31,5.0,5,1,0,59
Sales & Marketing,25,Bachelors,m,other,1,33,3.0,4,0,0,48
Procurement,4,Masters & above,m,sourcing,1,31,2.0,8,0,0,71
Operations,2,Bachelors,f,sourcing,1,52,3.0,2,0,0,61
Procurement,7,Masters & above,m,sourcing,2,38,1.0,4,0,0,74
Procurement,2,Masters & above,f,sourcing,1,41,4.0,10,1,0,74
Procurement,8,Bachelors,f,other,1,30,3.0,4,1,0,71
Analytics,11,Bachelors,m,sourcing,1,29,3.0,5,0,0,81
Finance,20,Bachelors,m,sourcing,4,35,3.0,7,1,0,58
Operations,2,Bachelors,m,other,2,39,3.0,12,0,0,56
Analytics,2,Masters & above,m,sourcing,2,34,5.0,4,1,0,82
R&D,22,Bachelors,m,other,1,28,5.0,2,1,0,81
Operations,27,Bachelors,m,sourcing,2,26,4.0,1,1,0,61
Operations,2,Bachelors,m,other,1,23,5.0,2,1,0,59
Sales & Marketing,2,Bachelors,f,sourcing,1,50,1.0,6,0,0,46
Sales & Marketing,22,Masters & above,m,other,1,47,5.0,2,0,0,50
Sales & Marketing,23,Bachelors,m,other,1,36,2.0,8,0,0,50
Sales & Marketing,1,Masters & above,f,sourcing,1,35,4.0,6,0,0,50
Technology,16,Bachelors,m,sourcing,1,38,1.0,5,0,0,81
Operations,8,Bachelors,f,sourcing,1,39,3.0,3,0,0,56
Operations,13,Bachelors,f,sourcing,2,32,5.0,6,0,0,88
Finance,2,Bachelors,m,sourcing,1,31,5.0,2,0,0,60
Procurement,15,Bachelors,f,sourcing,1,30,5.0,3,1,0,71
Finance,4,Bachelors,m,other,1,33,5.0,7,1,0,54
Sales & Marketing,4,Masters & above,m,sourcing,2,31,5.0,4,0,0,46
Technology,26,Bachelors,m,other,1,43,3.0,14,0,0,83
Sales & Marketing,26,Bachelors,m,sourcing,1,30,3.0,4,0,0,51
Analytics,8,Bachelors,m,sourcing,1,31,5.0,7,1,0,85
Analytics,22,Bachelors,m,other,1,37,3.0,4,0,0,82
Sales & Marketing,13,Masters & above,m,other,1,32,4.0,5,0,0,51
Sales & Marketing,2,Bachelors,m,other,2,55,4.0,3,0,0,56
HR,2,Bachelors,m,other,1,33,5.0,6,1,0,50
Sales & Marketing,24,Masters & above,m,other,1,38,2.0,8,0,0,49
Procurement,2,Bachelors,f,other,1,50,5.0,7,0,1,95
Sales & Marketing,2,Masters & above,m,sourcing,1,58,1.0,16,0,0,50
Analytics,7,Bachelors,m,sourcing,1,29,3.0,6,0,0,84
Sales & Marketing,2,Bachelors,m,sourcing,1,41,2.0,6,0,0,45
Technology,2,Bachelors,f,sourcing,1,56,3.0,12,0,0,83
Sales & Marketing,2,Bachelors,f,other,1,38,1.0,8,0,0,52
Technology,31,Bachelors,m,other,1,37,3.0,7,0,0,80
Technology,2,Bachelors,f,other,2,56,3.0,2,1,0,81
Operations,7,Masters & above,f,other,1,42,3.0,12,0,1,59
Procurement,10,Bachelors,m,sourcing,2,32,4.0,3,1,0,71
Operations,29,Bachelors,m,other,1,30,3.0,2,1,0,59
Finance,7,Masters & above,m,other,3,35,5.0,3,0,0,58
Operations,27,Bachelors,m,other,1,29,2.0,2,0,0,63
Procurement,2,Below Secondary,f,sourcing,1,20,5.0,2,1,0,73
Operations,30,Bachelors,m,sourcing,1,28,1.0,2,1,0,61
Procurement,2,Bachelors,m,other,1,53,3.0,8,0,0,74
Technology,15,Masters & above,f,sourcing,1,32,1.0,8,0,0,77
Procurement,5,Bachelors,m,other,1,28,1.0,5,0,0,69
Procurement,10,Masters & above,m,other,1,30,3.0,4,0,0,69
Procurement,28,Bachelors,f,other,1,29,3.0,4,0,0,64
Sales & Marketing,2,Bachelors,m,sourcing,2,24,3.0,2,0,0,51
Technology,13,Bachelors,f,sourcing,1,25,3.0,3,0,0,77
Sales & Marketing,2,Bachelors,m,sourcing,2,30,5.0,3,0,0,50
Technology,2,Masters & above,m,sourcing,1,36,1.0,7,0,0,81
Sales & Marketing,22,Bachelors,f,sourcing,2,28,3.0,5,1,0,50
Analytics,2,Bachelors,m,other,1,28,3.0,1,0,0,78
Sales & Marketing,4,Masters & above,f,other,1,33,3.0,9,0,0,52
Technology,10,Bachelors,m,sourcing,2,31,4.0,2,1,0,80
Technology,30,Bachelors,m,other,1,25,4.0,3,1,0,78
Operations,13,Masters & above,m,other,2,42,3.0,4,0,0,59
Technology,2,Bachelors,f,sourcing,2,25,2.0,3,0,0,75
Procurement,28,Masters & above,m,sourcing,1,32,2.0,6,0,0,68
Operations,2,Bachelors,m,sourcing,1,36,5.0,9,0,0,55
Technology,14,Masters & above,f,other,2,35,3.0,9,0,0,78
Sales & Marketing,22,Bachelors,f,sourcing,1,30,1.0,5,0,0,47
Operations,34,Masters & above,m,sourcing,1,33,5.0,5,1,0,61
Sales & Marketing,2,Masters & above,m,other,1,32,1.0,8,0,0,48
Operations,2,Bachelors,m,sourcing,1,48,3.0,7,0,0,60
HR,22,Masters & above,m,referred,1,32,5.0,3,1,0,46
Sales & Marketing,7,Masters & above,m,sourcing,4,36,1.0,7,0,0,50
Sales & Marketing,13,Masters & above,m,sourcing,1,36,1.0,7,0,0,48
Analytics,32,Bachelors,m,sourcing,2,31,5.0,4,0,0,83
Technology,27,Bachelors,m,sourcing,1,33,2.0,7,0,0,79
Sales & Marketing,2,Bachelors,m,sourcing,1,52,4.0,7,0,0,48
Technology,7,Masters & above,f,sourcing,1,45,5.0,12,1,0,77
Sales & Marketing,28,Bachelors,m,sourcing,1,41,5.0,6,1,0,53
Technology,28,Masters & above,f,sourcing,1,41,2.0,12,0,0,84
Sales & Marketing,15,Masters & above,m,other,1,36,4.0,2,1,0,47
Sales & Marketing,2,Masters & above,m,other,1,35,3.0,2,0,0,47
Sales & Marketing,15,Bachelors,m,sourcing,1,31,5.0,2,1,0,51
Sales & Marketing,13,Bachelors,m,sourcing,1,30,1.0,6,0,0,49
R&D,29,Bachelors,m,sourcing,1,32,1.0,2,0,0,83
Sales & Marketing,7,Masters & above,m,sourcing,1,44,5.0,19,0,0,49
Sales & Marketing,8,Bachelors,m,other,1,38,1.0,5,0,0,52
Analytics,31,Bachelors,m,sourcing,2,37,5.0,7,0,0,82
Operations,13,Masters & above,f,other,1,38,3.0,7,0,0,57
Procurement,22,Bachelors,m,other,5,35,3.0,3,1,0,65
Sales & Marketing,25,Masters & above,m,sourcing,1,45,3.0,5,0,0,45
Operations,24,Bachelors,f,other,1,33,4.0,9,1,0,61
Analytics,22,Bachelors,m,sourcing,1,34,3.0,7,1,0,84
Sales & Marketing,2,Masters & above,m,other,1,50,1.0,3,0,0,55
Technology,33,Bachelors,m,other,1,28,3.0,4,1,0,78
Operations,26,Bachelors,m,sourcing,1,26,5.0,3,0,0,64
HR,7,Bachelors,f,sourcing,1,29,3.0,5,1,0,47
Operations,2,Bachelors,m,referred,1,34,5.0,7,0,0,78
Sales & Marketing,4,Masters & above,m,other,1,43,1.0,14,0,0,53
Operations,27,Bachelors,m,other,1,31,2.0,7,0,0,65
Sales & Marketing,26,Masters & above,m,sourcing,1,33,3.0,5,0,0,45
HR,22,Masters & above,m,sourcing,1,34,4.0,4,0,0,48
Technology,7,Bachelors,m,sourcing,1,44,4.0,4,0,0,83
Analytics,32,Bachelors,m,sourcing,1,28,1.0,3,0,0,84
Procurement,2,Bachelors,f,sourcing,3,27,1.0,6,0,0,67
Analytics,22,Bachelors,m,other,1,29,3.0,4,1,0,86
Operations,33,Bachelors,m,other,1,32,5.0,6,0,0,61
Procurement,22,Masters & above,m,other,1,31,4.0,6,0,0,72
Technology,2,Masters & above,m,sourcing,2,30,3.0,8,0,0,82
Operations,4,Bachelors,m,other,1,38,4.0,4,1,0,59
Finance,2,Masters & above,f,other,1,43,3.0,6,0,0,55
Legal,26,Bachelors,m,sourcing,1,38,3.0,6,0,0,58
Analytics,22,Bachelors,m,other,2,32,2.0,3,1,0,85
Finance,7,Masters & above,f,sourcing,1,41,5.0,10,1,0,57
Technology,15,Bachelors,m,sourcing,1,30,4.0,4,1,0,88
Sales & Marketing,20,Bachelors,m,sourcing,1,27,4.0,1,0,0,48
Sales & Marketing,28,Bachelors,m,sourcing,1,38,3.0,11,0,0,51
HR,2,Bachelors,f,sourcing,1,36,4.0,8,0,0,47
Finance,23,Bachelors,m,sourcing,2,35,5.0,5,0,0,62
Procurement,2,Masters & above,f,other,1,44,5.0,7,1,0,74
Operations,11,Masters & above,f,sourcing,1,40,4.0,4,1,0,58
HR,2,Bachelors,m,sourcing,1,33,5.0,8,0,0,52
Technology,14,Bachelors,m,sourcing,1,31,4.0,4,1,0,81
Sales & Marketing,15,Bachelors,m,other,2,28,4.0,2,0,0,48
Analytics,11,Bachelors,m,sourcing,1,27,3.0,5,1,0,85
Finance,4,Masters & above,f,sourcing,1,35,4.0,7,0,0,57
Sales & Marketing,14,Bachelors,m,sourcing,1,49,3.0,10,1,0,54
Technology,25,Bachelors,f,sourcing,1,29,4.0,2,0,0,79
Operations,31,Bachelors,f,sourcing,1,46,4.0,9,0,0,59
Sales & Marketing,26,Bachelors,m,sourcing,1,43,5.0,4,0,0,48
Sales & Marketing,32,Bachelors,m,other,1,35,3.0,4,0,0,50
Sales & Marketing,16,Bachelors,f,sourcing,1,36,3.0,3,0,0,53
Sales & Marketing,31,Bachelors,m,sourcing,1,35,1.0,10,0,0,52
Legal,7,Masters & above,m,other,1,40,5.0,4,1,0,59
Sales & Marketing,7,Bachelors,m,other,2,38,3.0,10,0,0,50
Sales & Marketing,19,Bachelors,m,other,1,27,2.0,4,1,0,51
Analytics,8,Bachelors,m,other,1,31,3.0,4,0,0,88
Finance,11,Bachelors,m,sourcing,1,29,1.0,4,0,0,57
Procurement,10,Masters & above,f,other,1,34,3.0,3,0,0,86
Sales & Marketing,12,Bachelors,m,other,1,29,3.0,2,0,0,47
Analytics,31,Bachelors,m,sourcing,2,27,2.0,3,0,0,84
Technology,15,Bachelors,m,sourcing,2,34,4.0,8,0,0,77
Sales & Marketing,31,Bachelors,m,other,2,31,3.0,4,0,0,46
Sales & Marketing,31,Masters & above,m,other,1,49,3.0,5,1,0,49
Operations,12,Bachelors,f,other,1,44,3.0,11,0,0,59
Procurement,2,Masters & above,m,other,1,52,3.0,9,1,0,70
Operations,15,Bachelors,f,other,1,37,3.0,10,0,1,68
Procurement,7,Masters & above,f,other,2,36,4.0,9,0,0,70
Finance,12,Bachelors,m,sourcing,1,28,5.0,7,1,0,61
Operations,19,Masters & above,m,other,1,36,3.0,9,0,0,62
Sales & Marketing,20,Bachelors,m,other,1,31,3.0,2,0,0,47
Technology,2,Bachelors,f,sourcing,1,58,5.0,17,1,0,76
Operations,2,Bachelors,f,sourcing,2,35,5.0,4,1,0,63
Analytics,11,Bachelors,m,other,1,31,4.0,3,1,0,86
Technology,16,Bachelors,f,other,2,33,4.0,10,0,0,75
Sales & Marketing,3,Masters & above,m,other,1,33,4.0,3,1,0,51
Analytics,11,Bachelors,m,other,1,33,3.0,8,1,0,84
Sales & Marketing,22,Masters & above,m,other,1,37,3.0,7,1,0,50
Procurement,17,Bachelors,m,sourcing,1,44,3.0,16,0,0,69
Procurement,2,Masters & above,m,sourcing,1,48,3.0,2,0,0,74
HR,2,Masters & above,f,sourcing,1,42,5.0,5,0,0,44
Sales & Marketing,22,Bachelors,f,other,1,32,3.0,3,0,0,53
Operations,15,Bachelors,m,referred,1,39,5.0,8,0,0,60
HR,2,Masters & above,m,other,1,45,3.0,4,1,0,45
Operations,2,Bachelors,m,other,1,40,5.0,10,1,0,60
Sales & Marketing,20,Bachelors,m,other,1,32,5.0,8,0,0,63
Technology,2,Bachelors,f,sourcing,1,60,3.0,14,0,0,79
Procurement,13,Bachelors,f,sourcing,1,31,2.0,3,0,0,73
Operations,17,Bachelors,m,sourcing,1,26,2.0,3,1,0,62
Legal,30,Bachelors,m,other,1,31,3.0,2,0,0,64
Sales & Marketing,26,Bachelors,m,sourcing,1,26,3.0,4,0,0,55
Technology,2,Bachelors,m,sourcing,4,34,3.0,6,0,0,81
Operations,19,Masters & above,m,other,1,38,5.0,4,1,0,61
Procurement,17,Masters & above,m,other,1,47,3.0,9,0,0,64
Procurement,11,Bachelors,m,other,1,28,1.0,2,0,0,71
Analytics,7,Bachelors,m,sourcing,1,27,3.0,2,0,0,90
HR,2,Bachelors,f,sourcing,1,33,4.0,7,1,0,50
Technology,7,Masters & above,m,other,1,36,1.0,4,0,0,82
Sales & Marketing,13,Bachelors,m,sourcing,1,26,5.0,3,1,0,47
R&D,22,Bachelors,m,other,4,30,4.0,2,0,0,85
Technology,26,Bachelors,m,other,2,33,3.0,5,0,0,82
Operations,2,Bachelors,f,sourcing,1,26,5.0,2,1,0,58
Sales & Marketing,6,Bachelors,m,other,3,26,1.0,2,0,0,51
Sales & Marketing,26,Bachelors,f,other,1,31,1.0,5,1,1,54
Sales & Marketing,4,Masters & above,m,sourcing,2,32,3.0,9,0,0,86
Procurement,22,Bachelors,m,sourcing,1,31,1.0,4,1,0,68
Analytics,4,Bachelors,m,other,1,29,5.0,4,1,0,82
Analytics,15,Bachelors,m,sourcing,1,35,3.0,4,0,0,86
Procurement,2,Bachelors,f,sourcing,1,41,3.0,10,0,0,67
Operations,7,Bachelors,f,other,1,37,3.0,5,0,0,62
Sales & Marketing,31,Bachelors,f,sourcing,1,32,5.0,8,1,0,53
Sales & Marketing,26,Bachelors,m,other,1,39,3.0,3,0,0,49
Sales & Marketing,20,Masters & above,m,sourcing,2,39,2.0,6,0,0,52
Sales & Marketing,19,Bachelors,m,other,1,33,5.0,6,1,1,47
Procurement,2,Masters & above,m,other,1,34,1.0,9,0,0,67
Operations,2,Masters & above,f,sourcing,1,49,4.0,19,0,0,61
Analytics,20,Bachelors,m,other,1,29,3.0,6,0,0,85
Analytics,17,Bachelors,m,other,2,34,4.0,9,0,0,79
R&D,2,Bachelors,m,sourcing,2,45,4.0,7,0,0,83
Operations,15,Bachelors,m,sourcing,1,43,3.0,13,1,0,58
Sales & Marketing,27,Bachelors,m,sourcing,1,30,1.0,4,1,0,52
Analytics,7,Bachelors,m,sourcing,1,51,5.0,9,1,0,85
Analytics,4,Masters & above,m,sourcing,1,49,3.0,13,1,0,83
Operations,2,Bachelors,f,sourcing,1,41,5.0,15,1,0,60
Operations,31,Masters & above,f,other,1,34,4.0,5,0,0,64
Technology,22,Masters & above,m,sourcing,1,34,4.0,5,1,0,79
Operations,22,Masters & above,m,sourcing,2,35,5.0,6,1,0,57
Procurement,7,Bachelors,m,other,1,33,4.0,10,1,0,69
Technology,7,Masters & above,f,other,2,37,3.0,8,0,0,81
Procurement,22,Bachelors,m,other,3,34,3.0,6,1,0,69
Analytics,30,Bachelors,m,other,1,33,3.0,6,1,0,84
Sales & Marketing,13,Masters & above,m,sourcing,1,39,1.0,9,0,0,53
Procurement,2,Masters & above,f,sourcing,1,39,2.0,10,0,0,67
HR,2,Masters & above,f,sourcing,1,36,3.0,10,0,0,49
HR,2,Masters & above,m,sourcing,1,54,3.0,2,0,0,48
Technology,13,Masters & above,m,other,1,34,1.0,6,0,0,77
Sales & Marketing,7,Bachelors,m,sourcing,1,37,5.0,8,1,0,48
Sales & Marketing,2,Bachelors,m,sourcing,2,47,3.0,15,0,0,47
Sales & Marketing,2,Bachelors,m,other,1,38,2.0,6,0,0,49
Procurement,2,Bachelors,m,other,1,37,1.0,2,0,0,70
Technology,2,Masters & above,f,sourcing,1,34,5.0,10,1,0,83
Operations,14,Bachelors,m,other,1,41,3.0,5,0,0,61
Sales & Marketing,22,Masters & above,m,other,1,32,4.0,2,0,0,50
Technology,2,Bachelors,m,other,1,24,2.0,1,0,0,80
Operations,2,Bachelors,f,sourcing,1,31,5.0,5,0,0,71
Operations,15,Bachelors,m,other,1,31,5.0,5,1,0,62
R&D,26,Bachelors,m,sourcing,1,35,5.0,6,1,0,80
Procurement,7,Masters & above,m,other,1,38,2.0,5,0,0,64
Operations,7,Bachelors,f,sourcing,1,36,4.0,3,0,0,59
Finance,11,Bachelors,m,other,2,38,1.0,12,0,0,59
Procurement,17,Bachelors,f,other,1,26,1.0,2,0,0,67
HR,22,Bachelors,f,sourcing,2,32,1.0,5,0,0,50
Sales & Marketing,5,Masters & above,m,other,2,39,3.0,2,0,0,48
Sales & Marketing,20,Bachelors,m,sourcing,1,36,2.0,8,0,0,53
Operations,28,Bachelors,m,sourcing,2,30,3.0,4,0,0,58
Operations,4,Bachelors,m,sourcing,1,29,4.0,6,0,0,61
Operations,1,Bachelors,m,other,1,29,3.0,3,0,0,60
Technology,2,Bachelors,m,other,1,47,4.0,5,1,0,79
Finance,15,Bachelors,m,sourcing,1,27,2.0,3,0,0,62
Sales & Marketing,2,Bachelors,m,other,1,58,4.0,27,0,0,50
Procurement,17,Bachelors,f,other,2,46,3.0,13,1,0,71
Analytics,2,Masters & above,m,other,1,42,2.0,8,0,0,82
Sales & Marketing,17,Masters & above,m,sourcing,1,36,1.0,9,0,0,50
HR,7,Masters & above,f,other,1,39,5.0,10,1,0,46
Analytics,15,Bachelors,m,sourcing,1,31,3.0,4,0,0,89
Analytics,32,Masters & above,m,other,1,27,3.0,4,0,0,84
Operations,13,Bachelors,m,other,1,31,5.0,7,1,0,56
Finance,2,Masters & above,m,other,1,36,5.0,4,0,0,59
Operations,26,Masters & above,m,other,1,46,4.0,2,0,0,57
Sales & Marketing,2,Bachelors,f,other,1,29,1.0,3,0,0,50
Technology,7,Bachelors,m,sourcing,3,30,3.0,3,1,1,79
Sales & Marketing,23,Masters & above,m,other,1,35,3.0,5,0,0,49
Analytics,10,Masters & above,m,sourcing,1,37,5.0,3,0,0,83
Sales & Marketing,4,Bachelors,m,other,2,36,3.0,4,0,0,44
Technology,13,Bachelors,m,sourcing,1,27,5.0,2,1,0,80
Sales & Marketing,10,Masters & above,f,sourcing,1,31,3.0,3,0,0,53
Technology,14,Masters & above,m,sourcing,1,37,5.0,10,1,0,87
Operations,14,Bachelors,f,other,1,43,3.0,7,1,0,59
Procurement,22,Masters & above,m,other,1,45,3.0,5,0,0,70
Procurement,2,Bachelors,m,other,1,34,3.0,5,0,0,71
Operations,20,Bachelors,m,other,1,27,4.0,2,1,0,63
Sales & Marketing,16,Bachelors,m,sourcing,1,30,3.0,6,0,0,53
Procurement,17,Bachelors,m,other,1,39,2.0,3,0,0,70
Operations,26,Bachelors,m,sourcing,2,36,4.0,7,1,0,59
Analytics,29,Masters & above,m,sourcing,1,34,5.0,7,1,0,90
Legal,2,Bachelors,m,sourcing,1,46,5.0,6,0,0,61
Analytics,29,Masters & above,m,other,1,30,3.0,2,0,0,84
Sales & Marketing,26,Bachelors,f,sourcing,1,27,1.0,3,0,0,51
Finance,7,Bachelors,m,sourcing,2,28,5.0,7,1,0,60
Operations,3,Masters & above,f,other,1,33,4.0,7,1,0,61
Operations,22,Masters & above,m,other,1,37,5.0,3,0,0,59
Sales & Marketing,14,Bachelors,m,other,1,31,2.0,7,0,0,49
Technology,2,Bachelors,m,sourcing,1,57,5.0,15,1,0,84
Operations,22,Bachelors,f,other,2,32,3.0,7,1,0,63
Operations,29,Bachelors,m,sourcing,1,28,5.0,2,1,0,96
Technology,27,Bachelors,f,sourcing,2,33,3.0,7,0,0,85
R&D,2,Masters & above,m,sourcing,1,37,1.0,8,0,0,83
Operations,24,Bachelors,f,other,1,31,5.0,4,1,0,56
Procurement,13,Bachelors,m,other,4,32,1.0,7,0,0,69
Operations,19,Masters & above,f,sourcing,1,33,5.0,3,0,0,61
HR,31,Bachelors,f,sourcing,1,25,3.0,3,0,0,49
Analytics,13,Bachelors,m,other,1,32,4.0,7,0,0,82
Finance,2,Bachelors,f,other,1,39,3.0,12,0,0,59
Technology,2,Bachelors,m,other,1,52,4.0,21,1,0,80
Sales & Marketing,11,Bachelors,m,other,1,28,3.0,5,1,0,53
Procurement,22,Bachelors,m,other,1,33,4.0,7,1,0,71
Operations,10,Masters & above,m,other,1,44,3.0,2,1,0,56
Sales & Marketing,32,Bachelors,m,sourcing,4,27,3.0,2,0,0,51
Sales & Marketing,13,Bachelors,m,other,1,30,4.0,2,0,0,50
Technology,7,Bachelors,f,sourcing,1,41,4.0,7,0,0,79
Operations,22,Bachelors,m,other,1,56,3.0,14,1,0,63
Technology,2,Bachelors,f,sourcing,2,50,3.0,19,0,0,81
Analytics,26,Bachelors,m,other,1,32,5.0,5,0,0,85
Sales & Marketing,2,Bachelors,m,sourcing,2,30,4.0,6,0,0,52
Operations,2,Masters & above,m,other,2,47,3.0,19,0,0,63
Sales & Marketing,28,Bachelors,m,other,1,35,1.0,5,0,0,62
Sales & Marketing,4,Masters & above,m,sourcing,1,36,5.0,7,1,0,50
HR,2,Bachelors,m,other,2,30,5.0,4,0,0,48
Analytics,32,Bachelors,m,other,1,38,4.0,10,1,0,84
Technology,7,Bachelors,f,other,1,33,4.0,7,1,0,82
Operations,8,Bachelors,f,other,1,32,3.0,7,1,0,96
Procurement,22,Bachelors,m,other,1,45,3.0,5,1,0,73
Sales & Marketing,16,Bachelors,f,other,1,30,2.0,4,0,0,54
Technology,15,Bachelors,m,other,1,35,1.0,7,0,0,85
Sales & Marketing,15,Bachelors,m,sourcing,1,29,5.0,6,0,0,46
Sales & Marketing,13,Masters & above,m,other,2,33,5.0,3,1,0,50
Operations,23,Bachelors,m,sourcing,1,35,2.0,6,0,0,56
Sales & Marketing,17,Bachelors,m,sourcing,1,35,5.0,4,1,0,46
Finance,13,Bachelors,m,sourcing,2,26,1.0,2,0,0,60
Finance,2,Bachelors,m,sourcing,1,36,2.0,3,0,0,60
Sales & Marketing,7,Masters & above,f,other,1,37,4.0,8,0,0,48
Operations,8,Masters & above,m,other,1,40,4.0,4,0,0,64
Operations,12,Bachelors,m,other,1,28,3.0,5,0,0,61
Operations,24,Bachelors,f,other,1,30,3.0,3,0,0,59
Procurement,15,Bachelors,f,other,1,37,3.0,5,0,0,69
Operations,14,Bachelors,f,sourcing,1,41,5.0,4,1,0,58
Procurement,2,Masters & above,f,other,2,39,3.0,3,0,0,68
Operations,9,Bachelors,m,other,1,32,2.0,7,0,0,60
Sales & Marketing,32,Bachelors,m,other,1,36,1.0,3,1,0,47
Procurement,16,Bachelors,m,sourcing,3,25,3.0,5,0,0,69
Sales & Marketing,5,Bachelors,m,sourcing,1,26,3.0,3,0,0,46
Operations,7,Masters & above,f,other,1,52,4.0,16,1,0,61
Operations,2,Bachelors,m,other,1,27,3.0,3,0,0,56
Finance,4,Masters & above,m,other,1,40,2.0,6,1,0,56
Sales & Marketing,26,Bachelors,m,other,2,36,2.0,2,0,0,52
R&D,22,Masters & above,m,other,1,28,4.0,4,1,0,85
Procurement,15,Masters & above,m,other,1,36,3.0,3,0,0,72
Sales & Marketing,31,Bachelors,f,sourcing,2,29,1.0,3,0,0,47
Technology,3,Masters & above,m,other,1,33,3.0,4,0,0,81
Sales & Marketing,11,Masters & above,m,sourcing,1,34,4.0,3,0,0,49
R&D,7,Masters & above,m,sourcing,1,31,4.0,4,0,0,94
Technology,23,Bachelors,m,other,3,29,3.0,3,0,0,81
Technology,7,Bachelors,m,sourcing,1,29,3.0,5,0,0,79
Sales & Marketing,22,Bachelors,m,other,2,38,4.0,4,0,0,46
Sales & Marketing,25,Bachelors,m,sourcing,1,32,3.0,5,0,0,52
Procurement,17,Masters & above,f,sourcing,1,35,3.0,9,0,0,68
Sales & Marketing,14,Bachelors,m,other,2,32,2.0,8,0,0,49
Sales & Marketing,22,Bachelors,m,sourcing,1,33,2.0,3,0,0,48
Operations,8,Bachelors,m,other,2,27,5.0,4,0,0,61
Sales & Marketing,15,Bachelors,m,sourcing,1,30,4.0,5,0,0,50
HR,22,Bachelors,f,sourcing,1,28,3.0,4,0,0,50
Operations,15,Bachelors,m,other,1,49,3.0,19,0,0,61
Technology,13,Masters & above,m,other,1,44,2.0,12,0,0,80
Procurement,23,Masters & above,f,sourcing,1,37,3.0,10,0,0,73
Sales & Marketing,7,Masters & above,m,sourcing,1,37,4.0,5,1,0,51
Sales & Marketing,22,Bachelors,m,sourcing,1,27,3.0,2,1,0,53
Sales & Marketing,13,Masters & above,m,sourcing,1,54,3.0,13,0,0,48
Operations,29,Bachelors,m,other,1,36,3.0,11,0,0,58
Procurement,2,Bachelors,f,other,2,36,4.0,9,0,0,70
Operations,2,Bachelors,m,other,1,37,4.0,7,1,0,57
Operations,22,Bachelors,m,sourcing,2,34,5.0,4,1,0,60
Sales & Marketing,13,Bachelors,f,other,1,23,4.0,2,0,0,46
Operations,13,Masters & above,m,other,1,37,5.0,6,0,0,58
Analytics,31,Masters & above,m,sourcing,3,37,1.0,10,0,0,83
Finance,2,Bachelors,m,other,1,34,1.0,8,0,0,59
Operations,22,Bachelors,m,sourcing,1,26,3.0,5,1,0,58
Sales & Marketing,32,Bachelors,m,other,2,33,1.0,8,0,0,49
Legal,13,Bachelors,m,other,1,28,5.0,2,0,0,75
Operations,32,Bachelors,f,other,1,39,5.0,3,1,0,55
Sales & Marketing,2,Bachelors,f,sourcing,1,38,3.0,2,1,0,52
Technology,2,Bachelors,f,other,1,42,1.0,6,0,0,83
HR,32,Bachelors,m,other,1,35,2.0,5,0,0,51
Technology,28,Bachelors,m,sourcing,1,30,2.0,5,0,0,86
Sales & Marketing,7,Bachelors,m,sourcing,1,30,4.0,4,1,0,50
Analytics,22,Bachelors,m,sourcing,1,38,5.0,2,1,0,86
Sales & Marketing,24,Masters & above,m,sourcing,1,31,1.0,6,0,0,50
Sales & Marketing,22,Bachelors,m,sourcing,1,37,4.0,10,0,0,52
Operations,2,Bachelors,m,other,3,26,5.0,4,1,0,63
Procurement,23,Masters & above,f,sourcing,1,31,3.0,8,0,0,70
Operations,2,Masters & above,m,sourcing,1,57,3.0,5,0,0,61
HR,2,Bachelors,f,other,1,52,5.0,16,0,0,48
Technology,7,Masters & above,f,other,1,31,4.0,2,1,0,83
Procurement,15,Bachelors,m,sourcing,1,36,4.0,4,0,0,71
Sales & Marketing,7,Masters & above,m,other,2,45,1.0,16,0,0,44
Sales & Marketing,15,Bachelors,f,other,1,27,1.0,2,0,0,51
Sales & Marketing,15,Masters & above,m,other,1,32,1.0,7,0,0,49
Sales & Marketing,2,Masters & above,m,other,3,55,3.0,13,0,0,47
Technology,15,Bachelors,m,other,1,35,2.0,9,0,1,77
Operations,12,Bachelors,f,sourcing,1,29,1.0,2,0,0,55
Sales & Marketing,7,Bachelors,m,sourcing,1,38,5.0,8,0,0,57
Sales & Marketing,15,Bachelors,m,other,1,41,5.0,3,0,0,50
Procurement,8,Masters & above,m,other,1,40,2.0,11,0,0,67
Analytics,29,Bachelors,m,sourcing,1,31,4.0,3,1,0,87
Analytics,17,Bachelors,m,other,1,30,3.0,4,1,0,92
Technology,10,Bachelors,f,sourcing,1,29,1.0,2,0,0,72
Operations,26,Bachelors,m,sourcing,1,41,5.0,7,0,0,58
Procurement,2,Masters & above,f,sourcing,1,37,3.0,7,0,0,72
Sales & Marketing,20,Bachelors,m,sourcing,1,40,5.0,6,0,0,48
Operations,22,Bachelors,f,sourcing,1,27,2.0,6,1,0,61
Analytics,28,Masters & above,f,other,1,32,5.0,4,1,0,85
Technology,22,Masters & above,m,sourcing,1,33,3.0,4,0,0,81
Sales & Marketing,6,Bachelors,m,other,1,29,3.0,2,0,0,52
Technology,25,Masters & above,m,sourcing,1,33,3.0,6,1,0,84
Analytics,30,Bachelors,m,other,1,34,5.0,7,1,0,85
Finance,2,Bachelors,m,other,1,27,5.0,2,0,0,50
Sales & Marketing,6,Bachelors,m,sourcing,1,27,1.0,2,1,0,51
Operations,22,Bachelors,m,sourcing,2,30,5.0,4,1,0,61
Sales & Marketing,2,Masters & above,m,other,3,46,1.0,14,0,0,52
Sales & Marketing,10,Bachelors,m,other,1,36,3.0,3,0,0,49
Sales & Marketing,2,Bachelors,m,sourcing,2,27,5.0,2,0,0,54
Technology,15,Bachelors,m,other,2,30,5.0,5,1,0,80
Finance,2,Bachelors,m,sourcing,2,38,4.0,3,0,0,59
Sales & Marketing,16,Bachelors,m,sourcing,1,46,4.0,21,0,0,44
Sales & Marketing,22,Bachelors,m,other,1,33,5.0,2,1,0,49
Procurement,22,Masters & above,m,sourcing,1,33,1.0,9,1,0,69
Legal,22,Bachelors,m,other,1,29,1.0,3,0,0,60
Sales & Marketing,4,Bachelors,m,other,1,30,2.0,7,0,0,51
Operations,31,Bachelors,f,sourcing,1,27,3.0,2,0,0,63
Technology,26,Masters & above,m,other,1,39,3.0,14,0,0,77
Sales & Marketing,24,Bachelors,m,other,1,34,2.0,9,0,0,47
Sales & Marketing,15,Bachelors,m,sourcing,1,35,3.0,5,0,0,52
Procurement,13,Bachelors,m,other,1,26,3.0,3,0,0,64
Technology,33,Bachelors,m,sourcing,1,29,2.0,2,0,0,82
Sales & Marketing,6,Bachelors,f,other,1,33,1.0,5,0,0,49
Procurement,22,Bachelors,m,other,1,30,4.0,7,1,0,73
Technology,2,Bachelors,f,referred,1,53,5.0,17,0,0,80
Technology,31,Bachelors,m,other,2,30,4.0,3,0,0,80
Sales & Marketing,28,Masters & above,m,other,1,47,5.0,18,0,0,52
Procurement,31,Bachelors,m,other,1,34,4.0,2,1,0,69
Procurement,12,Bachelors,m,sourcing,2,29,4.0,2,0,0,71
Analytics,16,Bachelors,m,other,1,37,5.0,8,0,0,81
Sales & Marketing,14,Bachelors,m,other,1,24,3.0,2,1,1,51
Sales & Marketing,2,Masters & above,f,other,1,43,4.0,2,1,0,48
Operations,22,Masters & above,m,sourcing,1,50,5.0,13,1,0,64
HR,29,Bachelors,m,other,1,35,5.0,10,1,0,49
Sales & Marketing,11,Bachelors,m,other,1,31,3.0,6,0,0,46
Sales & Marketing,2,Bachelors,m,sourcing,1,25,2.0,2,0,0,48
Legal,7,Bachelors,m,other,1,34,5.0,5,1,0,63
HR,11,Masters & above,m,other,2,39,3.0,10,0,0,53
Finance,14,Bachelors,m,other,2,31,2.0,3,0,0,65
Sales & Marketing,31,Bachelors,m,sourcing,1,31,4.0,2,1,0,48
Procurement,2,Below Secondary,m,other,1,21,5.0,2,1,0,72
Sales & Marketing,13,Bachelors,m,sourcing,1,34,4.0,8,0,0,50
HR,29,Bachelors,m,other,1,33,3.0,6,1,0,52
Technology,31,Bachelors,m,sourcing,1,30,3.0,4,0,0,78
Sales & Marketing,32,Bachelors,m,sourcing,1,33,5.0,6,0,0,52
Analytics,7,Masters & above,m,sourcing,2,35,3.0,6,1,0,87
Analytics,29,Bachelors,m,other,1,29,3.0,2,1,0,82
Technology,11,Bachelors,f,sourcing,1,28,4.0,5,0,0,78
Technology,13,Bachelors,f,other,1,39,3.0,4,1,0,77
Sales & Marketing,27,Bachelors,f,other,1,29,4.0,5,0,0,49
Sales & Marketing,7,Masters & above,m,sourcing,1,40,2.0,12,0,0,48
Operations,15,Masters & above,m,sourcing,1,41,5.0,9,0,1,79
Operations,22,Masters & above,f,sourcing,1,35,3.0,5,1,0,55
Operations,22,Bachelors,f,other,1,27,2.0,3,0,0,59
Analytics,22,Bachelors,f,sourcing,1,30,5.0,9,1,0,85
Finance,2,Bachelors,m,other,1,37,5.0,9,0,0,60
Technology,2,Below Secondary,f,other,1,22,5.0,2,1,0,79
Procurement,15,Masters & above,m,other,1,34,5.0,7,1,0,70
Operations,14,Bachelors,f,other,2,27,5.0,2,1,0,60
Operations,22,Bachelors,m,other,1,46,5.0,6,1,0,60
Operations,25,Masters & above,f,sourcing,1,33,4.0,4,1,0,53
Sales & Marketing,32,Bachelors,f,other,1,29,5.0,2,0,0,51
Operations,27,Bachelors,f,other,1,33,2.0,3,0,0,58
Operations,21,Bachelors,m,sourcing,1,30,4.0,5,0,0,60
Analytics,2,Bachelors,m,sourcing,1,38,1.0,8,0,0,84
Operations,15,Bachelors,m,other,1,31,5.0,7,0,0,59
Operations,13,Masters & above,f,other,1,43,2.0,10,1,0,62
Procurement,2,Bachelors,m,other,2,45,3.0,4,0,0,69
Procurement,15,Bachelors,m,other,1,27,5.0,5,1,0,65
Procurement,19,Bachelors,m,other,1,41,4.0,6,1,0,63
Sales & Marketing,2,Bachelors,m,other,1,47,5.0,13,0,0,50
Analytics,15,Bachelors,m,sourcing,1,35,1.0,3,1,0,88
Finance,5,Bachelors,m,other,1,34,3.0,8,0,0,58
Technology,27,Below Secondary,f,other,1,24,3.0,3,0,0,79
Operations,22,Masters & above,m,other,1,36,5.0,3,1,0,56
Sales & Marketing,2,Bachelors,m,sourcing,1,33,1.0,8,0,0,49
R&D,22,Masters & above,f,sourcing,1,31,4.0,2,1,0,82
Technology,2,Masters & above,m,sourcing,1,43,3.0,13,0,0,79
Sales & Marketing,23,Bachelors,m,other,1,41,5.0,6,1,0,49
Operations,13,Bachelors,m,sourcing,1,34,4.0,4,0,0,60
Technology,7,Masters & above,f,other,1,45,3.0,4,0,0,80
Sales & Marketing,2,Bachelors,m,other,1,41,4.0,4,1,0,53
Legal,13,Bachelors,m,other,1,28,3.0,2,1,0,60
Analytics,22,Bachelors,m,other,1,42,3.0,18,1,0,85
Operations,15,Bachelors,m,sourcing,1,32,3.0,5,1,0,56
Finance,22,Bachelors,m,other,1,39,3.0,5,0,0,64
Operations,22,Masters & above,m,other,1,42,5.0,14,1,0,60
Operations,2,Bachelors,m,other,1,58,3.0,33,0,0,63
Operations,2,Bachelors,m,sourcing,1,40,3.0,3,1,1,59
Technology,5,Bachelors,m,other,1,27,2.0,4,0,0,80
Analytics,7,Bachelors,m,other,1,37,3.0,3,1,0,82
Sales & Marketing,2,Bachelors,m,sourcing,2,42,5.0,4,0,0,49
Operations,27,Masters & above,m,sourcing,1,39,5.0,7,1,0,59
Procurement,2,Bachelors,m,sourcing,1,31,4.0,9,1,0,75
Sales & Marketing,16,Masters & above,f,other,2,32,1.0,4,0,0,49
HR,2,Masters & above,f,other,1,59,3.0,19,0,0,50
Technology,4,Masters & above,f,other,1,36,2.0,7,0,0,76
Operations,15,Masters & above,m,sourcing,2,38,4.0,5,0,0,59
Technology,5,Bachelors,f,other,1,28,5.0,4,1,0,83
Sales & Marketing,2,Bachelors,m,referred,1,40,4.0,10,1,0,48
Sales & Marketing,13,Bachelors,m,other,2,29,3.0,2,0,0,47
Technology,2,Masters & above,f,sourcing,1,45,3.0,12,0,0,80
Operations,2,Masters & above,f,other,3,50,5.0,6,1,0,61
Procurement,2,Masters & above,f,sourcing,1,43,3.0,3,1,0,69
Sales & Marketing,23,Bachelors,m,sourcing,1,30,1.0,5,0,0,53
Technology,26,Bachelors,f,sourcing,1,38,3.0,10,0,0,83
Analytics,7,Masters & above,m,sourcing,1,36,4.0,3,1,0,88
Procurement,17,Bachelors,f,sourcing,1,60,4.0,7,1,0,67
HR,2,Bachelors,m,other,1,41,3.0,17,0,0,44
Sales & Marketing,7,Masters & above,m,other,1,36,3.0,2,1,0,49
Technology,22,Masters & above,m,other,2,33,3.0,4,0,0,80
Operations,22,Masters & above,f,other,1,40,3.0,7,1,0,57
Analytics,2,Masters & above,m,other,2,51,4.0,7,0,0,80
Finance,22,Bachelors,m,other,3,28,1.0,3,0,0,61
Procurement,2,Masters & above,f,sourcing,1,42,5.0,11,1,0,69
HR,2,Bachelors,m,sourcing,3,60,5.0,11,0,0,50
Operations,2,Bachelors,f,sourcing,1,36,3.0,5,0,0,59
Operations,15,Bachelors,m,other,2,37,5.0,7,0,0,53
Analytics,2,Masters & above,m,sourcing,1,36,5.0,5,1,0,81
Analytics,2,Masters & above,m,sourcing,1,54,3.0,15,0,0,84
Sales & Marketing,27,Bachelors,m,sourcing,1,46,1.0,14,0,0,52
Technology,10,Masters & above,m,sourcing,1,38,3.0,3,0,0,79
Finance,11,Masters & above,m,other,1,32,4.0,6,0,0,61
Technology,2,Masters & above,f,sourcing,1,40,2.0,12,0,0,86
Procurement,17,Bachelors,f,other,2,30,3.0,7,1,0,71
Technology,33,Bachelors,f,sourcing,1,38,3.0,10,0,0,77
Sales & Marketing,7,Bachelors,m,sourcing,1,46,1.0,20,0,0,49
Sales & Marketing,30,Bachelors,m,sourcing,1,27,4.0,4,0,0,53
Analytics,31,Bachelors,m,sourcing,1,32,3.0,10,0,0,84
Operations,12,Bachelors,m,other,3,30,4.0,3,0,0,60
Procurement,2,Bachelors,m,sourcing,1,57,3.0,28,0,0,70
Procurement,20,Masters & above,f,sourcing,1,32,1.0,5,0,0,68
Finance,2,Bachelors,m,sourcing,1,25,3.0,2,1,0,62
R&D,2,Bachelors,m,other,1,33,3.0,2,0,0,87
Operations,7,Bachelors,m,sourcing,1,27,5.0,5,0,0,60
Operations,22,Masters & above,m,sourcing,1,51,4.0,22,0,0,56
Technology,23,Masters & above,f,sourcing,2,35,4.0,8,0,0,81
Technology,2,Bachelors,f,other,1,32,4.0,4,1,0,79
Sales & Marketing,15,Masters & above,m,other,1,30,3.0,4,0,0,49
Operations,25,Bachelors,m,other,1,29,5.0,4,1,0,57
Technology,4,Masters & above,m,other,1,37,5.0,3,1,0,80
Operations,22,Bachelors,m,other,1,39,1.0,5,0,0,55
Legal,20,Bachelors,m,other,1,31,3.0,2,0,0,59
Finance,2,Bachelors,m,other,1,60,5.0,7,0,0,60
Technology,7,Bachelors,f,sourcing,1,37,3.0,2,1,0,89
Sales & Marketing,29,Bachelors,m,sourcing,1,36,3.0,7,0,0,48
Analytics,5,Bachelors,m,sourcing,1,31,1.0,2,0,0,80
Sales & Marketing,23,Masters & above,m,other,2,40,1.0,13,0,0,48
Operations,7,Bachelors,f,sourcing,1,32,4.0,5,0,0,59
Analytics,31,Bachelors,m,sourcing,2,35,2.0,2,0,0,83
Technology,13,Masters & above,m,other,1,43,5.0,14,1,0,83
Analytics,22,Bachelors,m,other,2,28,5.0,2,1,0,92
Analytics,19,Bachelors,m,sourcing,2,38,3.0,14,0,0,84
Sales & Marketing,22,Bachelors,m,sourcing,1,25,2.0,2,1,0,44
Finance,4,Bachelors,m,sourcing,1,33,5.0,6,1,0,62
Sales & Marketing,2,Bachelors,m,other,1,57,1.0,7,0,0,51
Legal,26,Bachelors,m,other,1,34,5.0,6,1,0,57
Sales & Marketing,22,Bachelors,m,other,1,48,3.0,8,0,0,52
Sales & Marketing,7,Bachelors,m,sourcing,2,43,1.0,3,1,0,48
Technology,14,Bachelors,f,other,1,29,3.0,4,0,0,74
Operations,26,Masters & above,f,other,1,49,5.0,3,1,0,63
Analytics,2,Bachelors,m,sourcing,2,24,3.0,2,0,0,84
R&D,22,Masters & above,m,other,2,37,5.0,4,0,0,84
Technology,33,Bachelors,f,other,1,36,5.0,2,0,0,79
Operations,7,Masters & above,m,other,2,39,3.0,7,1,0,57
Operations,2,Masters & above,m,sourcing,1,43,5.0,15,1,0,66
Sales & Marketing,26,Masters & above,m,other,1,37,3.0,4,0,0,60
Sales & Marketing,27,Bachelors,m,other,1,32,3.0,4,1,0,45
Sales & Marketing,15,Bachelors,m,sourcing,1,29,1.0,7,0,0,49
Operations,31,Bachelors,m,sourcing,1,34,4.0,4,0,0,57
Operations,2,Masters & above,m,sourcing,1,54,3.0,19,0,0,60
Operations,28,Bachelors,m,sourcing,1,35,4.0,4,0,0,61
Analytics,34,Bachelors,m,sourcing,1,27,3.0,3,1,0,82
Finance,22,Masters & above,m,sourcing,3,34,5.0,3,1,0,58
Analytics,31,Bachelors,m,sourcing,1,43,3.0,6,1,0,86
Operations,2,Bachelors,m,sourcing,1,46,3.0,17,0,0,60
Sales & Marketing,31,Bachelors,m,other,1,31,3.0,4,1,0,46
Procurement,26,Bachelors,m,other,1,33,4.0,2,0,0,73
HR,2,Bachelors,f,sourcing,1,29,5.0,4,0,0,49
Procurement,2,Bachelors,f,other,2,43,3.0,11,0,0,70
Procurement,24,Bachelors,f,other,1,25,3.0,3,0,0,72
Operations,7,Bachelors,m,other,1,54,3.0,17,0,0,58
Finance,11,Bachelors,f,sourcing,1,31,4.0,6,0,0,58
Analytics,26,Masters & above,m,other,1,33,5.0,6,1,0,97
Sales & Marketing,15,Bachelors,m,other,1,33,5.0,5,1,0,43
Finance,7,Bachelors,m,other,1,30,3.0,2,0,0,57
Sales & Marketing,22,Bachelors,m,sourcing,1,27,5.0,4,0,0,47
Sales & Marketing,22,Masters & above,m,other,1,29,4.0,2,0,0,44
Sales & Marketing,14,Masters & above,m,sourcing,1,34,3.0,7,1,0,48
Sales & Marketing,28,Bachelors,m,other,1,38,5.0,4,1,0,50
Sales & Marketing,2,Masters & above,m,sourcing,1,34,4.0,10,1,0,85
Operations,31,Bachelors,f,sourcing,1,30,5.0,7,0,0,59
Analytics,13,Masters & above,m,sourcing,1,38,4.0,10,0,0,85
Procurement,4,Masters & above,m,other,1,37,5.0,3,0,0,67
Sales & Marketing,15,Masters & above,m,other,1,41,2.0,3,0,0,47
Operations,31,Bachelors,m,other,1,38,3.0,9,0,0,61
Sales & Marketing,13,Masters & above,m,other,1,48,3.0,25,0,0,46
Technology,22,Bachelors,m,other,1,29,4.0,5,0,0,77
Procurement,26,Bachelors,m,other,2,31,5.0,3,1,0,73
Sales & Marketing,2,Bachelors,m,other,1,32,2.0,6,0,0,50
Sales & Marketing,26,Bachelors,m,other,1,38,5.0,7,0,0,49
Procurement,14,Masters & above,m,sourcing,1,36,4.0,4,1,0,75
Analytics,2,Masters & above,m,sourcing,1,46,1.0,2,0,0,83
Sales & Marketing,13,Bachelors,m,other,1,38,5.0,9,1,0,49
Sales & Marketing,11,Bachelors,m,other,1,40,1.0,9,0,0,46
Operations,19,Masters & above,m,other,1,50,3.0,15,0,0,58
Operations,29,Bachelors,m,sourcing,1,40,4.0,8,0,0,58
Sales & Marketing,1,Masters & above,m,sourcing,1,37,3.0,9,0,0,51
Sales & Marketing,11,Bachelors,m,sourcing,1,28,5.0,3,0,0,50
Sales & Marketing,32,Bachelors,m,sourcing,1,35,1.0,10,0,0,47
Procurement,23,Masters & above,f,other,1,34,5.0,9,0,0,82
Sales & Marketing,23,Masters & above,m,other,2,38,5.0,6,1,0,48
Sales & Marketing,2,Bachelors,m,other,1,46,5.0,15,0,0,50
Operations,4,Bachelors,m,other,1,28,3.0,4,0,0,63
Finance,22,Bachelors,m,sourcing,2,28,4.0,2,1,0,60
Operations,22,Masters & above,m,sourcing,1,34,4.0,3,0,0,77
Technology,25,Bachelors,m,other,2,29,3.0,3,0,0,77
Analytics,4,Bachelors,m,sourcing,1,35,3.0,6,1,0,81
Analytics,29,Masters & above,m,other,1,35,1.0,7,0,0,86
Procurement,15,Masters & above,m,other,1,44,3.0,2,0,0,71
HR,2,Bachelors,f,sourcing,1,28,3.0,2,0,0,48
Sales & Marketing,13,Bachelors,m,sourcing,1,54,4.0,17,0,0,50
Procurement,23,Masters & above,f,other,1,37,1.0,7,0,0,71
Analytics,4,Bachelors,m,other,1,35,2.0,7,1,0,85
Operations,12,Bachelors,f,sourcing,1,43,4.0,5,1,0,59
Analytics,2,Bachelors,m,other,2,33,4.0,4,1,0,85
Operations,2,Bachelors,f,other,1,35,5.0,6,0,0,59
Procurement,2,Masters & above,m,other,2,53,3.0,8,0,0,70
Operations,31,Bachelors,f,sourcing,1,27,5.0,2,0,0,62
Finance,2,Bachelors,f,sourcing,1,37,3.0,12,0,0,63
Technology,2,Bachelors,m,other,1,56,1.0,28,0,0,78
Sales & Marketing,2,Masters & above,m,sourcing,2,43,3.0,2,0,0,47
Sales & Marketing,9,Masters & above,m,sourcing,1,32,4.0,9,0,0,50
Finance,8,Bachelors,f,other,1,28,5.0,3,1,0,63
Analytics,31,Bachelors,m,other,2,32,2.0,9,0,0,84
Sales & Marketing,29,Bachelors,m,sourcing,1,41,2.0,13,0,0,48
Sales & Marketing,2,Bachelors,m,sourcing,1,54,5.0,24,1,0,48
Procurement,15,Masters & above,m,sourcing,1,31,3.0,7,0,0,67
Analytics,7,Bachelors,m,other,1,32,5.0,6,1,0,92
Sales & Marketing,8,Bachelors,f,other,1,32,3.0,4,0,0,49
Sales & Marketing,4,Masters & above,m,sourcing,3,39,3.0,5,0,0,46
Sales & Marketing,15,Masters & above,m,sourcing,2,38,1.0,7,1,1,49
Technology,2,Bachelors,f,other,2,43,4.0,7,0,0,80
Sales & Marketing,26,Bachelors,m,sourcing,1,32,1.0,2,0,0,54
Sales & Marketing,4,Masters & above,m,other,1,31,5.0,4,1,0,48
Sales & Marketing,16,Bachelors,m,other,2,33,3.0,5,0,0,47
Sales & Marketing,2,Bachelors,m,other,1,45,5.0,18,1,0,49
Operations,32,Bachelors,f,sourcing,1,38,5.0,10,1,0,57
Sales & Marketing,25,Bachelors,m,sourcing,1,33,2.0,5,0,0,51
Operations,17,Masters & above,m,other,2,33,3.0,4,1,1,61
Sales & Marketing,27,Masters & above,m,sourcing,1,37,5.0,3,1,0,45
Sales & Marketing,2,Masters & above,m,other,2,45,3.0,16,0,0,46
Analytics,19,Bachelors,m,other,1,36,5.0,8,0,0,85
Sales & Marketing,28,Bachelors,m,sourcing,1,31,2.0,6,1,0,49
Procurement,2,Bachelors,f,other,1,55,4.0,15,0,0,68
Operations,2,Bachelors,f,other,1,43,3.0,5,0,0,58
Procurement,16,Bachelors,f,other,1,31,4.0,5,0,0,71
Operations,31,Bachelors,m,sourcing,1,33,3.0,3,0,0,62
Sales & Marketing,25,Bachelors,m,other,2,31,1.0,6,0,0,48
Operations,7,Bachelors,m,sourcing,1,46,3.0,17,0,0,62
Analytics,12,Bachelors,m,sourcing,1,27,4.0,2,0,0,85
Operations,11,Bachelors,m,other,1,37,5.0,10,1,0,63
Sales & Marketing,2,Masters & above,m,other,1,40,2.0,8,0,0,46
Sales & Marketing,2,Bachelors,f,other,2,28,3.0,6,0,0,51
HR,22,Masters & above,f,sourcing,1,36,4.0,7,0,0,54
Sales & Marketing,28,Masters & above,m,sourcing,1,40,3.0,10,0,0,50
Operations,2,Masters & above,m,other,1,36,5.0,4,1,0,61
Procurement,2,Masters & above,f,other,1,42,4.0,12,1,0,71
Operations,27,Masters & above,m,other,1,41,3.0,7,1,0,59
Finance,7,Masters & above,m,other,1,33,3.0,5,1,0,60
Procurement,12,Bachelors,f,sourcing,1,36,4.0,3,1,0,68
Operations,29,Masters & above,m,other,1,39,3.0,2,0,0,63
Analytics,22,Bachelors,m,other,1,30,2.0,4,0,0,83
Finance,4,Bachelors,m,sourcing,1,29,3.0,7,1,0,97
Technology,13,Bachelors,m,other,1,37,3.0,3,0,0,78
Operations,2,Masters & above,m,other,2,40,3.0,11,1,0,63
Procurement,7,Bachelors,m,other,1,36,1.0,3,0,0,68
Procurement,2,Bachelors,m,sourcing,1,35,4.0,7,1,0,68
HR,2,Masters & above,f,other,1,51,3.0,17,0,0,44
Sales & Marketing,2,Masters & above,m,referred,1,33,3.0,4,1,0,50
Technology,6,Bachelors,m,other,1,29,3.0,3,0,0,81
Sales & Marketing,2,Bachelors,f,other,2,46,3.0,14,0,0,53
Sales & Marketing,3,Bachelors,m,sourcing,1,36,3.0,6,0,0,50
Operations,2,Masters & above,m,sourcing,1,50,3.0,9,0,0,59
Procurement,7,Below Secondary,f,sourcing,1,25,2.0,2,1,0,72
Analytics,15,Bachelors,m,other,1,25,3.0,5,0,0,86
Sales & Marketing,15,Bachelors,m,sourcing,4,30,3.0,5,0,0,52
Procurement,11,Bachelors,f,other,1,31,3.0,4,0,0,70
Procurement,29,Masters & above,m,sourcing,1,44,3.0,7,1,0,71
HR,15,Bachelors,m,sourcing,1,37,1.0,10,0,0,53
Analytics,30,Bachelors,m,other,1,31,1.0,6,0,0,84
Operations,2,Masters & above,m,other,1,50,2.0,9,0,0,59
Technology,26,Bachelors,f,sourcing,1,34,1.0,3,0,0,76
Sales & Marketing,2,Masters & above,f,other,2,38,1.0,7,0,0,48
Sales & Marketing,22,Bachelors,m,other,3,31,2.0,2,1,0,47
Sales & Marketing,31,Bachelors,m,other,1,38,4.0,9,0,0,50
Procurement,4,Masters & above,m,other,1,39,3.0,9,1,0,71
Sales & Marketing,7,Masters & above,m,other,1,33,5.0,5,0,0,61
Sales & Marketing,7,Bachelors,f,sourcing,1,31,1.0,7,0,0,51
Finance,22,Bachelors,f,sourcing,1,25,3.0,2,0,0,62
Finance,26,Bachelors,m,other,1,27,5.0,2,1,1,56
Sales & Marketing,25,Bachelors,f,other,1,27,5.0,3,1,0,50
Technology,2,Bachelors,m,referred,1,32,2.0,7,1,0,77
Operations,15,Bachelors,m,other,1,26,1.0,4,0,0,60
Sales & Marketing,19,Bachelors,m,sourcing,1,26,1.0,3,0,0,51
Operations,2,Bachelors,f,sourcing,1,38,3.0,4,1,0,60
HR,22,Masters & above,m,other,1,34,3.0,4,1,0,53
Operations,11,Masters & above,f,other,1,37,4.0,8,1,0,57
Operations,4,Masters & above,f,other,1,40,4.0,12,1,0,59
Analytics,21,Bachelors,m,sourcing,1,28,4.0,3,1,0,85
Sales & Marketing,16,Bachelors,m,other,1,46,4.0,7,0,0,52
Operations,32,Bachelors,f,other,1,28,3.0,4,1,1,59
Sales & Marketing,7,Bachelors,m,other,1,46,1.0,16,0,0,45
Operations,23,Masters & above,m,other,1,38,3.0,4,1,0,58
Sales & Marketing,27,Bachelors,m,sourcing,2,31,1.0,3,0,0,53
Operations,4,Bachelors,m,other,1,30,4.0,3,0,0,59
Technology,2,Masters & above,m,other,1,58,4.0,13,1,0,83
Sales & Marketing,22,Bachelors,m,other,1,29,4.0,3,1,0,51
Operations,29,Bachelors,m,other,1,26,4.0,2,0,0,62
HR,7,Bachelors,m,other,2,30,3.0,2,0,0,51
Sales & Marketing,2,Masters & above,m,other,1,44,4.0,13,0,0,52
Operations,2,Bachelors,f,other,2,34,5.0,6,0,0,62
Procurement,2,Masters & above,f,other,1,54,1.0,4,1,0,69
Procurement,21,Masters & above,f,sourcing,1,44,5.0,14,1,0,73
R&D,11,Masters & above,m,sourcing,1,28,2.0,2,1,0,81
Operations,15,Bachelors,m,other,1,31,3.0,3,1,0,62
Technology,2,Masters & above,m,other,1,54,3.0,18,0,0,79
Technology,5,Masters & above,m,sourcing,1,38,1.0,2,0,0,79
Operations,2,Bachelors,f,other,1,39,1.0,6,0,0,62
Technology,16,Bachelors,m,sourcing,1,34,3.0,5,1,0,80
Sales & Marketing,31,Bachelors,m,sourcing,1,25,2.0,3,0,0,51
Finance,9,Bachelors,m,other,1,30,1.0,4,1,0,64
Analytics,5,Bachelors,m,other,1,31,2.0,8,0,0,86
Sales & Marketing,3,Bachelors,m,sourcing,1,35,3.0,9,0,0,47
Technology,2,Masters & above,f,other,1,35,3.0,4,0,0,74
Sales & Marketing,13,Bachelors,m,sourcing,1,42,4.0,6,1,0,46
Sales & Marketing,31,Bachelors,m,sourcing,1,49,3.0,20,0,0,51
Technology,2,Masters & above,m,other,2,46,3.0,10,0,0,75
Analytics,2,Bachelors,m,other,1,43,1.0,9,0,0,82
Procurement,4,Bachelors,f,other,1,34,3.0,2,1,0,71
Operations,28,Bachelors,f,sourcing,1,34,1.0,9,0,0,59
Technology,7,Masters & above,f,other,1,32,1.0,5,0,0,75
Technology,5,Masters & above,m,other,1,44,3.0,5,1,0,81
Technology,2,Bachelors,m,sourcing,3,37,1.0,9,0,0,75
Operations,6,Bachelors,f,sourcing,1,27,3.0,4,0,0,59
Operations,10,Masters & above,m,other,1,34,5.0,4,1,0,58
Finance,2,Bachelors,f,other,1,49,5.0,6,1,0,56
HR,2,Below Secondary,m,other,1,21,1.0,2,0,0,48
Operations,2,Bachelors,m,other,1,40,3.0,9,0,0,60
Finance,14,Bachelors,m,sourcing,1,35,1.0,7,0,0,58
Technology,26,Bachelors,m,sourcing,1,39,3.0,11,1,0,85
Sales & Marketing,30,Bachelors,f,other,2,33,3.0,4,0,0,53
Sales & Marketing,30,Bachelors,m,other,1,33,4.0,4,0,0,50
Procurement,13,Masters & above,f,other,1,48,5.0,2,1,0,67
Sales & Marketing,25,Bachelors,m,other,1,36,3.0,9,1,0,49
Sales & Marketing,2,Masters & above,f,sourcing,1,52,4.0,16,0,0,50
Sales & Marketing,2,Bachelors,f,other,1,36,1.0,3,0,0,52
Analytics,32,Bachelors,m,other,1,29,4.0,5,0,0,86
Technology,22,Masters & above,m,sourcing,1,32,4.0,5,1,0,84
Technology,14,Bachelors,f,sourcing,1,33,4.0,9,0,0,82
Technology,3,Masters & above,m,other,1,36,3.0,2,0,0,83
Sales & Marketing,6,Bachelors,m,other,1,27,5.0,2,1,0,47
R&D,22,Bachelors,m,other,5,32,3.0,4,0,0,82
Procurement,17,Masters & above,f,referred,1,39,5.0,2,1,0,70
Sales & Marketing,11,Masters & above,m,other,1,35,3.0,8,0,0,49
HR,2,Bachelors,f,sourcing,1,25,4.0,2,1,0,49
Operations,2,Masters & above,f,sourcing,1,45,3.0,2,0,0,62
Procurement,14,Bachelors,m,sourcing,1,32,3.0,6,1,0,70
Sales & Marketing,28,Bachelors,m,sourcing,2,37,1.0,2,0,0,45
Operations,22,Masters & above,f,sourcing,1,38,3.0,11,0,1,59
Sales & Marketing,2,Masters & above,f,other,1,43,4.0,9,0,0,49
Sales & Marketing,2,Bachelors,m,other,1,44,2.0,10,0,0,51
Procurement,7,Masters & above,f,sourcing,2,39,4.0,10,1,0,73
Sales & Marketing,1,Masters & above,m,other,1,46,1.0,16,0,0,49
Sales & Marketing,13,Masters & above,m,sourcing,1,42,1.0,11,0,0,51
Procurement,16,Masters & above,m,other,1,33,5.0,4,1,0,68
Sales & Marketing,22,Bachelors,m,sourcing,1,30,3.0,7,1,0,47
Operations,22,Masters & above,f,sourcing,1,60,3.0,6,1,0,58
Sales & Marketing,2,Masters & above,m,other,1,37,4.0,6,1,1,93
Finance,1,Masters & above,m,other,1,32,3.0,5,0,0,59
Procurement,11,Bachelors,f,other,1,33,3.0,3,0,0,68
Analytics,26,Bachelors,m,sourcing,1,49,3.0,9,0,0,89
Sales & Marketing,10,Masters & above,m,other,2,39,2.0,4,0,0,52
Technology,5,Masters & above,m,other,1,48,4.0,5,0,0,77
Operations,19,Bachelors,f,other,1,32,3.0,7,0,0,58
Operations,15,Bachelors,m,other,1,45,5.0,12,0,0,59
Analytics,28,Bachelors,m,sourcing,2,28,4.0,4,0,0,86
Operations,15,Bachelors,m,referred,1,37,4.0,9,0,0,58
Procurement,2,Masters & above,m,sourcing,1,44,4.0,3,0,0,71
R&D,13,Masters & above,m,sourcing,2,38,4.0,7,0,0,84
Analytics,2,Bachelors,m,sourcing,2,28,4.0,4,0,0,82
Procurement,2,Bachelors,f,other,2,48,1.0,6,0,0,73
Sales & Marketing,26,Bachelors,m,other,1,33,3.0,4,0,0,49
Operations,27,Bachelors,m,sourcing,1,39,5.0,4,0,0,61
Finance,2,Bachelors,m,sourcing,1,34,1.0,3,0,0,62
Operations,2,Bachelors,f,sourcing,1,46,4.0,16,0,0,57
Procurement,2,Masters & above,f,sourcing,1,55,3.0,5,1,0,69
Analytics,13,Bachelors,m,other,1,33,5.0,5,0,0,89
Technology,31,Bachelors,m,referred,1,31,3.0,4,1,0,75
Finance,7,Bachelors,m,sourcing,1,28,3.0,2,1,0,56
Technology,2,Masters & above,m,sourcing,2,58,3.0,3,0,0,75
Sales & Marketing,7,Bachelors,f,other,1,48,3.0,16,0,0,62
Technology,2,Below Secondary,m,sourcing,1,23,4.0,2,0,0,79
HR,2,Masters & above,m,other,1,50,4.0,4,1,0,47
Sales & Marketing,22,Bachelors,f,other,1,28,3.0,7,0,0,60
Operations,19,Bachelors,m,other,1,38,5.0,7,0,0,57
Sales & Marketing,19,Bachelors,m,other,1,39,1.0,8,0,0,51
Sales & Marketing,10,Bachelors,m,sourcing,1,30,1.0,3,0,0,49
Procurement,7,Bachelors,f,other,1,32,3.0,2,1,0,66
R&D,2,Bachelors,m,sourcing,1,29,5.0,4,1,0,80
Procurement,2,Bachelors,m,sourcing,1,27,4.0,3,1,0,64
Procurement,2,Masters & above,m,other,1,47,2.0,6,0,0,71
Sales & Marketing,17,Bachelors,m,sourcing,1,33,3.0,10,0,0,52
Sales & Marketing,15,Masters & above,m,sourcing,1,38,2.0,9,0,0,47
Operations,13,Bachelors,m,sourcing,1,26,3.0,2,1,0,61
Procurement,2,Masters & above,m,sourcing,1,56,4.0,22,0,0,72
Technology,13,Masters & above,f,sourcing,1,35,1.0,3,1,0,74
Sales & Marketing,19,Bachelors,m,other,1,42,2.0,7,0,0,55
Procurement,17,Bachelors,m,other,1,35,3.0,10,0,0,81
Analytics,34,Bachelors,m,other,1,33,3.0,8,0,1,86
Procurement,17,Bachelors,m,sourcing,1,31,3.0,9,1,0,75
Technology,13,Bachelors,m,other,1,41,3.0,3,0,0,81
Legal,2,Masters & above,m,sourcing,1,56,1.0,17,0,0,55
Sales & Marketing,13,Bachelors,f,other,1,32,4.0,4,0,0,53
Technology,2,Masters & above,f,other,1,37,1.0,10,0,0,82
Analytics,1,Bachelors,m,other,1,30,4.0,4,1,0,85
Operations,15,Bachelors,m,sourcing,1,52,5.0,5,1,0,62
Operations,4,Bachelors,m,other,1,32,3.0,6,0,0,60
Legal,22,Bachelors,m,referred,1,30,3.0,2,1,0,51
Technology,31,Bachelors,m,other,1,32,3.0,3,0,0,76
Operations,31,Masters & above,m,other,1,57,4.0,16,0,0,63
Finance,13,Bachelors,m,other,1,31,5.0,3,0,0,59
Procurement,7,Bachelors,f,other,1,31,3.0,3,1,0,65
Procurement,2,Masters & above,m,other,1,49,1.0,4,0,0,66
Sales & Marketing,2,Masters & above,m,sourcing,1,46,1.0,15,0,0,50
Procurement,20,Bachelors,m,other,1,31,5.0,5,1,0,68
Finance,11,Bachelors,m,other,3,32,4.0,7,1,0,60
Operations,2,Bachelors,m,sourcing,1,36,3.0,3,1,0,65
Technology,5,Bachelors,f,sourcing,1,29,3.0,7,0,0,79
Operations,15,Bachelors,m,sourcing,1,32,5.0,10,1,0,59
Sales & Marketing,2,Bachelors,m,sourcing,1,38,3.0,7,1,1,90
Operations,29,Bachelors,m,other,1,28,2.0,2,0,0,60
Sales & Marketing,2,Bachelors,f,other,1,46,3.0,11,0,0,52
Sales & Marketing,2,Bachelors,m,other,1,32,2.0,5,0,0,51
Analytics,19,Bachelors,m,other,1,39,3.0,3,0,0,85
Technology,13,Masters & above,f,sourcing,1,36,1.0,7,0,0,77
Operations,4,Masters & above,f,other,1,40,3.0,4,1,0,59
Analytics,27,Masters & above,m,other,1,43,5.0,3,1,0,83
Procurement,10,Masters & above,m,other,1,38,4.0,10,0,0,66
Procurement,2,Masters & above,m,other,1,41,2.0,6,0,0,79
Operations,32,Bachelors,f,other,1,32,5.0,3,0,0,63
Sales & Marketing,2,Masters & above,f,sourcing,2,46,3.0,7,1,0,52
Sales & Marketing,11,Bachelors,m,sourcing,1,37,3.0,7,1,0,53
Operations,19,Bachelors,f,sourcing,2,34,5.0,4,1,0,58
Technology,30,Bachelors,f,sourcing,1,31,3.0,3,0,0,77
HR,2,Masters & above,f,other,1,36,3.0,5,1,1,92
Sales & Marketing,22,Bachelors,m,sourcing,1,28,5.0,2,1,0,48
Sales & Marketing,5,Bachelors,m,sourcing,1,30,4.0,8,1,1,48
Operations,15,Bachelors,m,sourcing,1,35,5.0,10,0,0,59
Sales & Marketing,29,Bachelors,m,sourcing,1,30,1.0,4,0,0,52
Operations,8,Bachelors,m,sourcing,1,35,5.0,7,1,0,60
Sales & Marketing,7,Bachelors,m,other,1,25,4.0,2,1,0,50
Operations,21,Bachelors,f,other,1,27,3.0,3,0,0,58
Analytics,22,Bachelors,f,sourcing,1,29,3.0,4,0,0,83
Procurement,2,Masters & above,f,other,1,59,5.0,17,1,0,73
R&D,11,Bachelors,m,other,1,29,3.0,3,0,0,84
Sales & Marketing,2,Bachelors,m,other,2,46,4.0,5,1,0,48
HR,7,Bachelors,f,other,1,28,5.0,5,1,0,51
HR,27,Bachelors,m,sourcing,1,34,5.0,4,0,0,52
Procurement,2,Bachelors,m,other,1,38,1.0,9,0,0,71
Sales & Marketing,28,Masters & above,m,sourcing,1,31,5.0,7,1,0,50
Finance,22,Bachelors,m,sourcing,1,31,4.0,6,1,0,61
Finance,2,Masters & above,m,sourcing,1,35,4.0,8,0,0,62
Operations,2,Bachelors,f,sourcing,1,41,5.0,13,0,0,64
Operations,22,Bachelors,m,other,1,42,5.0,12,0,0,59
Sales & Marketing,22,Bachelors,f,other,1,34,3.0,6,1,0,50
Sales & Marketing,2,Bachelors,f,other,2,43,1.0,10,0,0,50
Operations,31,Masters & above,m,other,2,32,5.0,8,0,0,57
Procurement,22,Bachelors,m,other,3,25,3.0,2,0,0,73
Analytics,20,Masters & above,m,other,1,34,4.0,2,0,0,83
Analytics,34,Bachelors,m,other,1,32,2.0,4,0,0,83
Legal,2,Bachelors,m,referred,1,30,3.0,1,1,0,58
Sales & Marketing,22,Bachelors,f,sourcing,1,28,2.0,2,0,0,45
Analytics,32,Bachelors,m,other,1,27,5.0,3,1,0,90
Sales & Marketing,6,Bachelors,f,other,1,29,5.0,3,1,0,45
Sales & Marketing,2,Bachelors,f,other,3,43,3.0,5,0,0,51
Procurement,13,Masters & above,f,other,1,33,4.0,9,0,0,68
Analytics,15,Bachelors,m,other,2,30,1.0,6,0,0,89
Sales & Marketing,7,Bachelors,m,other,1,28,1.0,6,0,0,52
Finance,2,Masters & above,m,sourcing,1,60,1.0,8,0,0,62
Analytics,28,Bachelors,m,other,1,29,5.0,7,0,0,86
Technology,11,Bachelors,f,sourcing,1,31,4.0,4,1,0,82
Technology,2,Masters & above,f,sourcing,1,52,3.0,9,0,0,80
Sales & Marketing,7,Bachelors,m,other,1,39,4.0,3,0,0,55
Sales & Marketing,11,Masters & above,m,sourcing,1,29,1.0,5,0,0,48
Operations,8,Bachelors,f,sourcing,1,32,4.0,4,1,0,63
Procurement,2,Bachelors,f,sourcing,1,34,5.0,9,1,0,66
Sales & Marketing,4,Bachelors,m,other,1,28,3.0,3,1,0,53
Procurement,22,Bachelors,m,sourcing,3,29,5.0,3,1,0,65
Analytics,15,Bachelors,m,other,2,31,4.0,3,0,0,82
Sales & Marketing,22,Bachelors,m,sourcing,2,25,4.0,3,0,0,52
Sales & Marketing,2,Bachelors,m,sourcing,1,42,5.0,5,1,0,46
Technology,2,Bachelors,f,sourcing,3,60,1.0,11,1,0,80
Analytics,1,Bachelors,m,sourcing,2,31,5.0,7,1,0,79
Technology,7,Bachelors,m,sourcing,1,43,5.0,7,1,0,77
Operations,22,Bachelors,m,other,1,36,5.0,8,0,0,57
Analytics,2,Bachelors,m,other,1,28,1.0,4,0,0,83
Operations,11,Masters & above,m,sourcing,1,39,2.0,3,0,0,58
R&D,13,Masters & above,m,other,1,37,5.0,10,1,0,87
Finance,6,Bachelors,m,other,1,29,3.0,6,0,0,61
HR,2,Bachelors,m,sourcing,1,41,3.0,11,0,0,49
Technology,33,Bachelors,m,other,1,38,3.0,7,0,0,77
Analytics,31,Bachelors,m,other,1,27,4.0,6,1,0,84
Analytics,22,Bachelors,m,other,2,32,4.0,4,0,0,87
Sales & Marketing,2,Bachelors,f,other,1,49,4.0,3,0,0,47
HR,31,Bachelors,m,other,1,33,3.0,4,0,0,55
Sales & Marketing,4,Masters & above,m,other,1,35,1.0,2,0,0,52
Operations,20,Bachelors,f,other,2,27,4.0,2,0,0,60
Technology,26,Bachelors,m,other,1,39,4.0,6,0,0,79
Sales & Marketing,2,Masters & above,f,sourcing,3,44,2.0,17,0,0,52
Technology,27,Bachelors,m,other,1,38,3.0,10,0,0,82
Operations,4,Masters & above,f,other,1,35,5.0,7,1,1,57
Technology,2,Bachelors,m,other,1,53,1.0,4,1,0,81
Operations,2,Bachelors,f,sourcing,1,29,2.0,6,0,0,58
Procurement,16,Masters & above,f,sourcing,1,39,5.0,9,0,0,87
HR,2,Bachelors,m,sourcing,1,46,3.0,6,0,0,41
Procurement,26,Bachelors,m,other,1,53,3.0,4,0,0,69
Sales & Marketing,11,Masters & above,m,other,1,32,4.0,7,1,0,52
Sales & Marketing,7,Bachelors,f,other,1,33,5.0,8,1,0,51
Sales & Marketing,2,Bachelors,m,sourcing,1,37,3.0,7,1,0,45
Sales & Marketing,30,Bachelors,m,sourcing,1,37,3.0,8,0,0,48
Technology,4,Masters & above,f,sourcing,1,37,3.0,8,0,0,77
Sales & Marketing,34,Bachelors,m,sourcing,1,29,3.0,2,0,0,52
Sales & Marketing,2,Bachelors,m,sourcing,1,34,5.0,7,1,0,47
HR,2,Masters & above,f,referred,1,40,5.0,10,1,0,48
Sales & Marketing,13,Masters & above,m,sourcing,1,37,4.0,9,1,0,54
Operations,7,Masters & above,f,other,1,43,3.0,4,1,0,63
Operations,27,Bachelors,m,sourcing,1,23,5.0,2,0,0,57
Sales & Marketing,31,Bachelors,m,sourcing,2,31,1.0,4,0,0,50
R&D,26,Bachelors,m,other,1,29,4.0,2,1,0,85
Finance,2,Masters & above,m,other,1,35,3.0,6,0,0,58
Sales & Marketing,20,Bachelors,m,other,2,35,1.0,9,0,0,50
Technology,2,Masters & above,f,other,1,48,3.0,8,0,0,81
Operations,29,Masters & above,f,other,1,32,1.0,4,0,0,63
Operations,22,Bachelors,m,other,1,36,5.0,3,1,0,59
Analytics,22,Masters & above,m,sourcing,2,39,3.0,9,1,0,82
Operations,2,Bachelors,f,other,1,33,5.0,2,1,0,63
Sales & Marketing,4,Masters & above,m,sourcing,1,40,5.0,5,0,0,53
Sales & Marketing,24,Bachelors,f,other,1,32,1.0,6,0,0,49
Sales & Marketing,19,Bachelors,m,sourcing,1,39,1.0,7,0,0,48
Procurement,20,Bachelors,f,sourcing,1,32,3.0,8,0,0,70
Sales & Marketing,2,Bachelors,f,sourcing,3,25,3.0,3,0,0,46
Analytics,29,Bachelors,m,other,2,26,4.0,4,0,0,86
Sales & Marketing,2,Bachelors,f,other,2,35,3.0,2,1,0,45
Sales & Marketing,1,Bachelors,m,other,1,30,3.0,4,1,0,48
Sales & Marketing,29,Bachelors,m,sourcing,2,26,2.0,3,1,1,49
Procurement,23,Masters & above,m,other,2,35,3.0,3,0,0,71
Sales & Marketing,13,Bachelors,m,other,1,41,5.0,5,1,0,47
Sales & Marketing,2,Masters & above,m,other,3,41,1.0,4,0,0,51
Sales & Marketing,1,Masters & above,m,sourcing,2,33,3.0,3,0,0,54
Procurement,2,Masters & above,f,sourcing,1,46,4.0,6,1,0,68
Sales & Marketing,4,Bachelors,m,sourcing,1,32,1.0,5,0,0,45
Procurement,11,Bachelors,f,sourcing,1,29,5.0,3,1,0,74
Operations,22,Masters & above,m,other,1,36,3.0,4,0,0,71
Technology,23,Bachelors,f,other,1,30,3.0,4,1,0,84
Sales & Marketing,22,Bachelors,f,sourcing,1,34,5.0,10,0,0,51
Sales & Marketing,20,Masters & above,m,other,1,40,3.0,10,0,0,44
Procurement,7,Bachelors,f,sourcing,1,24,2.0,2,0,0,73
Procurement,2,Masters & above,m,sourcing,1,36,5.0,2,1,0,65
Operations,2,Bachelors,m,other,1,32,3.0,7,1,0,61
Procurement,11,Bachelors,f,other,1,33,5.0,3,1,0,67
Technology,5,Masters & above,m,other,1,38,3.0,9,0,0,83
Legal,31,Bachelors,m,other,1,31,5.0,6,1,0,62
Operations,2,Masters & above,f,referred,1,35,4.0,4,1,0,53
Sales & Marketing,16,Bachelors,m,other,1,48,4.0,21,0,0,50
Analytics,11,Bachelors,m,sourcing,1,28,3.0,3,0,0,86
HR,7,Bachelors,m,other,2,31,3.0,4,0,0,46
Technology,2,Below Secondary,m,referred,1,25,3.0,2,0,0,85
Sales & Marketing,5,Masters & above,f,other,1,35,4.0,10,0,0,52
Finance,7,Masters & above,f,sourcing,1,34,3.0,6,0,0,59
R&D,16,Bachelors,m,other,1,28,5.0,2,0,0,86
Operations,16,Bachelors,f,sourcing,1,35,3.0,7,0,0,61
Procurement,12,Masters & above,m,sourcing,1,37,3.0,4,0,0,63
Finance,22,Masters & above,f,sourcing,1,33,4.0,7,0,0,60
Procurement,2,Bachelors,m,other,1,31,3.0,6,0,0,67
Sales & Marketing,27,Bachelors,m,other,1,30,3.0,4,0,0,52
Operations,9,Bachelors,m,sourcing,1,25,1.0,4,0,0,62
Operations,23,Bachelors,m,other,1,34,2.0,4,0,0,56
R&D,4,Masters & above,m,sourcing,2,34,4.0,6,1,0,81
Operations,9,Bachelors,f,sourcing,1,26,5.0,3,0,0,59
Procurement,2,Masters & above,m,other,1,33,3.0,7,1,0,68
Technology,2,Bachelors,m,sourcing,3,25,3.0,3,0,0,82
Procurement,8,Bachelors,m,sourcing,1,30,2.0,4,0,0,68
Procurement,31,Bachelors,f,sourcing,1,28,1.0,2,0,0,71
Finance,2,Masters & above,m,sourcing,1,57,4.0,3,0,0,60
Analytics,23,Masters & above,m,other,3,32,5.0,3,1,0,88
Technology,7,Masters & above,m,other,1,50,3.0,19,0,0,82
Technology,10,Masters & above,f,other,1,39,3.0,2,0,0,77
Sales & Marketing,33,Bachelors,m,other,1,43,5.0,9,0,0,52
Sales & Marketing,28,Bachelors,m,sourcing,4,30,2.0,2,1,0,48
Sales & Marketing,23,Masters & above,m,sourcing,1,31,3.0,2,0,0,50
Procurement,2,Bachelors,m,sourcing,1,35,3.0,9,0,0,68
Sales & Marketing,7,Bachelors,m,other,1,30,1.0,5,1,0,46
Operations,2,Bachelors,m,sourcing,1,32,4.0,10,0,0,58
Operations,22,Bachelors,f,sourcing,1,38,4.0,7,0,0,60
Sales & Marketing,33,Bachelors,m,other,1,36,5.0,3,1,0,54
Operations,2,Bachelors,f,sourcing,1,35,4.0,2,1,0,64
Procurement,2,Bachelors,f,sourcing,1,60,3.0,9,0,0,72
Sales & Marketing,1,Bachelors,m,other,1,33,1.0,3,0,0,48
Procurement,29,Bachelors,m,other,2,31,2.0,6,0,0,65
Procurement,15,Masters & above,m,other,2,37,3.0,3,1,0,68
Operations,29,Masters & above,m,other,1,37,3.0,8,0,0,60
Sales & Marketing,23,Bachelors,m,sourcing,1,33,1.0,6,0,0,49
Sales & Marketing,24,Bachelors,f,sourcing,1,31,2.0,3,0,0,49
Technology,4,Bachelors,m,other,1,27,2.0,4,0,1,86
Technology,16,Below Secondary,m,other,1,24,3.0,1,0,0,79
Technology,14,Bachelors,f,sourcing,1,29,1.0,4,1,0,80
Technology,33,Masters & above,m,sourcing,2,40,3.0,10,0,0,78
Analytics,19,Bachelors,m,other,2,30,3.0,6,0,0,85
Technology,2,Bachelors,f,other,2,37,5.0,4,1,1,93
Finance,2,Bachelors,f,sourcing,1,29,3.0,6,1,0,60
Operations,29,Masters & above,m,other,1,35,3.0,5,0,0,59
Procurement,2,Masters & above,f,other,1,52,4.0,11,1,0,86
Operations,2,Bachelors,m,other,1,40,1.0,9,0,0,57
Operations,4,Masters & above,m,sourcing,1,46,3.0,14,0,0,62
Technology,2,Bachelors,f,other,1,45,3.0,7,0,0,78
Analytics,29,Bachelors,m,sourcing,2,29,2.0,2,0,0,84
Technology,7,Masters & above,m,sourcing,1,52,5.0,21,0,0,76
Sales & Marketing,2,Masters & above,f,sourcing,1,35,5.0,7,1,0,55
Procurement,32,Bachelors,m,sourcing,1,34,3.0,3,0,0,73
Legal,22,Bachelors,m,other,1,27,2.0,2,0,0,63
Procurement,2,Bachelors,f,other,1,35,3.0,8,1,0,71
HR,2,Bachelors,f,other,1,42,5.0,6,0,0,51
Procurement,29,Masters & above,m,other,1,36,1.0,4,0,0,72
Sales & Marketing,26,Bachelors,m,other,1,28,3.0,2,0,0,48
Operations,27,Masters & above,m,other,1,48,3.0,19,0,0,62
Legal,2,Bachelors,m,other,1,27,3.0,2,1,0,59
Operations,4,Bachelors,f,other,1,27,4.0,2,0,0,58
Operations,22,Bachelors,m,sourcing,2,41,3.0,5,1,0,56
Analytics,29,Bachelors,f,other,1,28,2.0,2,1,0,84
Operations,15,Bachelors,f,other,2,44,5.0,13,1,0,62
Technology,7,Masters & above,f,sourcing,1,33,5.0,2,1,0,81
Sales & Marketing,9,Bachelors,f,other,1,28,1.0,4,0,0,50
Operations,4,Bachelors,f,other,1,43,4.0,5,0,0,70
Sales & Marketing,26,Bachelors,m,other,1,35,5.0,7,1,0,46
Sales & Marketing,22,Bachelors,m,referred,1,28,3.0,6,1,0,50
Sales & Marketing,3,Bachelors,m,sourcing,1,34,4.0,3,1,0,50
Technology,2,Bachelors,m,other,2,32,3.0,10,1,0,81
Analytics,2,Bachelors,m,other,1,36,3.0,8,0,0,83
Procurement,19,Bachelors,m,other,1,37,2.0,4,0,0,69
Operations,15,Bachelors,m,other,2,36,3.0,4,1,0,64
Procurement,2,Bachelors,m,other,1,33,3.0,8,0,0,66
Finance,7,Bachelors,m,other,2,30,3.0,5,0,0,59
Technology,26,Bachelors,f,sourcing,2,32,4.0,6,0,0,84
Procurement,31,Bachelors,f,other,1,30,1.0,3,0,0,72
Technology,22,Masters & above,m,sourcing,2,35,3.0,7,0,0,79
Sales & Marketing,25,Masters & above,m,sourcing,2,41,3.0,7,0,0,45
Operations,19,Bachelors,f,sourcing,1,38,4.0,7,1,0,59
HR,28,Masters & above,m,other,1,40,3.0,3,0,0,49
Procurement,2,Bachelors,f,other,1,25,2.0,3,0,0,69
Operations,15,Bachelors,f,other,1,35,2.0,10,1,0,61
Procurement,12,Bachelors,f,sourcing,1,32,4.0,6,1,0,70
Operations,26,Bachelors,m,other,1,29,5.0,4,1,0,64
Technology,31,Bachelors,f,sourcing,1,26,4.0,3,0,0,82
Legal,2,Bachelors,m,sourcing,1,35,2.0,7,0,0,59
Analytics,7,Masters & above,m,other,2,41,3.0,9,0,0,86
Technology,10,Masters & above,f,other,2,39,3.0,11,0,0,78
Technology,2,Bachelors,f,other,1,37,3.0,5,1,0,77
Sales & Marketing,2,Bachelors,f,sourcing,1,55,5.0,5,1,0,52
Analytics,25,Bachelors,m,other,2,28,3.0,4,0,0,80
Sales & Marketing,2,Masters & above,f,sourcing,1,33,3.0,3,1,0,50
Sales & Marketing,22,Masters & above,f,other,1,36,3.0,9,0,0,52
HR,2,Bachelors,m,sourcing,1,26,4.0,2,0,0,47
Finance,29,Bachelors,m,sourcing,1,38,2.0,3,0,0,61
Operations,13,Bachelors,m,other,1,38,3.0,7,0,0,63
Sales & Marketing,7,Masters & above,m,other,1,51,3.0,16,0,0,45
Sales & Marketing,26,Bachelors,m,sourcing,1,33,3.0,8,0,0,48
Sales & Marketing,30,Masters & above,m,other,1,36,3.0,3,0,0,54
Analytics,27,Bachelors,m,other,1,34,4.0,10,0,0,86
Sales & Marketing,4,Masters & above,m,other,1,33,3.0,7,0,0,50
Sales & Marketing,13,Bachelors,m,sourcing,1,38,3.0,4,1,0,46
Technology,5,Bachelors,f,other,1,33,3.0,6,1,0,79
Technology,25,Bachelors,f,other,1,27,5.0,3,0,0,84
Procurement,14,Bachelors,m,sourcing,1,30,4.0,8,1,0,71
Operations,2,Bachelors,m,other,1,32,5.0,6,1,0,60
Sales & Marketing,29,Bachelors,m,other,1,33,3.0,8,0,0,50
Operations,2,Bachelors,m,sourcing,2,46,3.0,9,1,0,55
Sales & Marketing,1,Bachelors,m,sourcing,1,28,3.0,3,0,0,54
Sales & Marketing,7,Masters & above,m,sourcing,1,38,3.0,7,0,0,44
Technology,20,Masters & above,m,sourcing,1,36,3.0,8,1,0,82
Sales & Marketing,32,Bachelors,m,other,1,31,1.0,5,0,0,47
Sales & Marketing,7,Masters & above,m,other,1,41,2.0,10,1,0,52
Sales & Marketing,7,Masters & above,m,other,2,35,5.0,6,0,0,49
Operations,28,Bachelors,f,other,1,26,3.0,5,1,0,61
Sales & Marketing,23,Bachelors,m,sourcing,1,34,2.0,6,1,0,46
Sales & Marketing,29,Masters & above,m,sourcing,1,30,1.0,5,0,0,45
Operations,16,Bachelors,m,other,1,35,3.0,8,1,0,61
Sales & Marketing,11,Bachelors,m,sourcing,1,33,3.0,6,0,0,51
Sales & Marketing,20,Bachelors,m,other,1,41,3.0,12,0,0,53
Legal,15,Bachelors,m,other,1,30,3.0,4,0,0,63
Technology,2,Bachelors,m,sourcing,1,33,1.0,7,0,0,78
Sales & Marketing,11,Bachelors,m,sourcing,1,30,4.0,4,1,0,47
Operations,2,Bachelors,f,other,1,31,5.0,5,0,0,61
Analytics,29,Bachelors,m,other,1,31,4.0,6,1,0,87
Sales & Marketing,33,Bachelors,m,sourcing,1,30,1.0,4,0,0,50
Sales & Marketing,22,Bachelors,m,other,1,31,2.0,7,0,0,50
Sales & Marketing,31,Bachelors,m,other,1,28,5.0,4,1,0,51
Sales & Marketing,2,Masters & above,m,sourcing,1,34,5.0,7,0,0,48
Operations,20,Bachelors,f,sourcing,1,30,3.0,5,1,0,61
Sales & Marketing,7,Bachelors,m,sourcing,1,51,1.0,23,0,0,49
Operations,22,Masters & above,m,other,1,31,4.0,4,0,0,58
Sales & Marketing,26,Bachelors,m,sourcing,1,32,4.0,6,0,0,48
Operations,14,Bachelors,m,sourcing,1,28,3.0,2,0,0,58
Analytics,14,Bachelors,m,sourcing,1,28,2.0,3,0,0,83
Sales & Marketing,2,Bachelors,f,sourcing,1,43,1.0,10,0,0,51
Sales & Marketing,31,Bachelors,m,sourcing,1,30,5.0,3,0,0,48
Finance,7,Bachelors,f,other,1,31,4.0,9,1,0,57
Operations,23,Bachelors,m,other,1,26,4.0,4,1,0,56
Sales & Marketing,13,Bachelors,m,sourcing,1,51,3.0,25,0,0,53
Operations,15,Bachelors,m,referred,1,34,4.0,6,1,0,63
HR,22,Bachelors,m,sourcing,1,29,3.0,4,1,0,51
Sales & Marketing,22,Bachelors,f,other,1,28,3.0,2,1,0,50
Procurement,2,Bachelors,m,sourcing,1,31,3.0,5,1,0,70
Sales & Marketing,32,Bachelors,m,other,2,30,3.0,3,1,0,52
Operations,31,Bachelors,f,other,1,27,4.0,3,0,0,60
Operations,25,Bachelors,m,sourcing,1,32,4.0,7,0,0,61
Technology,23,Masters & above,f,other,1,38,4.0,9,0,0,83
Technology,33,Bachelors,f,sourcing,1,36,1.0,9,0,0,83
Technology,2,Bachelors,f,other,1,35,3.0,5,1,0,79
Technology,31,Bachelors,m,sourcing,1,28,3.0,4,1,0,78
Sales & Marketing,7,Bachelors,m,sourcing,1,45,4.0,9,0,0,53
Operations,4,Masters & above,f,sourcing,1,34,5.0,5,1,0,59
Sales & Marketing,22,Masters & above,m,sourcing,1,34,5.0,7,1,0,46
Operations,27,Masters & above,f,sourcing,1,43,5.0,11,0,0,63
Sales & Marketing,1,Bachelors,f,other,1,26,3.0,2,0,0,53
Analytics,22,Masters & above,m,other,1,47,3.0,17,0,0,85
Procurement,16,Masters & above,f,sourcing,2,35,3.0,8,0,0,70
Procurement,33,Masters & above,f,other,1,41,3.0,14,0,0,64
Procurement,17,Bachelors,f,other,2,28,4.0,3,0,0,70
Analytics,26,Bachelors,m,sourcing,1,34,3.0,6,0,0,83
Operations,27,Bachelors,m,other,1,30,5.0,4,0,0,55
Sales & Marketing,19,Bachelors,f,sourcing,1,35,2.0,8,0,0,48
Technology,2,Below Secondary,f,sourcing,1,23,3.0,2,0,0,80
Operations,4,Bachelors,f,sourcing,1,27,5.0,2,0,0,63
Operations,15,Bachelors,m,referred,1,39,4.0,8,1,0,61
Procurement,2,Bachelors,m,other,1,24,3.0,2,0,0,76
Sales & Marketing,2,Bachelors,m,referred,1,33,4.0,6,1,0,49
Legal,2,Bachelors,m,sourcing,1,44,3.0,6,0,0,62
HR,25,Masters & above,m,other,1,32,4.0,3,1,0,50
R&D,23,Masters & above,m,other,2,35,5.0,7,1,0,85
Technology,25,Masters & above,f,sourcing,1,32,3.0,4,0,0,75
Procurement,2,Bachelors,m,other,2,34,5.0,7,1,0,71
HR,27,Masters & above,m,other,1,46,3.0,6,1,0,52
R&D,2,Masters & above,m,sourcing,3,26,3.0,3,0,0,82
Operations,2,Bachelors,f,sourcing,1,58,4.0,5,0,0,56
Operations,15,Bachelors,m,referred,1,36,5.0,2,0,0,61
Operations,2,Masters & above,f,sourcing,1,60,3.0,31,0,0,57
Finance,2,Bachelors,f,sourcing,1,36,2.0,7,0,0,62
Sales & Marketing,2,Masters & above,f,other,1,45,2.0,18,0,0,45
Sales & Marketing,17,Masters & above,m,sourcing,1,36,3.0,5,1,0,49
Operations,4,Bachelors,m,other,1,45,5.0,8,1,0,58
Technology,7,Bachelors,f,other,1,32,4.0,6,1,0,78
Finance,2,Below Secondary,m,other,1,22,3.0,2,0,0,62
HR,17,Bachelors,f,sourcing,1,34,3.0,3,1,0,49
Operations,13,Bachelors,m,other,1,31,4.0,4,0,0,59
Sales & Marketing,1,Bachelors,m,other,1,37,3.0,5,1,0,47
Sales & Marketing,22,Bachelors,m,other,2,30,4.0,5,0,0,48
Analytics,2,Masters & above,m,sourcing,2,43,3.0,5,1,0,84
Operations,5,Bachelors,m,sourcing,1,33,3.0,9,0,0,63
Sales & Marketing,15,Bachelors,m,other,2,25,2.0,3,0,0,46
HR,22,Bachelors,f,sourcing,1,30,3.0,6,1,0,50
Sales & Marketing,2,Bachelors,f,other,1,57,2.0,11,0,0,48
Procurement,27,Bachelors,m,other,1,35,3.0,7,1,0,71
Analytics,4,Bachelors,m,other,1,42,3.0,7,1,0,85
Procurement,27,Masters & above,m,other,1,40,1.0,13,0,0,75
Sales & Marketing,2,Masters & above,f,other,1,57,1.0,25,0,0,48
Operations,2,Bachelors,f,other,1,31,5.0,7,1,0,59
Analytics,2,Masters & above,f,sourcing,1,32,3.0,6,0,0,81
Procurement,17,Bachelors,f,other,1,44,4.0,3,1,0,72
Sales & Marketing,22,Bachelors,f,sourcing,1,31,1.0,4,0,0,50
Technology,29,Bachelors,m,other,1,40,2.0,2,1,0,83
Sales & Marketing,4,Bachelors,m,other,1,48,4.0,7,1,1,46
Operations,22,Masters & above,f,other,1,32,3.0,3,1,0,57
Technology,2,Masters & above,f,sourcing,2,35,3.0,2,1,0,81
Technology,2,Masters & above,f,other,1,57,4.0,15,0,0,77
R&D,11,Masters & above,m,other,1,31,5.0,3,1,0,83
Technology,25,Bachelors,m,referred,1,27,4.0,4,0,0,84
Technology,27,Masters & above,m,sourcing,1,41,3.0,6,1,0,79
Finance,13,Masters & above,m,other,1,32,3.0,5,0,0,60
Sales & Marketing,7,Masters & above,m,sourcing,2,48,4.0,4,0,0,48
Procurement,2,Bachelors,f,other,1,25,4.0,2,1,0,75
Finance,2,Bachelors,m,sourcing,1,37,5.0,11,1,0,64
Technology,24,Bachelors,m,other,1,25,3.0,2,0,0,83
Sales & Marketing,7,Bachelors,m,other,1,57,3.0,13,0,0,53
Analytics,22,Bachelors,f,other,1,29,2.0,10,0,0,86
HR,2,Bachelors,f,other,1,46,5.0,20,1,0,50
Sales & Marketing,2,Masters & above,m,other,2,38,3.0,3,0,0,50
Finance,2,Bachelors,m,sourcing,1,27,5.0,3,0,0,72
Operations,31,Bachelors,m,sourcing,1,29,3.0,4,0,0,57
Analytics,16,Bachelors,m,other,2,27,5.0,7,1,0,85
Operations,8,Bachelors,m,sourcing,1,30,5.0,3,0,0,70
Procurement,16,Masters & above,f,other,1,38,2.0,11,0,0,68
Technology,7,Bachelors,m,other,1,56,3.0,18,0,0,79
Sales & Marketing,7,Bachelors,m,sourcing,3,28,4.0,2,0,0,47
Sales & Marketing,7,Masters & above,m,sourcing,1,33,5.0,9,0,0,46
Sales & Marketing,26,Masters & above,m,sourcing,1,52,3.0,4,1,0,49
Sales & Marketing,7,Masters & above,m,other,1,38,3.0,11,1,0,48
Sales & Marketing,13,Bachelors,m,sourcing,2,25,3.0,3,0,0,49
Analytics,2,Bachelors,m,other,1,55,4.0,23,0,0,91
Sales & Marketing,28,Bachelors,m,sourcing,1,35,5.0,2,0,0,49
Technology,26,Masters & above,m,other,1,40,4.0,11,1,0,83
Technology,23,Masters & above,m,sourcing,1,57,3.0,15,0,0,79
Operations,4,Bachelors,f,other,1,30,5.0,7,0,0,56
Procurement,34,Bachelors,m,other,1,28,4.0,5,1,0,72
Procurement,16,Bachelors,m,sourcing,1,36,4.0,3,0,0,64
Sales & Marketing,4,Bachelors,m,sourcing,1,41,2.0,3,1,0,55
Operations,22,Bachelors,m,referred,2,30,3.0,3,0,0,56
Operations,16,Bachelors,f,other,1,28,3.0,5,1,0,61
Operations,22,Masters & above,m,sourcing,1,48,3.0,7,0,0,62
Analytics,22,Bachelors,m,other,2,31,3.0,5,0,0,86
Procurement,17,Bachelors,f,sourcing,1,52,3.0,15,0,0,66
Operations,4,Masters & above,m,sourcing,1,39,4.0,3,0,0,62
Technology,7,Bachelors,f,sourcing,1,31,3.0,2,1,0,79
Operations,15,Masters & above,m,other,1,34,4.0,7,0,0,60
Sales & Marketing,14,Bachelors,m,other,1,31,1.0,6,0,0,59
Operations,15,Bachelors,m,other,1,39,4.0,7,0,0,54
Sales & Marketing,29,Bachelors,m,sourcing,1,41,3.0,9,0,0,45
Analytics,22,Bachelors,m,sourcing,2,25,3.0,2,0,0,86
Finance,26,Bachelors,m,sourcing,1,26,1.0,3,0,0,59
Technology,2,Masters & above,m,other,1,60,4.0,12,1,0,81
Sales & Marketing,2,Masters & above,m,other,1,48,5.0,8,0,0,47
Operations,15,Bachelors,m,sourcing,1,29,3.0,2,0,0,56
Operations,19,Bachelors,m,other,1,43,5.0,8,1,0,57
Sales & Marketing,2,Masters & above,f,other,1,60,3.0,6,0,0,46
Procurement,7,Masters & above,m,other,2,35,3.0,8,0,0,66
Sales & Marketing,2,Bachelors,m,referred,1,34,5.0,4,0,0,49
Analytics,2,Masters & above,f,other,1,34,4.0,8,0,0,84
Operations,4,Bachelors,f,other,1,45,5.0,7,1,0,64
HR,13,Masters & above,m,sourcing,1,36,3.0,9,0,0,52
Operations,26,Bachelors,m,sourcing,1,31,1.0,3,0,0,61
Sales & Marketing,12,Bachelors,f,sourcing,1,27,3.0,5,0,0,48
R&D,26,Bachelors,m,sourcing,1,37,5.0,4,1,0,84
Operations,15,Masters & above,f,other,1,41,3.0,13,0,0,60
Operations,2,Bachelors,f,other,2,33,5.0,8,1,0,58
Technology,10,Masters & above,f,other,1,31,3.0,3,0,0,82
Sales & Marketing,2,Bachelors,m,other,2,41,2.0,7,0,0,54
Procurement,13,Bachelors,m,other,2,53,5.0,15,0,0,73
Sales & Marketing,18,Bachelors,m,other,1,37,3.0,4,1,0,50
Technology,2,Bachelors,f,other,1,34,3.0,10,0,0,80
HR,2,Masters & above,m,other,1,40,4.0,9,0,0,46
Procurement,2,Bachelors,m,sourcing,1,38,3.0,12,0,0,73
Finance,28,Masters & above,m,other,1,31,5.0,2,1,1,58
Finance,22,Bachelors,m,other,3,28,2.0,4,0,0,54
Sales & Marketing,15,Bachelors,f,other,1,36,1.0,8,0,0,49
Sales & Marketing,1,Bachelors,m,other,1,27,3.0,4,1,0,53
Technology,2,Below Secondary,m,sourcing,1,23,4.0,2,1,0,78
Sales & Marketing,13,Masters & above,m,sourcing,1,30,1.0,6,0,0,51
Sales & Marketing,7,Masters & above,m,sourcing,1,45,5.0,6,1,0,51
Finance,2,Bachelors,m,sourcing,1,26,4.0,2,1,0,56
Sales & Marketing,8,Bachelors,m,other,1,33,5.0,4,0,0,49
Procurement,22,Masters & above,m,sourcing,1,52,3.0,23,0,0,70
Operations,22,Bachelors,m,other,1,52,4.0,8,1,0,60
Operations,30,Bachelors,f,sourcing,1,40,5.0,4,1,0,58
Sales & Marketing,11,Bachelors,m,sourcing,1,33,3.0,6,1,0,50
Operations,2,Masters & above,f,sourcing,1,43,4.0,15,0,0,65
Operations,21,Bachelors,m,sourcing,1,26,5.0,4,1,0,57
Operations,22,Bachelors,f,sourcing,2,36,5.0,8,1,0,59
Procurement,2,Bachelors,f,other,1,44,5.0,5,1,0,67
Technology,23,Bachelors,m,sourcing,1,32,3.0,5,0,0,78
Sales & Marketing,22,Bachelors,m,sourcing,5,29,3.0,5,0,0,51
Sales & Marketing,13,Masters & above,f,other,1,35,5.0,6,0,0,47
Procurement,27,Bachelors,m,sourcing,6,26,3.0,2,0,0,69
Technology,26,Masters & above,m,sourcing,1,31,3.0,6,0,0,82
Sales & Marketing,22,Bachelors,m,sourcing,2,31,3.0,7,1,0,47
Operations,31,Bachelors,m,other,1,46,4.0,12,0,0,62
Sales & Marketing,22,Bachelors,m,referred,1,27,4.0,4,0,0,47
Sales & Marketing,19,Bachelors,m,other,1,43,3.0,2,0,0,51
Analytics,2,Masters & above,m,other,1,51,5.0,4,0,0,88
HR,2,Masters & above,m,other,1,46,4.0,18,1,0,57
HR,27,Bachelors,m,other,1,31,1.0,7,0,0,49
Procurement,17,Bachelors,f,sourcing,1,39,3.0,2,0,0,70
Operations,23,Bachelors,m,sourcing,1,33,4.0,2,0,0,58
Technology,2,Bachelors,f,sourcing,2,46,3.0,4,0,0,77
Procurement,11,Bachelors,f,other,3,34,3.0,3,0,0,72
Sales & Marketing,1,Masters & above,f,other,1,35,5.0,7,0,0,59
Sales & Marketing,25,Masters & above,m,other,3,33,3.0,3,0,0,48
Sales & Marketing,7,Bachelors,m,sourcing,1,30,3.0,3,1,1,51
Sales & Marketing,11,Bachelors,m,sourcing,1,31,5.0,5,0,0,48
Technology,31,Bachelors,m,other,1,36,3.0,7,1,0,77
Operations,12,Bachelors,f,other,1,32,1.0,7,0,0,60
Analytics,2,Bachelors,f,sourcing,1,32,4.0,3,1,0,83
Analytics,27,Bachelors,m,sourcing,1,39,3.0,7,1,0,80
Technology,7,Bachelors,m,sourcing,2,36,4.0,9,1,0,78
Operations,15,Masters & above,f,other,1,34,5.0,2,1,0,60
Technology,11,Bachelors,f,sourcing,1,35,3.0,8,0,0,75
Operations,2,Bachelors,m,other,1,42,3.0,3,1,0,58
Operations,2,Masters & above,f,other,1,57,1.0,6,0,0,65
Sales & Marketing,4,Masters & above,f,other,1,35,5.0,9,1,0,49
Operations,2,Bachelors,f,other,1,43,1.0,12,0,0,62
Analytics,30,Masters & above,m,other,2,36,5.0,8,1,0,85
Technology,2,Bachelors,f,sourcing,2,29,4.0,7,1,0,83
Finance,2,Bachelors,m,other,3,41,3.0,15,0,0,57
Analytics,2,Bachelors,m,sourcing,1,42,3.0,13,0,0,84
Sales & Marketing,13,Bachelors,m,other,2,28,4.0,2,0,0,51
Sales & Marketing,16,Masters & above,m,other,2,34,3.0,3,0,0,50
Technology,16,Bachelors,m,sourcing,1,33,5.0,2,1,0,78
Operations,22,Masters & above,f,other,1,36,5.0,5,0,0,62
Sales & Marketing,10,Bachelors,m,sourcing,1,31,5.0,2,0,0,49
Analytics,22,Masters & above,m,other,1,31,2.0,6,0,0,81
Operations,2,Masters & above,m,other,1,53,3.0,10,1,0,63
Sales & Marketing,27,Bachelors,m,other,1,36,4.0,4,0,0,53
Sales & Marketing,25,Bachelors,f,other,2,29,3.0,4,0,0,48
Procurement,13,Masters & above,m,other,1,40,3.0,6,0,0,70
Operations,4,Bachelors,m,other,1,32,5.0,9,1,0,60
Sales & Marketing,14,Bachelors,f,other,1,31,5.0,3,1,0,51
Procurement,15,Masters & above,m,other,1,45,3.0,4,1,0,68
Operations,31,Bachelors,m,sourcing,1,29,5.0,6,1,0,62
Operations,30,Bachelors,f,other,1,38,5.0,9,1,0,57
Sales & Marketing,2,Masters & above,f,other,2,34,2.0,10,0,0,50
Operations,33,Bachelors,m,sourcing,1,38,5.0,10,0,0,61
HR,2,Masters & above,f,other,1,59,3.0,13,0,0,50
Sales & Marketing,16,Bachelors,f,other,2,31,3.0,6,0,0,51
Analytics,22,Bachelors,m,other,3,27,5.0,3,1,0,83
Technology,19,Bachelors,m,sourcing,2,32,3.0,9,1,0,80
Sales & Marketing,2,Bachelors,m,other,2,29,4.0,2,0,0,49
Sales & Marketing,2,Masters & above,m,other,1,53,1.0,14,0,1,48
Operations,19,Bachelors,f,other,1,39,5.0,4,1,0,59
Sales & Marketing,16,Bachelors,f,other,1,31,3.0,5,0,0,46
Sales & Marketing,1,Masters & above,m,sourcing,1,34,5.0,9,1,0,46
Sales & Marketing,11,Bachelors,m,other,1,41,3.0,3,1,0,53
Operations,15,Bachelors,m,sourcing,1,36,4.0,4,0,0,55
Sales & Marketing,11,Bachelors,m,sourcing,1,31,3.0,6,1,0,49
Technology,7,Bachelors,m,other,1,28,4.0,5,1,0,79
Sales & Marketing,2,Masters & above,f,other,1,33,3.0,9,0,0,47
Operations,22,Masters & above,f,sourcing,1,31,5.0,4,1,0,63
Sales & Marketing,5,Bachelors,m,other,1,37,4.0,9,0,0,50
Procurement,2,Bachelors,f,sourcing,1,51,5.0,18,1,0,67
Analytics,22,Bachelors,m,other,2,30,5.0,5,0,0,86
Operations,28,Bachelors,m,other,1,29,3.0,6,1,0,60
Finance,2,Masters & above,f,sourcing,2,39,3.0,5,0,0,64
Operations,27,Bachelors,m,sourcing,2,29,4.0,5,1,0,58
Sales & Marketing,22,Masters & above,f,other,1,41,4.0,10,0,0,50
Procurement,7,Masters & above,f,sourcing,2,36,3.0,2,1,0,69
Operations,4,Bachelors,m,sourcing,1,25,4.0,2,1,0,58
Procurement,13,Bachelors,m,sourcing,2,33,5.0,4,1,0,71
R&D,22,Masters & above,m,referred,1,30,5.0,3,0,0,88
Procurement,26,Bachelors,m,other,1,30,4.0,2,0,0,69
Operations,15,Bachelors,f,other,1,41,3.0,6,1,0,57
Technology,14,Bachelors,m,other,1,30,4.0,6,1,0,81
Sales & Marketing,2,Bachelors,m,other,1,36,3.0,3,1,0,49
HR,16,Bachelors,m,other,1,31,5.0,4,0,0,47
Operations,16,Masters & above,m,sourcing,1,34,5.0,2,1,0,62
Analytics,2,Bachelors,m,other,1,47,5.0,3,0,0,84
Operations,13,Bachelors,m,other,1,31,4.0,4,0,0,63
Legal,26,Bachelors,m,other,1,34,2.0,7,1,0,57
Sales & Marketing,7,Masters & above,m,sourcing,1,36,5.0,8,1,0,52
Sales & Marketing,2,Bachelors,m,other,1,32,5.0,5,1,0,50
Technology,2,Bachelors,m,other,3,32,4.0,7,0,0,81
Procurement,27,Bachelors,m,other,1,33,5.0,9,0,0,68
Sales & Marketing,27,Bachelors,m,other,1,33,5.0,5,0,0,55
Sales & Marketing,31,Bachelors,f,other,1,36,3.0,3,0,0,56
Sales & Marketing,22,Bachelors,f,other,1,39,1.0,9,0,0,50
Legal,2,Masters & above,m,sourcing,1,39,3.0,8,0,0,63
Procurement,2,Bachelors,m,sourcing,1,36,3.0,7,0,0,70
Sales & Marketing,1,Masters & above,f,sourcing,1,39,3.0,16,0,0,46
Operations,14,Bachelors,f,other,1,34,3.0,7,0,0,60
Finance,16,Bachelors,m,other,2,32,3.0,8,0,0,59
Sales & Marketing,2,Bachelors,m,sourcing,1,47,3.0,13,0,0,49
Operations,2,Masters & above,m,other,2,53,4.0,19,1,0,58
Operations,2,Bachelors,m,sourcing,1,49,5.0,5,0,0,61
Operations,2,Bachelors,m,sourcing,1,56,5.0,5,1,0,58
Sales & Marketing,13,Bachelors,m,other,1,54,3.0,5,0,0,47
Technology,27,Masters & above,m,other,2,37,4.0,8,0,0,77
Operations,13,Bachelors,m,other,1,45,5.0,16,0,0,63
Analytics,25,Masters & above,m,sourcing,3,37,5.0,2,1,0,84
Sales & Marketing,13,Bachelors,m,sourcing,1,53,5.0,4,0,0,63
Technology,10,Masters & above,f,other,1,33,1.0,4,0,0,78
Procurement,2,Bachelors,m,other,1,43,3.0,13,0,0,73
Sales & Marketing,15,Bachelors,m,sourcing,1,31,4.0,7,0,0,50
Operations,17,Bachelors,f,sourcing,1,39,5.0,4,1,0,60
Technology,2,Bachelors,f,other,1,59,2.0,19,0,0,79
R&D,3,Masters & above,m,sourcing,1,37,5.0,5,1,0,89
Sales & Marketing,7,Masters & above,m,sourcing,2,32,4.0,4,0,0,45
Analytics,30,Bachelors,m,other,1,33,3.0,3,0,0,82
Procurement,33,Bachelors,m,other,3,30,3.0,3,1,0,69
Analytics,19,Bachelors,m,sourcing,1,36,3.0,6,1,0,83
Technology,7,Masters & above,f,other,1,41,3.0,6,0,0,82
Procurement,7,Masters & above,m,sourcing,1,45,5.0,9,1,0,64
Operations,2,Bachelors,m,sourcing,1,45,5.0,5,1,0,55
Sales & Marketing,11,Bachelors,m,other,1,47,3.0,16,0,0,56
Analytics,25,Masters & above,m,other,1,33,4.0,5,0,0,89
Analytics,19,Bachelors,m,other,1,34,5.0,7,1,0,88
Sales & Marketing,2,Masters & above,m,other,1,36,1.0,5,1,0,51
Operations,27,Bachelors,m,sourcing,1,31,5.0,6,1,0,59
Procurement,7,Masters & above,m,sourcing,1,52,1.0,18,0,0,69
Procurement,2,Masters & above,f,other,1,33,1.0,7,0,0,69
Analytics,29,Bachelors,m,sourcing,1,31,1.0,5,0,0,85
Analytics,9,Masters & above,m,other,3,31,5.0,4,0,0,86
Finance,13,Bachelors,f,other,1,27,1.0,2,0,0,57
Sales & Marketing,7,Bachelors,m,other,1,51,3.0,4,1,0,53
Operations,15,Masters & above,f,other,1,37,5.0,10,0,0,65
Sales & Marketing,25,Masters & above,m,other,1,37,5.0,3,1,0,50
Procurement,2,Masters & above,f,sourcing,1,52,1.0,23,0,0,72
Operations,2,Bachelors,f,sourcing,1,45,5.0,14,0,0,73
Operations,12,Bachelors,m,other,1,34,5.0,7,1,0,60
Sales & Marketing,11,Bachelors,m,other,1,31,2.0,6,0,0,48
Sales & Marketing,31,Bachelors,m,sourcing,3,31,3.0,5,0,0,47
Legal,19,Bachelors,m,sourcing,1,36,5.0,7,0,0,56
HR,2,Bachelors,m,other,1,45,5.0,7,0,0,53
Procurement,4,Bachelors,f,other,1,32,5.0,6,0,0,84
Operations,2,Masters & above,m,sourcing,2,44,5.0,7,1,0,61
Analytics,31,Bachelors,m,other,1,32,5.0,8,0,0,86
HR,2,Masters & above,m,other,1,47,5.0,4,1,0,47
Sales & Marketing,3,Masters & above,m,other,1,34,1.0,10,0,0,52
Operations,2,Bachelors,f,other,1,32,4.0,7,1,0,60
Analytics,31,Bachelors,f,other,1,35,3.0,8,0,0,86
Sales & Marketing,7,Bachelors,m,other,1,35,3.0,8,0,0,51
Procurement,2,Masters & above,m,other,1,43,4.0,8,0,0,69
Sales & Marketing,27,Bachelors,m,other,1,36,3.0,10,0,0,51
Sales & Marketing,7,Bachelors,m,sourcing,2,20,3.0,2,0,0,51
Technology,7,Bachelors,m,sourcing,1,35,4.0,3,1,0,97
Sales & Marketing,10,Bachelors,m,other,1,36,5.0,3,0,0,57
Procurement,14,Bachelors,f,sourcing,1,31,3.0,6,0,0,73
HR,2,Bachelors,m,other,1,26,3.0,2,1,0,54
Analytics,13,Bachelors,m,sourcing,1,36,3.0,10,1,0,85
Operations,8,Masters & above,m,sourcing,1,34,5.0,6,1,0,58
Technology,22,Masters & above,m,sourcing,2,40,4.0,2,1,0,76
Operations,10,Masters & above,f,sourcing,1,31,3.0,5,0,0,64
Technology,12,Bachelors,f,other,1,25,4.0,2,1,0,80
Operations,31,Masters & above,m,other,1,37,5.0,9,0,0,60
Procurement,15,Bachelors,m,other,1,34,1.0,5,0,0,69
Sales & Marketing,4,Masters & above,m,sourcing,2,38,1.0,6,0,0,48
HR,11,Bachelors,f,sourcing,1,32,3.0,7,0,0,49
Technology,2,Bachelors,f,other,1,54,1.0,7,0,0,77
Procurement,7,Masters & above,m,sourcing,2,47,4.0,5,1,0,69
Technology,8,Masters & above,m,other,1,39,3.0,4,0,0,82
Operations,16,Bachelors,f,sourcing,1,26,4.0,3,1,0,63
Operations,11,Masters & above,m,other,2,44,5.0,18,1,0,53
Procurement,27,Bachelors,m,sourcing,2,26,3.0,3,0,0,71
Finance,7,Masters & above,f,other,2,37,4.0,10,1,0,60
Sales & Marketing,34,Bachelors,m,sourcing,2,30,1.0,3,0,0,51
Procurement,15,Masters & above,m,other,1,41,3.0,5,0,0,66
Operations,26,Bachelors,m,other,3,25,3.0,2,0,0,62
Technology,22,Bachelors,m,sourcing,1,29,3.0,5,0,0,86
HR,11,Bachelors,m,other,1,33,2.0,7,0,0,50
Sales & Marketing,15,Bachelors,m,other,2,26,4.0,2,0,0,46
Finance,32,Bachelors,f,sourcing,1,31,5.0,5,1,0,62
Procurement,15,Masters & above,m,sourcing,1,50,4.0,19,1,0,69
Technology,2,Bachelors,f,referred,1,33,3.0,7,1,0,78
Sales & Marketing,25,Bachelors,m,other,1,38,5.0,7,1,0,54
R&D,13,Bachelors,m,sourcing,1,32,5.0,3,1,0,78
Sales & Marketing,2,Bachelors,m,other,1,32,5.0,4,1,0,51
Operations,22,Bachelors,f,other,1,42,2.0,15,0,0,62
Sales & Marketing,17,Masters & above,m,sourcing,1,35,1.0,3,1,0,45
Technology,33,Bachelors,m,sourcing,1,54,4.0,19,0,0,81
Operations,13,Bachelors,m,other,2,30,5.0,4,1,0,61
Procurement,2,Masters & above,m,other,1,50,5.0,18,1,0,70
Operations,13,Bachelors,m,sourcing,1,26,3.0,4,0,0,62
HR,22,Masters & above,m,other,2,33,3.0,6,1,0,48
Technology,28,Bachelors,m,sourcing,1,30,3.0,4,0,0,79
Operations,29,Masters & above,m,sourcing,1,44,3.0,6,1,0,63
Technology,28,Masters & above,m,other,2,31,2.0,4,0,0,77
Sales & Marketing,22,Bachelors,m,other,1,38,3.0,3,0,0,47
Sales & Marketing,22,Bachelors,m,sourcing,1,34,5.0,6,1,1,47
Operations,15,Bachelors,f,other,1,34,4.0,7,0,0,58
Sales & Marketing,2,Masters & above,f,sourcing,1,43,5.0,12,0,0,49
Procurement,22,Below Secondary,m,other,2,20,2.0,2,0,0,69
Analytics,29,Bachelors,m,other,1,28,4.0,1,0,0,84
Technology,26,Bachelors,m,sourcing,1,31,1.0,3,0,0,78
Finance,16,Bachelors,m,sourcing,2,32,3.0,2,0,0,58
Analytics,32,Bachelors,m,sourcing,1,23,5.0,2,1,0,83
Sales & Marketing,31,Bachelors,m,sourcing,1,31,2.0,2,1,0,51
Sales & Marketing,31,Masters & above,m,sourcing,2,37,4.0,3,0,0,47
Operations,14,Masters & above,f,other,1,40,4.0,4,0,0,62
Sales & Marketing,8,Bachelors,m,other,1,31,3.0,8,0,0,49
Operations,23,Bachelors,m,other,1,37,4.0,12,1,0,58
Procurement,14,Masters & above,f,other,1,36,3.0,9,1,0,70
Operations,2,Bachelors,m,referred,2,32,3.0,3,1,0,55
Operations,2,Bachelors,m,sourcing,1,58,5.0,22,0,0,58
Operations,12,Bachelors,f,other,1,26,1.0,2,0,0,60
Sales & Marketing,7,Bachelors,m,sourcing,1,39,5.0,5,1,0,50
Analytics,29,Bachelors,m,sourcing,1,29,2.0,4,1,0,82
Finance,26,Bachelors,f,other,1,33,3.0,6,0,0,58
Procurement,13,Bachelors,m,other,2,36,3.0,11,0,0,69
Sales & Marketing,7,Bachelors,m,sourcing,6,29,3.0,7,0,0,45
Operations,2,Bachelors,f,sourcing,1,28,5.0,2,0,0,57
Analytics,31,Bachelors,m,other,1,31,5.0,2,1,0,85
Operations,2,Masters & above,m,other,1,50,5.0,5,1,0,58
Procurement,27,Bachelors,m,sourcing,1,43,4.0,4,1,0,71
Finance,15,Bachelors,m,other,1,28,3.0,2,0,0,63
Operations,11,Bachelors,f,other,1,30,3.0,5,0,0,54
Operations,22,Masters & above,f,sourcing,1,38,3.0,8,1,1,88
Sales & Marketing,12,Bachelors,m,other,1,34,5.0,7,0,1,63
Finance,6,Bachelors,m,other,1,31,3.0,4,0,0,58
Analytics,11,Bachelors,m,other,1,26,3.0,2,0,0,80
Sales & Marketing,4,Bachelors,m,other,1,29,5.0,5,0,0,47
Technology,22,Bachelors,f,referred,1,29,5.0,5,1,0,75
Sales & Marketing,4,Masters & above,f,other,1,37,5.0,11,1,0,47
Operations,2,Bachelors,f,sourcing,1,27,5.0,4,0,0,55
Operations,20,Bachelors,f,other,1,38,3.0,3,1,0,88
Sales & Marketing,13,Bachelors,m,other,1,45,5.0,5,0,0,54
Operations,14,Bachelors,f,sourcing,1,32,4.0,5,1,0,60
Operations,13,Bachelors,f,sourcing,1,30,4.0,3,0,0,61
Sales & Marketing,15,Masters & above,m,other,1,36,3.0,4,0,0,50
Legal,7,Bachelors,m,other,1,39,3.0,7,0,0,60
Technology,31,Masters & above,m,sourcing,1,36,3.0,9,0,0,84
Procurement,31,Bachelors,m,sourcing,1,33,1.0,4,0,0,73
Sales & Marketing,13,Bachelors,m,sourcing,1,31,3.0,5,0,0,55
Operations,16,Masters & above,m,sourcing,2,37,5.0,9,0,1,74
Procurement,2,Bachelors,f,referred,1,32,4.0,5,1,0,68
Operations,26,Masters & above,m,sourcing,1,48,3.0,15,1,0,59
Operations,2,Bachelors,f,sourcing,1,39,4.0,9,1,0,59
Procurement,32,Bachelors,m,other,1,32,3.0,5,0,0,68
Operations,22,Masters & above,m,other,1,35,5.0,2,0,0,62
Analytics,28,Masters & above,m,other,1,34,1.0,5,0,0,83
Technology,17,Bachelors,f,other,1,31,3.0,5,1,0,76
HR,2,Bachelors,f,sourcing,1,30,5.0,5,0,0,48
Sales & Marketing,4,Masters & above,f,other,1,43,5.0,7,0,0,52
R&D,7,Masters & above,f,other,1,37,5.0,8,0,0,88
Sales & Marketing,2,Bachelors,m,other,1,55,4.0,23,0,0,47
Sales & Marketing,2,Bachelors,m,sourcing,1,46,2.0,6,0,0,48
Procurement,22,Bachelors,f,sourcing,1,27,3.0,5,1,0,69
Operations,16,Bachelors,m,sourcing,1,34,3.0,4,0,0,64
HR,2,Masters & above,m,other,1,50,1.0,18,0,0,52
Sales & Marketing,26,Bachelors,m,other,1,35,1.0,9,0,0,46
Technology,7,Masters & above,f,other,1,46,3.0,6,0,0,80
Sales & Marketing,15,Bachelors,f,sourcing,1,31,3.0,3,0,0,51
Procurement,22,Bachelors,m,other,1,39,3.0,11,0,0,77
Operations,8,Bachelors,f,other,1,26,2.0,3,0,0,62
Analytics,8,Bachelors,m,sourcing,1,30,5.0,8,1,0,84
Finance,2,Bachelors,m,sourcing,1,33,5.0,6,1,0,58
Sales & Marketing,19,Bachelors,m,sourcing,1,35,3.0,7,0,0,49
Operations,32,Bachelors,f,sourcing,1,37,3.0,5,1,0,60
Sales & Marketing,7,Bachelors,m,sourcing,1,28,1.0,4,0,0,48
Operations,28,Bachelors,m,other,1,31,3.0,4,0,0,61
Technology,2,Bachelors,f,other,2,32,1.0,5,0,0,76
Procurement,2,Bachelors,m,sourcing,1,36,1.0,3,0,0,67
Sales & Marketing,14,Bachelors,f,sourcing,1,36,3.0,5,0,0,48
Sales & Marketing,24,Bachelors,m,other,1,29,1.0,4,0,0,48
Technology,5,Masters & above,m,sourcing,1,48,3.0,5,1,0,76
Sales & Marketing,25,Bachelors,m,sourcing,1,26,3.0,4,0,0,48
Technology,7,Bachelors,f,sourcing,1,31,1.0,6,1,1,79
Sales & Marketing,5,Bachelors,m,other,1,42,5.0,4,0,0,59
Technology,14,Bachelors,f,sourcing,2,32,3.0,4,0,0,79
Legal,2,Bachelors,f,other,1,27,5.0,2,0,0,58
Sales & Marketing,28,Bachelors,m,sourcing,1,33,1.0,7,0,0,52
Operations,7,Masters & above,m,sourcing,2,51,5.0,4,1,0,92
Finance,26,Bachelors,m,other,1,26,3.0,2,0,0,60
Sales & Marketing,14,Bachelors,m,other,1,31,1.0,3,0,0,46
Technology,2,Bachelors,f,other,1,35,3.0,9,0,0,79
Technology,26,Masters & above,m,sourcing,1,47,1.0,5,0,0,79
Analytics,22,Bachelors,m,other,2,27,5.0,2,1,0,78
Sales & Marketing,22,Masters & above,m,other,1,34,3.0,4,1,0,47
Sales & Marketing,2,Bachelors,m,other,3,39,5.0,9,1,0,48
Analytics,5,Bachelors,m,sourcing,2,31,5.0,2,1,0,86
Operations,2,Masters & above,m,sourcing,1,35,3.0,6,1,0,59
Technology,22,Bachelors,m,sourcing,2,32,1.0,5,0,0,81
Sales & Marketing,2,Bachelors,f,sourcing,1,27,1.0,3,0,0,44
Technology,4,Masters & above,f,other,1,35,1.0,9,0,0,82
Technology,7,Bachelors,f,other,1,28,3.0,5,1,0,77
Technology,7,Masters & above,f,sourcing,1,41,3.0,7,0,0,78
Procurement,22,Bachelors,m,other,2,29,1.0,2,0,0,70
Operations,17,Masters & above,m,sourcing,1,43,2.0,5,1,0,56
Sales & Marketing,6,Bachelors,m,other,1,31,5.0,7,1,0,51
Operations,33,Masters & above,m,sourcing,1,45,4.0,18,1,0,58
Finance,22,Masters & above,m,other,1,33,4.0,2,1,0,57
Procurement,16,Bachelors,f,other,1,30,4.0,1,1,0,68
Procurement,2,Masters & above,m,other,3,46,3.0,4,0,0,70
Sales & Marketing,7,Bachelors,m,other,1,27,1.0,4,0,0,49
Operations,7,Masters & above,m,other,1,39,4.0,7,0,0,57
Operations,2,Bachelors,m,sourcing,2,32,4.0,9,1,0,60
Sales & Marketing,15,Bachelors,m,other,2,37,3.0,3,0,0,46
Procurement,22,Masters & above,f,other,1,47,2.0,19,0,0,70
Technology,24,Masters & above,m,sourcing,1,41,3.0,8,0,0,82
Sales & Marketing,2,Bachelors,m,sourcing,2,53,4.0,12,0,0,48
Sales & Marketing,13,Masters & above,m,sourcing,1,35,3.0,4,0,0,48
Sales & Marketing,22,Bachelors,f,other,2,37,1.0,2,1,0,54
Operations,7,Masters & above,f,sourcing,1,32,3.0,5,1,0,62
Technology,13,Masters & above,f,other,1,42,2.0,4,1,0,76
Analytics,26,Bachelors,f,other,1,29,2.0,8,1,0,83
Sales & Marketing,23,Masters & above,m,other,1,36,5.0,10,0,0,51
Procurement,14,Bachelors,f,other,1,32,3.0,3,1,0,69
HR,19,Bachelors,m,other,1,31,3.0,4,1,0,47
Sales & Marketing,28,Bachelors,m,other,1,36,5.0,9,1,0,50
Analytics,13,Bachelors,m,sourcing,1,30,3.0,2,1,0,81
Operations,26,Bachelors,f,sourcing,1,30,4.0,9,1,0,60
HR,31,Bachelors,m,other,1,30,3.0,7,0,0,50
Operations,22,Bachelors,m,sourcing,1,26,5.0,3,1,0,56
Sales & Marketing,16,Bachelors,m,other,1,45,4.0,3,1,1,89
Sales & Marketing,1,Bachelors,m,sourcing,1,31,5.0,7,0,0,50
Operations,2,Bachelors,m,other,1,31,5.0,6,0,0,61
Finance,4,Bachelors,m,sourcing,2,32,5.0,1,1,0,57
Sales & Marketing,26,Bachelors,m,other,1,34,5.0,8,0,0,53
Technology,16,Bachelors,m,other,1,33,3.0,3,0,0,81
Operations,2,Masters & above,f,sourcing,1,36,5.0,9,0,0,61
Procurement,7,Masters & above,m,sourcing,1,31,3.0,5,1,0,69
Analytics,2,Bachelors,m,other,1,27,5.0,3,0,0,82
Analytics,21,Bachelors,m,sourcing,2,28,5.0,7,1,0,84
Operations,27,Bachelors,f,other,1,32,5.0,8,0,0,60
Technology,27,Bachelors,m,other,1,31,1.0,5,0,0,82
Sales & Marketing,29,Bachelors,m,other,1,26,1.0,2,0,0,49
Sales & Marketing,7,Masters & above,m,sourcing,1,56,1.0,27,0,0,50
HR,14,Bachelors,f,sourcing,1,32,4.0,6,1,0,49
Procurement,16,Bachelors,m,other,1,38,2.0,7,0,0,67
Analytics,28,Bachelors,m,other,1,29,5.0,2,1,0,84
HR,20,Masters & above,m,other,1,35,5.0,9,0,0,50
Operations,20,Bachelors,f,other,2,35,5.0,7,1,0,64
Sales & Marketing,11,Masters & above,m,sourcing,1,34,5.0,9,0,0,47
Technology,16,Bachelors,f,other,2,35,1.0,4,0,0,81
Procurement,2,Bachelors,f,other,1,48,3.0,8,0,0,69
Procurement,22,Masters & above,f,other,2,34,1.0,5,0,0,68
Technology,25,Masters & above,m,sourcing,1,32,4.0,5,1,0,80
Analytics,23,Bachelors,m,sourcing,1,27,5.0,2,1,0,86
Analytics,22,Masters & above,m,sourcing,1,36,5.0,7,1,0,83
Operations,3,Bachelors,m,other,1,29,3.0,5,0,0,61
Sales & Marketing,23,Bachelors,m,other,3,33,1.0,10,0,0,50
Legal,22,Bachelors,m,other,1,34,4.0,3,0,0,61
Analytics,25,Masters & above,m,other,2,37,5.0,4,1,0,84
Sales & Marketing,32,Bachelors,m,sourcing,1,39,3.0,8,0,0,55
Analytics,2,Bachelors,m,other,1,48,3.0,18,0,0,81
HR,2,Masters & above,f,other,1,55,3.0,15,0,0,50
Sales & Marketing,16,Bachelors,m,sourcing,1,33,5.0,4,0,0,47
HR,27,Bachelors,f,sourcing,1,31,3.0,6,0,0,43
Finance,13,Bachelors,m,other,1,32,1.0,4,0,0,59
Operations,2,Masters & above,m,other,1,44,4.0,15,1,0,59
HR,2,Masters & above,m,other,1,54,5.0,7,1,0,50
Technology,5,Masters & above,m,other,1,34,5.0,5,1,0,84
Technology,24,Masters & above,f,other,1,31,3.0,2,1,0,81
Operations,13,Masters & above,f,sourcing,1,37,5.0,8,1,0,61
Analytics,29,Bachelors,m,sourcing,1,29,3.0,4,0,0,84
Sales & Marketing,28,Bachelors,m,other,1,33,3.0,7,1,0,51
Procurement,15,Bachelors,f,other,2,32,3.0,5,0,0,69
Procurement,14,Bachelors,m,sourcing,1,43,3.0,6,1,0,74
Analytics,13,Masters & above,m,sourcing,1,33,3.0,6,0,0,84
Operations,31,Bachelors,m,other,1,30,1.0,4,0,0,60
Legal,2,Masters & above,m,other,1,40,3.0,4,0,0,57
Sales & Marketing,31,Bachelors,f,sourcing,1,35,4.0,5,1,0,49
Procurement,15,Bachelors,m,sourcing,1,50,3.0,6,0,0,66
Sales & Marketing,32,Bachelors,f,sourcing,1,31,4.0,2,0,0,51
HR,2,Bachelors,m,sourcing,1,35,1.0,3,1,0,48
Operations,15,Bachelors,f,other,1,48,4.0,19,0,0,63
Operations,15,Bachelors,m,sourcing,1,40,4.0,4,0,0,55
Finance,7,Masters & above,m,sourcing,1,32,4.0,5,1,0,61
Sales & Marketing,2,Bachelors,m,other,1,58,3.0,18,0,0,50
Technology,6,Bachelors,f,sourcing,1,35,4.0,6,1,0,76
Operations,2,Bachelors,m,sourcing,1,33,5.0,6,1,0,54
Technology,29,Masters & above,m,sourcing,1,38,1.0,7,0,0,81
Operations,19,Bachelors,f,other,1,33,4.0,4,0,0,58
Analytics,22,Bachelors,f,other,1,25,3.0,1,1,0,84
Technology,6,Bachelors,f,sourcing,1,30,2.0,4,0,0,85
Analytics,7,Bachelors,m,other,1,44,5.0,4,1,0,88
Sales & Marketing,1,Bachelors,m,other,1,29,3.0,4,0,0,49
Technology,11,Bachelors,f,other,1,45,5.0,16,0,0,79
Analytics,2,Bachelors,m,other,5,31,5.0,5,0,0,85
Sales & Marketing,34,Bachelors,m,other,1,31,3.0,3,0,0,48
Technology,22,Masters & above,m,other,1,36,4.0,8,1,0,80
Procurement,4,Masters & above,m,sourcing,1,53,1.0,15,0,0,66
Sales & Marketing,2,Bachelors,m,other,1,38,1.0,2,0,0,55
Technology,13,Bachelors,f,other,1,30,4.0,2,1,0,94
HR,13,Bachelors,m,sourcing,1,27,3.0,3,0,0,47
Procurement,4,Masters & above,f,other,3,43,4.0,4,0,0,70
Finance,26,Bachelors,m,sourcing,1,38,3.0,7,0,0,62
Operations,25,Bachelors,m,other,1,28,4.0,5,0,0,60
Sales & Marketing,13,Bachelors,m,other,2,37,3.0,2,0,0,46
Operations,2,Bachelors,f,sourcing,1,41,3.0,4,0,0,58
Operations,2,Masters & above,m,sourcing,1,36,3.0,7,0,0,61
Technology,2,Masters & above,f,other,2,41,4.0,2,0,0,83
Procurement,13,Bachelors,m,other,1,38,5.0,4,0,1,79
Procurement,2,Bachelors,f,sourcing,1,41,5.0,3,1,0,67
Operations,19,Masters & above,m,other,3,36,4.0,3,0,0,56
Operations,29,Bachelors,m,other,1,29,1.0,6,0,0,60
Analytics,31,Bachelors,m,other,2,26,3.0,2,0,0,84
Sales & Marketing,27,Bachelors,m,sourcing,1,31,2.0,3,0,0,46
Operations,7,Bachelors,m,sourcing,1,35,3.0,7,0,0,67
Procurement,2,Masters & above,f,other,1,47,3.0,7,1,0,70
Sales & Marketing,13,Bachelors,f,other,1,34,1.0,4,0,0,50
Procurement,15,Bachelors,m,other,1,36,1.0,3,0,0,71
Operations,15,Masters & above,m,other,2,30,3.0,6,0,0,60
Sales & Marketing,22,Masters & above,f,other,1,32,5.0,3,0,0,53
Operations,2,Masters & above,m,other,1,33,1.0,6,0,0,55
Operations,11,Bachelors,f,sourcing,1,33,3.0,6,0,0,59
Operations,2,Bachelors,f,other,1,36,3.0,8,1,0,61
Sales & Marketing,21,Bachelors,m,other,1,29,3.0,5,1,0,50
Procurement,2,Masters & above,m,sourcing,3,40,3.0,6,0,0,69
Operations,27,Bachelors,f,other,1,31,5.0,4,1,0,60
Sales & Marketing,34,Bachelors,m,sourcing,1,34,3.0,8,0,0,51
Operations,31,Bachelors,m,other,1,43,5.0,6,0,0,62
Operations,15,Masters & above,m,sourcing,1,42,3.0,2,1,0,58
Sales & Marketing,2,Bachelors,m,sourcing,1,42,5.0,16,1,0,48
Sales & Marketing,20,Bachelors,m,other,1,41,1.0,6,0,0,52
Procurement,15,Bachelors,m,sourcing,1,43,3.0,14,1,0,71
Finance,2,Masters & above,f,other,1,39,3.0,3,0,0,59
Analytics,7,Masters & above,m,sourcing,2,34,4.0,6,0,0,84
Operations,15,Bachelors,m,sourcing,1,26,2.0,6,1,0,58
Sales & Marketing,31,Masters & above,m,other,2,31,2.0,5,1,0,50
Sales & Marketing,25,Masters & above,m,sourcing,1,39,4.0,7,0,0,52
Sales & Marketing,23,Bachelors,m,sourcing,1,30,5.0,3,0,0,45
Procurement,4,Bachelors,m,sourcing,1,38,5.0,5,1,0,69
Operations,14,Bachelors,f,other,2,33,4.0,8,1,0,60
Finance,29,Bachelors,m,sourcing,1,30,5.0,4,1,0,62
Sales & Marketing,22,Bachelors,f,other,1,30,1.0,5,1,0,50
Sales & Marketing,30,Bachelors,f,sourcing,1,36,3.0,4,0,0,53
Sales & Marketing,27,Bachelors,m,other,2,33,4.0,4,0,0,48
Technology,2,Bachelors,m,other,1,36,3.0,4,0,0,77
Procurement,2,Masters & above,f,sourcing,1,47,3.0,13,1,0,69
Analytics,31,Bachelors,m,sourcing,1,29,3.0,3,0,0,88
Analytics,22,Bachelors,m,other,2,29,4.0,3,1,0,80
Analytics,10,Bachelors,m,other,1,28,4.0,2,0,0,85
Sales & Marketing,2,Bachelors,m,sourcing,1,49,5.0,6,1,0,52
Operations,4,Masters & above,m,other,1,39,5.0,4,1,0,62
Procurement,2,Masters & above,f,other,1,42,5.0,5,0,0,68
Sales & Marketing,4,Masters & above,m,other,2,39,3.0,2,0,0,50
Operations,20,Masters & above,m,other,1,34,3.0,3,1,0,59
Sales & Marketing,2,Masters & above,m,other,1,57,4.0,15,1,0,51
Finance,2,Bachelors,m,sourcing,1,30,3.0,4,0,0,62
Sales & Marketing,31,Bachelors,m,sourcing,1,34,1.0,10,0,0,44
Sales & Marketing,22,Bachelors,m,other,3,30,3.0,7,0,0,50
Analytics,25,Masters & above,m,other,1,35,4.0,7,1,0,82
Sales & Marketing,4,Bachelors,m,other,1,33,3.0,10,0,0,47
Procurement,26,Below Secondary,f,other,1,23,5.0,1,1,0,71
Sales & Marketing,2,Bachelors,f,other,1,27,2.0,3,0,0,51
Procurement,2,Bachelors,f,other,2,45,3.0,5,0,0,70
Technology,2,Bachelors,f,other,2,43,3.0,7,1,0,78
Sales & Marketing,7,Bachelors,f,sourcing,1,30,5.0,2,0,0,53
Operations,19,Bachelors,f,other,1,35,5.0,3,0,0,61
Finance,32,Bachelors,m,sourcing,2,38,5.0,4,0,0,58
Operations,7,Bachelors,m,other,1,39,4.0,10,0,0,56
Sales & Marketing,23,Masters & above,f,other,1,41,1.0,11,0,0,52
Operations,2,Bachelors,f,sourcing,1,39,5.0,2,0,0,61
Operations,25,Masters & above,m,other,1,35,3.0,7,0,0,62
Operations,6,Bachelors,f,sourcing,1,33,5.0,7,1,0,60
Technology,10,Masters & above,m,sourcing,2,37,3.0,5,0,0,83
Sales & Marketing,29,Bachelors,m,sourcing,2,41,1.0,12,0,0,52
Procurement,22,Bachelors,m,other,1,23,4.0,2,0,0,70
Procurement,2,Masters & above,f,other,1,52,3.0,4,1,0,69
Sales & Marketing,30,Bachelors,m,other,1,38,2.0,8,0,0,49
Sales & Marketing,2,Masters & above,m,sourcing,1,30,1.0,6,0,0,47
Operations,11,Bachelors,m,other,1,29,5.0,2,1,0,57
Procurement,7,Bachelors,f,other,2,27,3.0,4,0,0,67
Procurement,13,Masters & above,f,other,1,37,3.0,4,0,0,71
Sales & Marketing,7,Bachelors,m,other,1,51,1.0,10,0,0,51
Analytics,32,Bachelors,m,other,1,27,5.0,3,0,0,85
Operations,5,Bachelors,f,other,1,34,4.0,5,0,0,60
Operations,16,Bachelors,m,other,2,32,4.0,3,1,0,59
Technology,27,Bachelors,f,sourcing,1,37,3.0,4,1,1,78
Procurement,27,Bachelors,m,other,1,30,5.0,3,1,0,64
Operations,2,Bachelors,f,other,4,33,3.0,7,0,0,59
Operations,4,Bachelors,m,other,1,47,1.0,18,0,0,62
Analytics,9,Bachelors,m,other,2,28,1.0,4,0,0,87
Procurement,27,Bachelors,m,other,1,33,5.0,6,1,0,65
Technology,23,Masters & above,m,sourcing,2,35,3.0,4,1,0,80
Sales & Marketing,15,Bachelors,m,sourcing,1,28,3.0,2,0,0,53
Sales & Marketing,16,Masters & above,m,other,1,40,4.0,10,0,0,48
Sales & Marketing,13,Bachelors,m,other,1,30,3.0,4,1,0,52
Sales & Marketing,22,Bachelors,m,sourcing,1,40,5.0,3,1,0,50
Procurement,23,Masters & above,m,sourcing,1,40,3.0,6,0,0,63
Operations,7,Masters & above,f,other,1,41,3.0,5,1,0,54
Technology,26,Masters & above,m,other,1,51,4.0,18,1,0,79
HR,1,Masters & above,m,other,1,31,4.0,4,0,0,49
Analytics,7,Bachelors,m,other,2,39,3.0,13,0,0,85
Analytics,22,Bachelors,f,other,1,26,5.0,3,1,0,82
Analytics,23,Bachelors,m,sourcing,1,30,4.0,4,0,0,80
Operations,21,Masters & above,f,other,1,37,4.0,10,1,0,59
Legal,2,Masters & above,m,other,1,57,3.0,5,0,0,65
Analytics,11,Bachelors,m,other,1,33,5.0,6,1,0,84
Finance,4,Masters & above,f,other,1,35,3.0,4,0,0,58
Procurement,2,Bachelors,m,other,2,33,3.0,2,0,0,69
Finance,29,Bachelors,m,other,1,30,3.0,3,0,0,60
Procurement,22,Bachelors,m,other,2,26,1.0,4,1,0,72
Analytics,4,Masters & above,m,other,1,35,5.0,7,0,0,85
HR,2,Bachelors,m,other,1,41,5.0,3,1,0,51
Operations,7,Bachelors,f,sourcing,1,39,5.0,4,1,0,60
Procurement,4,Masters & above,m,other,2,42,3.0,8,0,0,68
Sales & Marketing,14,Bachelors,f,other,1,31,1.0,9,0,0,50
HR,7,Bachelors,m,other,2,27,3.0,4,0,0,51
Sales & Marketing,2,Masters & above,f,sourcing,2,33,3.0,3,0,0,48
Operations,22,Bachelors,f,other,1,53,1.0,19,0,0,61
Operations,13,Bachelors,f,referred,1,30,4.0,3,1,0,61
Operations,19,Bachelors,m,other,1,31,3.0,6,0,0,64
Finance,29,Masters & above,m,other,1,34,4.0,7,1,0,60
HR,22,Bachelors,m,referred,1,26,3.0,2,0,0,51
Finance,7,Bachelors,m,other,2,32,5.0,6,1,0,56
Procurement,2,Bachelors,f,other,1,32,3.0,6,0,0,67
Finance,2,Bachelors,f,other,1,26,4.0,2,1,0,58
Procurement,2,Masters & above,m,other,1,56,5.0,10,1,0,72
Technology,4,Bachelors,m,sourcing,2,30,3.0,4,0,0,81
Operations,28,Bachelors,f,sourcing,2,26,3.0,2,1,0,60
Operations,16,Bachelors,f,other,1,28,5.0,4,1,0,60
Procurement,2,Below Secondary,f,sourcing,1,20,3.0,2,1,0,71
Procurement,7,Masters & above,f,sourcing,1,46,3.0,3,0,0,68
Operations,2,Bachelors,m,sourcing,1,33,2.0,5,0,0,56
Procurement,2,Bachelors,f,other,1,36,3.0,4,0,0,63
Procurement,22,Bachelors,m,other,2,29,3.0,1,0,0,64
Analytics,22,Bachelors,m,other,1,39,5.0,9,1,0,81
Procurement,7,Bachelors,m,other,1,41,3.0,5,0,0,71
Sales & Marketing,11,Masters & above,m,other,1,32,5.0,8,1,0,46
Analytics,25,Masters & above,m,other,1,32,5.0,2,0,0,85
R&D,22,Masters & above,m,other,2,28,1.0,5,0,0,90
Procurement,4,Masters & above,m,sourcing,2,40,3.0,7,0,0,65
Procurement,13,Masters & above,m,other,1,39,4.0,12,0,0,72
Operations,27,Bachelors,m,other,1,51,3.0,6,0,0,53
Procurement,2,Below Secondary,m,sourcing,1,22,5.0,2,1,0,68
Finance,8,Bachelors,m,other,1,27,5.0,3,1,0,55
Procurement,8,Bachelors,m,other,1,38,4.0,9,0,0,70
Analytics,28,Masters & above,m,other,1,35,1.0,8,0,0,83
Technology,31,Masters & above,m,other,1,32,3.0,6,0,0,81
Sales & Marketing,7,Bachelors,m,sourcing,1,30,2.0,5,0,0,52
Sales & Marketing,9,Bachelors,m,sourcing,1,30,4.0,2,1,0,48
Analytics,31,Bachelors,f,other,1,30,4.0,4,1,0,84
R&D,15,Bachelors,m,other,1,34,3.0,8,0,0,86
Sales & Marketing,6,Bachelors,m,other,1,30,1.0,6,0,0,45
Procurement,2,Masters & above,m,sourcing,1,49,2.0,9,0,0,71
Analytics,22,Bachelors,m,other,5,29,3.0,6,0,0,86
Sales & Marketing,31,Masters & above,m,other,2,34,5.0,10,0,0,50
Sales & Marketing,13,Masters & above,f,sourcing,1,38,5.0,9,0,0,48
Procurement,28,Masters & above,f,sourcing,2,33,3.0,7,0,0,68
Finance,2,Bachelors,f,sourcing,1,27,4.0,3,1,0,64
Procurement,5,Bachelors,f,sourcing,2,29,4.0,4,1,0,72
Sales & Marketing,2,Masters & above,m,other,1,51,1.0,5,1,0,48
Finance,22,Bachelors,m,sourcing,1,31,3.0,4,0,0,61
Operations,4,Bachelors,f,other,1,38,5.0,8,1,0,58
Technology,14,Bachelors,f,other,1,38,3.0,10,0,0,79
Finance,13,Bachelors,f,sourcing,1,28,4.0,5,0,0,61
HR,2,Bachelors,m,other,1,39,4.0,3,1,0,45
Analytics,32,Bachelors,m,other,2,30,5.0,3,1,0,85
Operations,16,Bachelors,m,other,1,42,3.0,5,1,0,60
R&D,2,Masters & above,m,other,1,48,3.0,7,0,0,82
Operations,2,Bachelors,m,other,1,50,4.0,19,1,0,60
Analytics,2,Masters & above,m,sourcing,1,49,2.0,7,0,0,85
Legal,4,Masters & above,m,sourcing,1,34,3.0,4,0,0,62
Sales & Marketing,13,Bachelors,m,other,1,54,3.0,17,0,0,54
HR,6,Bachelors,m,other,1,26,4.0,2,1,0,50
Sales & Marketing,11,Bachelors,f,other,1,29,5.0,3,1,0,50
Procurement,2,Bachelors,m,other,2,35,3.0,5,0,0,65
Sales & Marketing,27,Bachelors,m,other,1,32,5.0,3,1,0,49
Sales & Marketing,11,Masters & above,m,other,1,40,1.0,4,0,0,52
Technology,7,Masters & above,f,sourcing,1,43,3.0,15,0,0,80
Sales & Marketing,4,Masters & above,m,other,2,45,1.0,4,0,0,51
Sales & Marketing,31,Bachelors,m,other,2,36,3.0,2,0,0,50
HR,2,Bachelors,m,other,2,30,1.0,5,0,0,49
Procurement,22,Masters & above,m,other,1,32,3.0,2,0,0,87
Operations,14,Bachelors,m,other,1,40,3.0,5,0,0,63
Technology,23,Bachelors,m,other,1,32,5.0,6,1,0,85
Sales & Marketing,11,Bachelors,m,other,1,32,5.0,2,0,0,48
Operations,13,Masters & above,f,other,1,51,3.0,8,0,0,59
Analytics,2,Masters & above,m,other,4,30,4.0,4,0,0,84
Procurement,26,Bachelors,m,other,2,28,3.0,5,0,0,71
Sales & Marketing,4,Masters & above,m,sourcing,1,31,2.0,10,1,0,52
Sales & Marketing,2,Masters & above,m,other,1,42,4.0,3,1,0,65
Operations,3,Bachelors,m,other,1,30,3.0,4,0,0,61
Legal,26,Bachelors,m,other,1,30,1.0,2,0,0,59
Sales & Marketing,7,Bachelors,f,other,1,31,3.0,10,0,0,52
Procurement,26,Bachelors,m,sourcing,1,33,3.0,7,0,0,81
Technology,24,Masters & above,f,other,1,33,2.0,7,0,0,76
Sales & Marketing,29,Bachelors,m,other,1,34,5.0,5,0,0,50
Sales & Marketing,2,Bachelors,f,other,1,38,4.0,12,0,0,52
Operations,2,Bachelors,m,other,1,24,5.0,1,0,0,64
Procurement,14,Bachelors,f,other,1,36,4.0,9,1,0,68
HR,22,Bachelors,f,sourcing,2,24,4.0,3,0,0,45
Operations,26,Bachelors,f,sourcing,1,32,4.0,7,0,0,59
Operations,23,Bachelors,f,sourcing,1,32,4.0,5,0,0,60
Procurement,16,Masters & above,f,sourcing,1,37,4.0,2,1,0,76
Analytics,26,Bachelors,m,other,2,32,4.0,6,0,0,86
Operations,18,Bachelors,f,sourcing,1,35,3.0,10,0,0,61
Technology,15,Bachelors,m,sourcing,3,29,4.0,5,1,0,80
Procurement,29,Bachelors,m,other,2,30,4.0,6,0,0,65
Procurement,34,Bachelors,m,other,1,30,4.0,4,1,0,70
Technology,4,Bachelors,m,other,1,33,3.0,6,0,0,82
Technology,22,Bachelors,m,other,4,35,2.0,8,0,0,82
Technology,25,Bachelors,f,other,2,29,4.0,3,0,0,81
Operations,4,Bachelors,f,other,1,26,5.0,4,1,0,63
Sales & Marketing,12,Bachelors,m,sourcing,1,40,1.0,6,0,0,50
Sales & Marketing,7,Bachelors,m,referred,2,33,5.0,6,1,0,48
Procurement,14,Masters & above,m,other,1,36,2.0,7,0,0,65
Analytics,2,Bachelors,m,other,2,42,5.0,4,0,0,82
Technology,27,Bachelors,m,other,1,29,4.0,7,1,0,81
Sales & Marketing,13,Masters & above,m,sourcing,1,34,2.0,2,0,0,50
Operations,26,Bachelors,f,other,1,30,4.0,3,1,0,57
HR,31,Masters & above,f,sourcing,1,36,5.0,7,1,0,48
Sales & Marketing,2,Bachelors,m,sourcing,2,37,1.0,4,0,0,43
Legal,31,Bachelors,m,other,1,34,5.0,7,1,0,62
Finance,22,Bachelors,m,other,2,29,3.0,4,0,0,61
Finance,2,Bachelors,m,sourcing,1,33,1.0,3,0,0,61
Sales & Marketing,4,Masters & above,f,other,1,41,5.0,2,1,0,53
Sales & Marketing,12,Bachelors,m,sourcing,1,26,1.0,2,0,0,52
Technology,2,Bachelors,f,other,1,44,1.0,15,0,0,79
R&D,27,Bachelors,m,sourcing,1,28,4.0,8,0,0,87
Sales & Marketing,2,Bachelors,m,sourcing,1,52,3.0,3,0,0,59
Operations,22,Bachelors,f,other,1,24,3.0,3,1,0,66
Technology,27,Bachelors,m,sourcing,1,23,3.0,2,0,0,80
Analytics,32,Bachelors,m,other,1,41,3.0,6,0,0,82
Sales & Marketing,6,Bachelors,f,other,1,35,2.0,7,1,1,47
Sales & Marketing,29,Bachelors,m,sourcing,1,33,3.0,7,0,0,52
Operations,15,Bachelors,m,other,1,34,1.0,9,1,0,60
Sales & Marketing,5,Bachelors,m,sourcing,1,32,2.0,6,0,0,47
Sales & Marketing,15,Bachelors,f,other,1,31,3.0,5,1,0,45
Operations,2,Bachelors,m,other,1,40,4.0,13,0,0,59
Sales & Marketing,22,Bachelors,m,sourcing,1,28,5.0,3,0,0,49
Sales & Marketing,14,Bachelors,m,other,1,40,4.0,3,0,0,51
Sales & Marketing,7,Masters & above,m,other,1,44,1.0,6,0,0,50
HR,22,Bachelors,m,referred,1,26,5.0,2,1,0,49
Operations,2,Masters & above,m,other,1,32,3.0,2,0,0,62
Technology,23,Masters & above,m,other,1,53,3.0,6,1,1,91
Technology,7,Bachelors,f,other,1,38,4.0,5,1,0,81
Sales & Marketing,22,Masters & above,f,sourcing,1,30,1.0,5,0,0,49
Sales & Marketing,29,Bachelors,m,other,1,28,5.0,7,1,0,47
Legal,2,Bachelors,m,sourcing,1,26,4.0,3,1,0,55
Technology,23,Bachelors,f,sourcing,2,32,5.0,4,1,0,79
Procurement,13,Bachelors,f,sourcing,1,29,5.0,4,1,0,73
Sales & Marketing,29,Bachelors,m,other,1,28,2.0,2,0,0,49
Technology,2,Masters & above,f,sourcing,1,56,4.0,13,1,0,81
Sales & Marketing,26,Bachelors,m,sourcing,1,49,3.0,8,0,0,49
Operations,2,Bachelors,m,sourcing,1,39,3.0,8,0,0,58
Analytics,31,Masters & above,m,sourcing,2,37,4.0,11,0,0,84
Technology,22,Bachelors,m,referred,2,26,3.0,5,1,0,81
Technology,2,Bachelors,m,other,1,35,1.0,8,0,0,82
Operations,4,Masters & above,m,sourcing,1,52,5.0,10,1,0,61
Operations,7,Bachelors,m,other,1,36,3.0,7,0,0,64
Operations,2,Bachelors,m,other,1,28,3.0,6,0,0,59
Operations,2,Masters & above,m,other,1,43,4.0,7,1,0,60
Technology,2,Bachelors,m,referred,1,30,5.0,5,1,0,77
Sales & Marketing,22,Masters & above,m,sourcing,1,35,5.0,9,0,0,52
Procurement,22,Masters & above,m,other,1,46,3.0,11,0,1,71
Technology,4,Masters & above,f,other,1,34,2.0,2,1,0,78
Sales & Marketing,5,Bachelors,m,sourcing,1,28,3.0,4,0,0,46
Sales & Marketing,27,Bachelors,m,other,1,32,1.0,4,0,0,49
Operations,22,Masters & above,m,other,1,48,5.0,21,0,0,63
Sales & Marketing,2,Bachelors,f,other,1,42,2.0,5,0,0,51
HR,2,Bachelors,f,other,1,31,5.0,7,0,0,50
Sales & Marketing,32,Bachelors,m,other,1,31,3.0,5,0,0,53
Operations,15,Bachelors,m,other,1,48,5.0,17,1,0,60
Procurement,7,Bachelors,m,sourcing,1,35,3.0,7,0,0,72
Sales & Marketing,31,Bachelors,f,other,1,26,1.0,2,0,0,51
Analytics,7,Bachelors,m,sourcing,3,45,3.0,9,1,0,82
Technology,8,Masters & above,f,other,1,34,5.0,5,1,0,78
Procurement,26,Bachelors,f,other,1,37,3.0,7,1,0,70
Sales & Marketing,4,Masters & above,m,other,1,42,5.0,12,1,0,47
Sales & Marketing,7,Bachelors,f,sourcing,1,30,4.0,5,0,0,46
Procurement,8,Masters & above,f,sourcing,1,39,5.0,13,0,0,70
Sales & Marketing,13,Bachelors,f,other,1,30,3.0,4,1,0,44
Sales & Marketing,7,Bachelors,m,sourcing,1,29,2.0,4,0,0,44
Procurement,24,Masters & above,m,other,2,32,3.0,7,0,0,71
Sales & Marketing,19,Bachelors,m,sourcing,1,36,5.0,4,1,0,52
Sales & Marketing,6,Bachelors,m,sourcing,1,59,1.0,29,0,0,49
Sales & Marketing,7,Bachelors,m,other,2,34,5.0,3,0,0,49
HR,2,Bachelors,f,referred,1,32,4.0,5,1,0,50
Operations,13,Bachelors,m,other,1,38,4.0,7,1,0,65
Legal,26,Bachelors,m,sourcing,1,31,5.0,6,1,0,57
HR,2,Bachelors,f,other,1,55,3.0,24,0,0,50
Procurement,14,Masters & above,f,other,1,35,5.0,6,0,0,75
Sales & Marketing,22,Bachelors,m,other,2,31,4.0,5,0,0,51
Sales & Marketing,15,Bachelors,m,other,1,36,3.0,10,0,0,52
Sales & Marketing,7,Masters & above,m,other,1,44,5.0,13,1,0,46
Operations,7,Bachelors,f,sourcing,2,26,5.0,2,1,0,58
Operations,7,Masters & above,m,other,1,36,3.0,10,1,0,58
Analytics,7,Bachelors,m,sourcing,2,41,5.0,5,1,0,79
Sales & Marketing,22,Bachelors,f,sourcing,1,25,3.0,2,0,0,51
HR,2,Bachelors,f,other,1,59,3.0,7,0,0,48
Operations,29,Bachelors,m,sourcing,1,32,3.0,5,0,0,58
Procurement,28,Masters & above,m,other,1,31,1.0,4,0,0,70
Procurement,2,Below Secondary,f,sourcing,1,24,3.0,2,1,1,67
Operations,15,Bachelors,f,sourcing,1,37,4.0,10,0,0,59
Operations,7,Bachelors,m,other,2,39,5.0,2,1,0,58
Sales & Marketing,33,Bachelors,m,sourcing,3,33,1.0,6,0,0,50
Operations,7,Bachelors,f,sourcing,2,29,3.0,6,1,0,55
HR,2,Masters & above,m,other,2,50,5.0,8,0,0,50
Analytics,1,Masters & above,m,sourcing,1,32,3.0,7,0,0,82
Analytics,31,Bachelors,m,other,2,29,4.0,2,1,0,83
Sales & Marketing,7,Masters & above,m,sourcing,1,35,3.0,9,0,0,51
Operations,7,Bachelors,f,sourcing,1,29,4.0,4,1,0,55
Technology,2,Bachelors,f,other,1,28,4.0,3,1,0,78
Technology,26,Bachelors,m,other,1,37,3.0,8,0,0,80
Operations,16,Bachelors,m,sourcing,1,32,1.0,4,0,0,59
Technology,7,Masters & above,m,other,1,40,3.0,7,0,0,77
Sales & Marketing,24,Bachelors,m,other,2,30,1.0,8,1,0,53
Analytics,4,Masters & above,m,other,2,33,5.0,7,0,0,89
Technology,23,Masters & above,f,other,4,34,2.0,9,0,0,78
Technology,7,Bachelors,m,sourcing,1,36,3.0,10,0,0,84
Operations,29,Bachelors,m,other,2,32,3.0,5,1,0,60
Operations,26,Bachelors,f,other,1,42,1.0,4,0,0,61
Sales & Marketing,2,Masters & above,m,sourcing,1,50,4.0,19,0,0,50
Finance,2,Bachelors,f,sourcing,1,40,5.0,3,0,0,63
HR,16,Bachelors,f,other,1,32,5.0,5,0,0,47
Sales & Marketing,27,Bachelors,m,other,1,29,3.0,7,1,0,52
Analytics,15,Bachelors,m,sourcing,1,30,4.0,3,1,0,87
HR,13,Bachelors,f,other,1,26,4.0,2,1,0,53
Technology,21,Bachelors,m,sourcing,1,29,1.0,2,1,0,77
Technology,23,Bachelors,m,sourcing,1,28,4.0,5,1,1,87
Operations,2,Bachelors,f,other,1,37,3.0,10,0,0,59
Sales & Marketing,2,Bachelors,m,referred,1,38,5.0,9,0,0,49
Sales & Marketing,11,Bachelors,m,other,1,36,3.0,7,1,0,49
HR,2,Bachelors,m,other,1,48,2.0,15,0,0,49
Sales & Marketing,2,Masters & above,m,other,1,52,3.0,26,0,0,48
Sales & Marketing,15,Bachelors,m,other,2,29,2.0,2,0,0,51
HR,22,Masters & above,f,sourcing,1,34,3.0,2,0,0,50
Operations,19,Bachelors,m,other,1,36,1.0,2,0,0,59
Sales & Marketing,16,Bachelors,m,sourcing,1,46,2.0,4,0,0,49
HR,2,Bachelors,m,other,1,22,3.0,2,0,0,47
Operations,7,Bachelors,m,sourcing,2,30,5.0,3,1,0,57
Analytics,22,Masters & above,m,sourcing,1,34,2.0,5,0,0,81
Operations,4,Masters & above,m,other,1,52,4.0,2,1,0,53
Operations,19,Masters & above,m,sourcing,1,35,3.0,9,0,0,57
Technology,22,Bachelors,m,other,1,29,4.0,4,1,0,80
Operations,2,Masters & above,m,other,1,33,5.0,3,0,0,61
Sales & Marketing,16,Bachelors,m,other,1,48,1.0,20,0,0,51
Operations,22,Bachelors,m,other,3,36,4.0,8,1,0,61
Technology,26,Bachelors,m,other,1,31,3.0,7,1,0,96
Sales & Marketing,4,Bachelors,m,other,1,32,5.0,8,1,0,52
Sales & Marketing,21,Bachelors,f,sourcing,1,25,4.0,2,1,0,49
Operations,2,Bachelors,m,other,1,35,5.0,7,0,0,62
Sales & Marketing,6,Bachelors,m,other,1,30,2.0,2,0,0,52
Sales & Marketing,23,Masters & above,f,other,1,33,1.0,3,0,0,48
Operations,2,Masters & above,m,other,1,42,4.0,7,0,0,60
Technology,15,Bachelors,f,sourcing,1,35,4.0,6,0,0,79
Sales & Marketing,15,Masters & above,m,other,1,31,3.0,5,0,0,52
Sales & Marketing,6,Bachelors,m,other,1,36,4.0,9,0,0,53
Operations,2,Bachelors,m,sourcing,1,55,4.0,7,1,0,63
Technology,16,Masters & above,f,other,1,37,3.0,7,0,0,80
Procurement,15,Masters & above,m,other,1,34,1.0,5,0,0,71
Analytics,30,Bachelors,m,sourcing,1,31,3.0,4,0,0,85
Analytics,28,Masters & above,m,other,1,41,4.0,2,0,0,84
Sales & Marketing,23,Masters & above,f,sourcing,1,36,5.0,3,0,0,51
Technology,33,Bachelors,f,other,1,30,3.0,8,0,0,78
Analytics,29,Bachelors,m,other,2,26,3.0,3,1,0,81
Sales & Marketing,2,Bachelors,m,other,1,27,1.0,2,1,0,47
R&D,24,Bachelors,m,other,1,27,3.0,4,0,0,82
Procurement,22,Bachelors,m,sourcing,1,36,2.0,2,0,0,77
Sales & Marketing,19,Bachelors,m,other,1,31,3.0,7,1,0,52
HR,2,Bachelors,f,other,1,30,4.0,3,0,0,48
Procurement,15,Masters & above,m,sourcing,1,38,2.0,10,0,0,71
Operations,15,Masters & above,m,other,2,42,3.0,7,0,0,60
Operations,10,Masters & above,f,other,2,37,4.0,9,0,0,61
Procurement,15,Bachelors,f,sourcing,1,34,3.0,6,0,0,64
Operations,2,Masters & above,m,other,1,34,4.0,7,0,0,57
Procurement,2,Masters & above,m,other,1,48,3.0,14,0,0,74
Procurement,31,Bachelors,m,other,1,27,1.0,2,0,0,70
Procurement,11,Masters & above,f,other,1,35,5.0,5,1,0,66
Sales & Marketing,31,Bachelors,m,other,2,28,1.0,3,0,0,47
Operations,16,Bachelors,m,other,1,36,5.0,2,1,0,61
Finance,28,Masters & above,m,sourcing,2,39,1.0,7,0,0,59
Sales & Marketing,15,Masters & above,m,other,1,38,1.0,3,1,0,51
Finance,20,Bachelors,f,sourcing,1,29,4.0,2,1,0,56
Operations,22,Masters & above,m,other,1,50,5.0,3,0,0,62
Procurement,26,Masters & above,m,sourcing,1,37,3.0,9,0,0,71
Operations,4,Bachelors,m,other,1,29,4.0,4,1,0,59
Sales & Marketing,2,Bachelors,m,sourcing,1,50,4.0,19,0,0,49
Technology,15,Bachelors,m,other,1,34,1.0,8,0,1,79
Finance,7,Masters & above,m,other,1,40,4.0,5,0,0,56
Sales & Marketing,19,Bachelors,m,other,2,32,4.0,3,1,0,49
Sales & Marketing,20,Bachelors,m,other,1,28,5.0,3,0,0,47
Legal,22,Bachelors,m,referred,1,31,5.0,4,0,0,55
Technology,11,Masters & above,m,other,1,32,2.0,8,0,0,77
Analytics,25,Bachelors,m,other,1,29,5.0,3,0,0,83
Sales & Marketing,13,Masters & above,m,other,2,43,3.0,12,0,0,53
Operations,2,Bachelors,f,sourcing,1,47,3.0,16,1,0,61
Sales & Marketing,2,Masters & above,f,sourcing,1,50,3.0,3,0,0,41
Sales & Marketing,13,Masters & above,f,sourcing,1,33,2.0,7,0,0,47
Sales & Marketing,4,Bachelors,m,sourcing,1,39,1.0,2,0,0,47
Sales & Marketing,2,Masters & above,m,other,1,39,5.0,9,0,0,50
Technology,22,Bachelors,f,other,1,37,3.0,4,1,0,76
Technology,25,Bachelors,f,sourcing,1,26,4.0,3,0,0,79
Analytics,22,Masters & above,m,other,1,36,3.0,9,0,0,85
Sales & Marketing,20,Bachelors,m,sourcing,3,32,4.0,4,0,0,47
Technology,4,Bachelors,f,sourcing,1,35,2.0,8,0,0,80
Technology,22,Bachelors,m,sourcing,2,27,3.0,2,1,0,79
Sales & Marketing,2,Bachelors,m,referred,1,30,5.0,7,0,0,53
HR,2,Bachelors,m,other,1,26,5.0,2,0,0,51
Technology,2,Bachelors,m,other,1,47,4.0,8,1,0,75
Operations,14,Masters & above,f,sourcing,1,37,3.0,7,0,0,59
Procurement,2,Bachelors,f,other,4,47,4.0,5,0,0,67
Sales & Marketing,11,Bachelors,m,other,1,43,5.0,7,0,0,50
Technology,10,Masters & above,m,sourcing,3,31,3.0,4,0,0,81
Sales & Marketing,5,Bachelors,m,other,2,26,1.0,4,0,0,47
Finance,22,Bachelors,m,other,1,26,5.0,3,1,0,57
Operations,2,Bachelors,f,other,1,54,5.0,4,0,0,73
Technology,13,Masters & above,f,other,1,42,5.0,14,1,0,76
Operations,13,Masters & above,m,sourcing,1,35,5.0,2,1,0,59
Operations,26,Masters & above,f,other,1,49,5.0,7,0,0,56
Operations,23,Masters & above,m,sourcing,1,35,3.0,2,0,0,58
Sales & Marketing,14,Bachelors,m,sourcing,2,36,1.0,4,0,0,50
Procurement,29,Masters & above,f,other,1,37,3.0,3,0,0,65
Technology,24,Masters & above,m,sourcing,1,35,3.0,7,0,0,82
Sales & Marketing,30,Bachelors,m,sourcing,1,29,1.0,5,0,0,52
R&D,25,Masters & above,m,other,1,38,4.0,10,0,0,79
Technology,7,Bachelors,f,other,1,30,4.0,5,0,0,79
Sales & Marketing,30,Bachelors,m,sourcing,1,38,3.0,8,1,0,50
Analytics,2,Masters & above,m,other,1,50,3.0,7,0,0,86
Sales & Marketing,7,Bachelors,m,sourcing,1,29,4.0,5,1,0,47
Analytics,28,Masters & above,m,other,1,39,2.0,4,0,0,83
Finance,2,Masters & above,f,sourcing,2,59,5.0,30,1,0,62
Procurement,2,Bachelors,f,other,1,56,5.0,5,1,0,64
Technology,2,Bachelors,m,other,1,46,3.0,13,0,0,78
Technology,2,Masters & above,m,other,1,58,1.0,5,0,0,77
Operations,26,Bachelors,m,other,1,29,3.0,7,0,0,59
Analytics,2,Masters & above,m,other,1,56,4.0,7,1,0,84
Sales & Marketing,17,Bachelors,m,other,1,28,4.0,4,1,0,51
Sales & Marketing,11,Bachelors,m,other,1,28,4.0,5,1,0,51
Analytics,31,Bachelors,m,other,2,34,5.0,9,1,0,83
Technology,20,Bachelors,m,sourcing,4,28,3.0,6,0,0,79
Technology,27,Bachelors,m,other,2,33,4.0,8,0,0,83
Operations,2,Masters & above,m,sourcing,1,45,5.0,7,0,0,57
Sales & Marketing,2,Bachelors,m,other,1,33,3.0,6,1,0,51
Technology,13,Bachelors,f,sourcing,1,43,5.0,7,1,0,85
Operations,2,Bachelors,m,sourcing,1,33,5.0,8,1,0,61
Sales & Marketing,2,Masters & above,m,sourcing,1,45,3.0,2,0,0,51
Sales & Marketing,4,Masters & above,m,other,1,44,3.0,12,1,0,44
Legal,7,Masters & above,m,sourcing,1,44,4.0,11,1,0,57
Sales & Marketing,22,Masters & above,f,other,1,39,5.0,10,1,0,49
Analytics,22,Bachelors,f,sourcing,2,27,5.0,2,1,0,85
Procurement,17,Masters & above,f,sourcing,1,43,3.0,11,0,0,82
Analytics,2,Bachelors,f,other,1,28,3.0,3,1,0,88
Operations,22,Bachelors,m,sourcing,2,30,3.0,2,1,0,58
Sales & Marketing,9,Bachelors,m,sourcing,2,25,2.0,2,1,0,47
Sales & Marketing,13,Masters & above,m,other,2,32,5.0,7,0,0,52
Operations,22,Masters & above,f,sourcing,1,41,5.0,12,0,0,59
Sales & Marketing,13,Bachelors,f,other,1,26,4.0,5,1,0,51
Sales & Marketing,2,Masters & above,m,sourcing,4,60,2.0,2,0,0,50
Technology,26,Bachelors,f,sourcing,1,27,4.0,3,1,0,77
Technology,2,Masters & above,f,sourcing,1,38,3.0,8,0,0,80
HR,32,Bachelors,m,sourcing,1,31,3.0,4,1,0,48
Technology,22,Bachelors,m,other,1,34,3.0,9,1,0,77
R&D,22,Bachelors,f,sourcing,1,28,5.0,2,1,0,84
HR,22,Masters & above,m,other,1,30,3.0,8,0,0,48
Analytics,22,Bachelors,m,sourcing,1,27,5.0,2,1,0,88
Technology,2,Masters & above,m,sourcing,1,34,4.0,3,1,0,77
HR,2,Masters & above,m,sourcing,1,36,5.0,4,0,0,46
Technology,23,Bachelors,m,sourcing,1,30,5.0,5,1,0,83
Technology,2,Bachelors,m,sourcing,2,34,1.0,4,1,0,77
Analytics,22,Bachelors,m,referred,1,31,3.0,4,0,0,84
Procurement,22,Bachelors,m,other,2,31,3.0,2,0,0,66
HR,22,Bachelors,m,sourcing,1,32,4.0,6,1,0,52
Operations,2,Bachelors,m,other,1,48,1.0,19,0,0,58
Sales & Marketing,1,Bachelors,m,sourcing,1,35,5.0,8,0,0,54
Technology,31,Masters & above,f,sourcing,1,34,3.0,2,0,0,81
Operations,15,Bachelors,m,other,3,35,4.0,3,0,0,59
Analytics,2,Bachelors,m,other,1,30,4.0,9,0,0,83
Sales & Marketing,19,Bachelors,m,other,1,34,2.0,2,0,0,48
Technology,2,Masters & above,f,other,1,60,2.0,5,0,0,82
Operations,20,Bachelors,m,sourcing,2,38,3.0,10,1,0,57
Legal,2,Bachelors,m,other,1,35,3.0,3,0,0,56
Sales & Marketing,16,Bachelors,m,sourcing,1,35,4.0,4,0,0,48
Analytics,23,Masters & above,m,sourcing,3,33,2.0,3,0,0,90
Procurement,2,Bachelors,f,sourcing,3,34,4.0,7,0,0,71
Finance,7,Bachelors,f,other,1,29,5.0,2,1,0,63
Sales & Marketing,25,Masters & above,f,sourcing,1,35,3.0,3,0,0,52
Procurement,26,Bachelors,f,other,1,39,3.0,4,0,0,70
R&D,2,Masters & above,m,other,1,40,3.0,15,0,0,82
Analytics,34,Bachelors,m,sourcing,1,35,3.0,9,0,0,82
HR,34,Bachelors,m,other,1,31,1.0,8,0,0,51
Operations,26,Bachelors,f,other,1,39,5.0,4,1,0,59
Sales & Marketing,2,Bachelors,m,referred,1,37,4.0,6,1,0,52
Operations,11,Bachelors,f,other,1,38,3.0,7,0,0,59
Operations,22,Masters & above,m,sourcing,1,43,3.0,17,0,0,70
Procurement,7,Bachelors,m,sourcing,1,32,3.0,7,0,0,65
Sales & Marketing,17,Bachelors,m,sourcing,2,33,1.0,8,0,0,50
Procurement,16,Bachelors,f,other,2,44,2.0,18,1,0,67
HR,20,Masters & above,m,sourcing,1,41,4.0,10,0,0,52
Operations,13,Bachelors,f,other,1,38,5.0,8,1,0,61
Sales & Marketing,2,Bachelors,m,sourcing,1,54,5.0,6,1,0,48
Technology,28,Bachelors,m,other,1,30,4.0,3,1,0,73
R&D,2,Masters & above,f,other,1,37,5.0,7,1,0,86
HR,22,Below Secondary,m,other,1,25,5.0,2,1,0,52
Technology,27,Bachelors,m,sourcing,1,34,4.0,3,1,0,85
Technology,2,Bachelors,f,other,3,26,3.0,3,0,0,79
Procurement,7,Masters & above,m,other,1,31,4.0,5,1,0,66
Technology,7,Bachelors,m,other,1,32,4.0,4,1,0,81
Sales & Marketing,21,Bachelors,m,other,1,37,3.0,11,0,0,48
Sales & Marketing,2,Bachelors,m,sourcing,2,51,5.0,13,1,0,52
Technology,10,Masters & above,f,other,1,36,5.0,10,1,0,80
Sales & Marketing,2,Masters & above,f,sourcing,1,39,4.0,10,1,0,51
Sales & Marketing,24,Bachelors,m,other,1,28,1.0,1,0,0,47
Sales & Marketing,22,Bachelors,m,other,1,31,4.0,4,0,0,55
Operations,2,Masters & above,f,sourcing,3,52,5.0,2,0,0,71
Sales & Marketing,25,Masters & above,m,sourcing,1,35,4.0,8,0,0,45
Sales & Marketing,28,Masters & above,m,other,1,35,5.0,7,1,0,87
Procurement,17,Bachelors,f,other,1,35,3.0,6,0,0,67
Sales & Marketing,27,Bachelors,m,sourcing,2,37,1.0,10,0,0,47
Sales & Marketing,2,Masters & above,m,sourcing,1,32,3.0,5,0,0,48
Analytics,13,Masters & above,m,other,1,32,5.0,4,1,0,86
Operations,15,Masters & above,m,sourcing,1,49,3.0,17,1,0,64
R&D,26,Bachelors,m,other,1,28,4.0,3,0,0,85
Analytics,32,Bachelors,m,other,1,33,5.0,3,0,0,85
Procurement,2,Bachelors,f,other,1,45,5.0,16,1,0,69
Analytics,29,Bachelors,m,other,2,26,1.0,4,0,0,83
Technology,5,Bachelors,f,other,1,51,5.0,7,0,0,84
Operations,8,Bachelors,f,sourcing,1,28,5.0,4,1,0,57
HR,15,Bachelors,m,other,1,27,2.0,4,1,0,52
Operations,2,Bachelors,m,sourcing,2,29,4.0,2,0,0,60
Sales & Marketing,22,Masters & above,m,other,1,36,3.0,7,1,0,50
Technology,17,Bachelors,m,other,1,28,5.0,5,1,1,89
Analytics,7,Bachelors,m,sourcing,1,30,5.0,2,1,0,83
Operations,27,Bachelors,m,other,1,33,4.0,9,0,0,62
Procurement,23,Masters & above,m,other,1,36,3.0,10,0,0,71
Operations,27,Masters & above,m,sourcing,1,38,1.0,8,0,0,58
Sales & Marketing,2,Masters & above,f,other,1,36,4.0,9,0,0,45
Sales & Marketing,16,Bachelors,m,other,1,47,1.0,7,0,0,49
R&D,30,Bachelors,m,other,1,35,4.0,3,0,0,86
Technology,17,Bachelors,f,other,1,28,4.0,3,0,0,77
Technology,5,Bachelors,m,sourcing,1,30,5.0,2,1,0,75
Operations,31,Bachelors,m,other,1,32,4.0,7,0,0,59
Analytics,22,Bachelors,m,other,2,31,2.0,5,1,0,90
Procurement,16,Bachelors,f,other,1,36,3.0,2,0,0,69
Operations,11,Bachelors,f,other,1,27,5.0,3,1,0,58
Sales & Marketing,31,Bachelors,f,other,2,33,4.0,7,1,0,54
HR,2,Bachelors,f,other,1,41,4.0,15,0,0,49
Technology,16,Bachelors,m,other,1,25,1.0,3,0,0,79
Sales & Marketing,32,Bachelors,m,sourcing,1,37,5.0,2,0,0,51
Sales & Marketing,32,Bachelors,f,other,1,28,4.0,2,0,0,48
Sales & Marketing,7,Bachelors,m,sourcing,1,30,1.0,6,0,0,47
Sales & Marketing,7,Bachelors,m,other,1,43,1.0,10,0,0,46
Sales & Marketing,2,Bachelors,f,other,1,56,3.0,4,0,0,45
Procurement,10,Masters & above,m,sourcing,3,31,1.0,5,0,0,72
Analytics,7,Bachelors,m,other,1,30,4.0,3,0,0,84
Sales & Marketing,28,Bachelors,m,other,1,38,5.0,3,1,0,49
Procurement,2,Bachelors,m,other,1,26,2.0,2,0,0,66
Sales & Marketing,22,Masters & above,f,sourcing,2,37,3.0,3,1,0,49
Procurement,13,Bachelors,m,other,2,29,3.0,6,0,0,70
Analytics,4,Masters & above,m,other,1,36,3.0,7,0,0,87
Sales & Marketing,22,Bachelors,m,other,2,26,5.0,3,1,0,85
HR,11,Bachelors,f,sourcing,1,29,4.0,5,1,0,51
Technology,25,Masters & above,f,other,1,34,3.0,7,0,0,77
Operations,8,Masters & above,m,other,1,30,3.0,6,0,0,60
Technology,5,Bachelors,m,sourcing,1,46,3.0,2,0,0,79
Analytics,2,Bachelors,m,other,1,35,5.0,6,0,0,83
Sales & Marketing,25,Bachelors,m,other,1,29,4.0,2,0,0,51
Operations,13,Bachelors,f,sourcing,1,32,5.0,4,0,0,59
Sales & Marketing,23,Masters & above,m,sourcing,3,32,3.0,2,0,0,49
Sales & Marketing,7,Masters & above,m,other,1,51,5.0,19,0,0,49
Technology,11,Masters & above,m,other,1,36,4.0,9,1,0,78
Operations,22,Bachelors,f,sourcing,1,33,3.0,3,1,0,55
Sales & Marketing,4,Masters & above,m,other,1,48,3.0,6,1,0,45
Technology,5,Bachelors,m,other,1,29,4.0,4,1,0,89
Procurement,2,Bachelors,m,other,2,35,3.0,6,1,0,74
Procurement,7,Bachelors,m,sourcing,3,31,3.0,7,0,0,74
Operations,31,Masters & above,f,other,1,46,3.0,4,1,0,53
HR,2,Bachelors,m,sourcing,1,30,2.0,3,0,0,52
Finance,2,Bachelors,m,other,1,31,4.0,3,0,0,64
Technology,7,Masters & above,m,other,1,45,2.0,18,0,0,80
Analytics,31,Bachelors,m,sourcing,1,28,5.0,3,1,0,83
Technology,13,Masters & above,m,sourcing,1,37,1.0,3,1,0,79
Procurement,11,Masters & above,m,sourcing,1,36,3.0,10,0,0,70
Technology,23,Bachelors,m,other,1,31,5.0,7,1,1,80
Operations,15,Bachelors,m,other,2,31,5.0,4,1,0,55
Operations,15,Bachelors,m,other,1,28,3.0,7,0,0,54
Technology,7,Bachelors,m,other,1,34,4.0,5,0,0,79
Procurement,15,Bachelors,f,other,1,37,4.0,2,1,0,69
Sales & Marketing,7,Bachelors,m,sourcing,1,30,5.0,2,1,0,47
Sales & Marketing,34,Bachelors,m,other,1,25,5.0,2,0,0,43
Sales & Marketing,15,Masters & above,f,other,3,40,1.0,8,0,0,50
Sales & Marketing,22,Bachelors,m,sourcing,1,28,1.0,4,0,0,51
Operations,22,Bachelors,m,sourcing,2,31,3.0,4,0,0,57
Analytics,25,Bachelors,m,other,1,26,4.0,2,0,0,89
Technology,7,Bachelors,m,other,4,33,1.0,7,0,0,76
Sales & Marketing,10,Masters & above,m,other,1,35,5.0,10,0,0,53
Sales & Marketing,21,Bachelors,f,sourcing,1,31,3.0,2,0,0,53
Operations,2,Bachelors,f,sourcing,1,32,3.0,5,0,0,62
Analytics,26,Bachelors,m,other,1,26,4.0,3,0,0,83
Sales & Marketing,7,Masters & above,f,other,1,45,5.0,7,1,0,52
Procurement,10,Masters & above,m,other,1,37,3.0,5,1,0,74
Procurement,24,Bachelors,f,other,1,31,1.0,4,0,0,69
Sales & Marketing,2,Bachelors,f,sourcing,1,50,2.0,3,1,0,47
Procurement,19,Bachelors,m,other,1,32,4.0,3,0,0,71
Operations,19,Bachelors,m,sourcing,1,36,3.0,3,0,0,58
Operations,13,Masters & above,m,sourcing,1,39,3.0,10,1,0,57
Operations,15,Bachelors,f,other,1,33,3.0,4,0,0,65
Procurement,24,Bachelors,m,other,1,34,1.0,7,0,0,70
Sales & Marketing,7,Bachelors,m,sourcing,1,32,2.0,5,0,0,47
Analytics,15,Masters & above,m,other,1,33,3.0,2,0,0,90
Procurement,2,Masters & above,m,sourcing,1,42,2.0,12,0,0,71
Sales & Marketing,23,Masters & above,m,other,1,36,3.0,4,1,0,48
Technology,33,Masters & above,m,other,1,48,1.0,13,0,0,82
Operations,7,Bachelors,m,sourcing,1,31,3.0,3,0,0,59
Technology,27,Bachelors,m,sourcing,1,31,4.0,4,0,0,80
Analytics,9,Masters & above,m,sourcing,1,33,3.0,7,0,0,87
Operations,27,Bachelors,m,other,1,25,4.0,2,0,0,58
Sales & Marketing,6,Bachelors,m,other,1,43,4.0,14,0,0,53
Operations,26,Bachelors,f,other,1,32,4.0,3,0,0,60
Finance,2,Bachelors,m,sourcing,1,32,3.0,3,0,0,63
HR,2,Bachelors,f,referred,1,36,4.0,10,0,0,50
Procurement,7,Bachelors,m,sourcing,1,29,3.0,3,0,0,68
Sales & Marketing,21,Bachelors,m,other,1,34,3.0,3,0,0,51
Operations,7,Bachelors,m,other,2,42,5.0,2,1,0,58
Operations,2,Bachelors,f,sourcing,1,29,5.0,3,1,0,63
Technology,16,Bachelors,f,sourcing,1,36,3.0,7,0,0,78
Operations,15,Bachelors,f,sourcing,1,46,5.0,7,1,0,64
Operations,7,Bachelors,f,other,1,25,3.0,2,0,0,59
HR,2,Masters & above,f,sourcing,1,49,2.0,18,0,0,50
Procurement,8,Bachelors,m,sourcing,1,33,3.0,6,1,0,69
Technology,28,Masters & above,m,other,1,34,3.0,6,1,0,82
Operations,22,Masters & above,m,other,1,35,4.0,4,1,0,62
Technology,5,Bachelors,m,sourcing,1,24,2.0,2,0,0,84
Sales & Marketing,7,Bachelors,f,sourcing,1,43,3.0,13,0,0,49
Sales & Marketing,2,Bachelors,m,other,1,29,4.0,6,1,0,50
Sales & Marketing,7,Bachelors,m,sourcing,1,43,5.0,15,0,0,58
Operations,15,Bachelors,f,other,2,41,5.0,8,1,0,60
Sales & Marketing,2,Bachelors,f,sourcing,1,34,3.0,7,0,0,49
R&D,22,Masters & above,m,other,1,30,2.0,6,0,0,86
Sales & Marketing,13,Bachelors,m,other,1,52,3.0,2,1,0,49
Operations,12,Masters & above,f,sourcing,1,34,4.0,6,0,0,59
Technology,2,Masters & above,m,other,1,57,1.0,13,0,0,80
Analytics,15,Bachelors,m,sourcing,1,27,3.0,4,0,0,85
R&D,2,Bachelors,m,other,1,38,1.0,5,1,0,87
Operations,15,Bachelors,m,sourcing,1,27,3.0,2,0,0,57
Technology,27,Bachelors,m,other,1,29,1.0,2,0,0,82
Technology,7,Bachelors,m,sourcing,1,32,1.0,4,0,0,81
Sales & Marketing,22,Masters & above,m,sourcing,1,27,3.0,4,0,0,47
Sales & Marketing,29,Bachelors,m,other,1,31,1.0,6,0,0,50
Analytics,24,Bachelors,m,sourcing,2,33,3.0,7,1,0,85
Sales & Marketing,22,Bachelors,f,other,1,27,4.0,3,1,0,58
Operations,22,Bachelors,m,sourcing,1,59,4.0,7,0,0,56
Operations,15,Bachelors,m,referred,1,34,4.0,7,0,0,59
Technology,11,Masters & above,m,other,1,43,3.0,12,0,0,80
Finance,22,Bachelors,f,sourcing,2,28,2.0,4,0,0,62
Legal,22,Bachelors,m,sourcing,1,39,1.0,7,0,0,58
Sales & Marketing,4,Masters & above,m,sourcing,1,39,3.0,5,1,0,52
Sales & Marketing,15,Bachelors,m,sourcing,4,30,1.0,2,1,0,52
Sales & Marketing,13,Bachelors,m,other,1,34,5.0,8,0,0,60
Operations,22,Bachelors,m,other,1,25,5.0,3,1,0,61
Procurement,15,Bachelors,f,sourcing,1,29,5.0,7,1,0,73
Procurement,2,Masters & above,f,other,1,39,3.0,10,0,0,70
Finance,2,Masters & above,m,other,1,49,3.0,11,1,0,61
Sales & Marketing,2,Bachelors,m,sourcing,1,31,2.0,4,0,0,46
Procurement,34,Bachelors,m,other,2,30,3.0,4,1,0,69
Analytics,15,Bachelors,m,other,1,43,3.0,16,0,0,86
Analytics,31,Bachelors,m,other,1,30,3.0,4,0,0,83
Operations,11,Bachelors,f,sourcing,2,32,3.0,4,0,0,59
Operations,31,Bachelors,f,other,1,35,4.0,4,1,0,58
Procurement,13,Masters & above,m,other,2,31,3.0,2,0,0,73
Finance,2,Bachelors,m,sourcing,1,32,1.0,4,1,0,59
HR,22,Bachelors,m,referred,1,28,5.0,2,1,0,49
Operations,22,Bachelors,m,sourcing,1,51,4.0,5,0,0,59
Finance,15,Bachelors,m,other,1,36,4.0,7,0,0,59
Sales & Marketing,2,Bachelors,m,sourcing,1,43,5.0,4,0,0,52
Sales & Marketing,11,Bachelors,m,other,1,30,3.0,5,1,0,47
Sales & Marketing,16,Masters & above,m,other,2,48,2.0,9,0,0,47
Finance,22,Masters & above,m,other,1,33,3.0,3,0,0,57
Analytics,14,Bachelors,m,other,1,30,4.0,9,1,0,87
Sales & Marketing,13,Bachelors,m,sourcing,1,36,3.0,10,0,0,44
Sales & Marketing,26,Bachelors,m,sourcing,1,36,2.0,4,1,0,47
Sales & Marketing,9,Bachelors,m,sourcing,1,32,1.0,3,0,0,48
Analytics,15,Masters & above,m,other,1,39,5.0,4,1,0,84
Procurement,7,Bachelors,f,sourcing,1,31,3.0,7,1,0,69
Operations,15,Bachelors,m,other,1,37,5.0,10,1,0,57
Operations,15,Bachelors,f,sourcing,1,38,5.0,2,1,1,64
Technology,32,Bachelors,m,other,1,30,3.0,3,0,0,79
Operations,22,Masters & above,m,other,1,60,4.0,3,1,0,60
Finance,2,Bachelors,m,other,1,40,3.0,7,0,0,59
Procurement,2,Masters & above,m,other,2,38,3.0,14,0,0,70
Sales & Marketing,22,Bachelors,m,referred,1,29,5.0,10,1,0,52
Finance,14,Bachelors,m,other,1,27,3.0,2,0,0,63
Analytics,7,Bachelors,m,other,1,29,4.0,6,1,0,87
Sales & Marketing,11,Bachelors,f,other,1,37,4.0,8,0,0,50
Sales & Marketing,2,Bachelors,f,other,1,31,3.0,4,0,0,43
Sales & Marketing,2,Bachelors,f,sourcing,2,36,1.0,10,0,0,48
Procurement,2,Masters & above,f,sourcing,1,43,4.0,12,1,0,65
Sales & Marketing,28,Masters & above,m,other,3,35,4.0,10,0,0,50
Procurement,14,Masters & above,f,sourcing,1,36,5.0,4,1,0,74
R&D,15,Masters & above,m,sourcing,1,28,3.0,4,0,0,80
Sales & Marketing,12,Bachelors,m,other,1,28,3.0,1,1,0,46
Sales & Marketing,25,Bachelors,m,sourcing,1,36,1.0,11,0,0,47
HR,31,Bachelors,f,sourcing,1,30,3.0,5,0,0,49
HR,27,Bachelors,m,sourcing,1,30,4.0,7,0,0,47
Procurement,2,Bachelors,m,other,3,30,5.0,3,1,0,69
Sales & Marketing,7,Bachelors,m,sourcing,1,36,3.0,8,1,0,95
Operations,29,Bachelors,f,other,1,35,5.0,7,1,0,61
Sales & Marketing,16,Bachelors,m,other,1,49,3.0,18,1,0,50
Operations,22,Bachelors,m,sourcing,1,34,3.0,9,0,0,59
Operations,21,Masters & above,f,other,1,35,5.0,5,1,0,61
Operations,16,Bachelors,f,other,2,36,3.0,3,1,0,58
Technology,22,Bachelors,f,other,1,26,1.0,3,0,0,83
Operations,31,Masters & above,m,other,1,33,1.0,7,0,0,64
Sales & Marketing,7,Bachelors,m,other,1,44,4.0,6,0,0,50
Procurement,13,Bachelors,f,other,1,35,3.0,7,0,0,69
Analytics,15,Bachelors,m,other,2,34,5.0,6,0,0,84
Sales & Marketing,13,Bachelors,m,other,1,32,4.0,6,0,0,49
Sales & Marketing,17,Bachelors,f,other,1,28,3.0,6,1,0,50
HR,7,Bachelors,m,sourcing,1,36,1.0,4,1,1,51
HR,32,Bachelors,f,sourcing,1,30,3.0,3,0,0,52
Sales & Marketing,2,Bachelors,f,sourcing,2,33,5.0,5,0,0,48
Sales & Marketing,25,Bachelors,m,sourcing,1,29,5.0,7,1,0,53
Operations,13,Masters & above,m,other,1,33,5.0,6,1,0,56
Sales & Marketing,6,Bachelors,m,other,2,30,3.0,4,0,0,48
HR,24,Bachelors,f,other,1,28,1.0,2,0,0,53
Finance,2,Bachelors,m,other,1,26,4.0,4,1,0,61
Technology,7,Bachelors,f,other,1,49,3.0,5,0,0,78
Finance,28,Bachelors,f,other,1,28,5.0,3,1,0,61
Sales & Marketing,10,Masters & above,m,other,1,35,3.0,2,0,0,54
Sales & Marketing,30,Bachelors,m,sourcing,1,36,1.0,9,0,0,48
Analytics,3,Bachelors,m,sourcing,1,28,1.0,4,0,0,79
Procurement,2,Masters & above,f,other,3,57,3.0,21,0,0,68
Finance,32,Bachelors,m,other,1,30,4.0,8,1,0,62
R&D,2,Masters & above,m,other,1,29,5.0,4,0,0,83
Operations,11,Bachelors,m,sourcing,1,27,5.0,3,0,0,61
Operations,22,Bachelors,f,sourcing,3,27,3.0,5,0,0,58
Analytics,22,Bachelors,m,other,1,25,1.0,2,0,0,85
Operations,27,Masters & above,f,other,2,41,5.0,11,0,0,59
Analytics,22,Bachelors,m,other,1,31,5.0,2,1,0,89
Sales & Marketing,2,Masters & above,m,other,1,50,2.0,7,0,0,47
Operations,15,Bachelors,f,other,1,45,3.0,16,0,0,63
Technology,2,Bachelors,m,other,2,26,1.0,2,0,0,79
Procurement,13,Bachelors,m,sourcing,3,28,3.0,4,0,0,64
Finance,22,Masters & above,m,other,2,30,5.0,7,1,0,57
Finance,32,Bachelors,m,other,1,40,5.0,4,1,0,62
Sales & Marketing,6,Bachelors,f,other,1,49,1.0,19,0,0,47
Sales & Marketing,13,Bachelors,m,other,2,41,3.0,3,0,0,46
Operations,19,Masters & above,m,sourcing,1,38,3.0,4,1,1,56
Procurement,26,Bachelors,m,sourcing,1,33,3.0,3,0,0,70
Procurement,17,Masters & above,m,other,1,52,3.0,13,0,0,65
Sales & Marketing,19,Bachelors,m,sourcing,1,31,2.0,6,0,0,47
Procurement,31,Bachelors,m,sourcing,1,30,2.0,2,0,0,69
Technology,33,Bachelors,m,other,1,34,1.0,7,0,0,77
Analytics,3,Masters & above,m,sourcing,1,34,4.0,2,0,0,83
Finance,2,Masters & above,f,other,1,50,4.0,6,1,0,60
Sales & Marketing,30,Bachelors,f,sourcing,1,41,1.0,12,0,0,53
Operations,2,Masters & above,f,sourcing,1,44,1.0,18,0,0,63
Sales & Marketing,14,Masters & above,m,sourcing,2,33,1.0,6,0,0,51
Operations,4,Bachelors,m,other,1,39,3.0,3,0,0,75
R&D,20,Bachelors,m,other,1,29,5.0,4,1,0,87
Analytics,7,Bachelors,m,other,2,28,4.0,6,1,0,86
Operations,22,Bachelors,m,other,1,30,5.0,5,0,0,67
Sales & Marketing,21,Masters & above,m,sourcing,2,41,1.0,4,0,0,51
Technology,25,Masters & above,m,other,1,32,5.0,3,1,0,80
Legal,13,Masters & above,m,sourcing,1,38,4.0,7,0,0,64
Analytics,22,Bachelors,f,other,1,28,3.0,3,0,0,90
Sales & Marketing,22,Bachelors,m,other,1,31,4.0,7,1,0,49
Sales & Marketing,25,Masters & above,f,other,1,33,1.0,8,0,0,50
Operations,22,Bachelors,f,other,1,34,5.0,7,0,0,63
Technology,2,Bachelors,m,sourcing,1,38,4.0,6,1,0,78
Sales & Marketing,2,Bachelors,m,other,1,25,5.0,3,1,1,47
Operations,22,Masters & above,f,sourcing,1,36,3.0,10,0,0,64
Operations,22,Masters & above,m,sourcing,2,47,3.0,6,0,0,57
Sales & Marketing,34,Bachelors,m,other,1,32,2.0,4,0,0,51
Procurement,2,Bachelors,m,sourcing,1,49,2.0,16,0,0,70
Procurement,2,Bachelors,m,other,1,38,3.0,14,0,0,72
Operations,2,Bachelors,m,sourcing,1,38,3.0,4,1,0,64
Operations,2,Bachelors,f,other,1,40,3.0,3,0,0,61
Sales & Marketing,20,Masters & above,m,sourcing,1,36,3.0,7,0,0,48
Operations,11,Masters & above,m,sourcing,1,36,5.0,2,0,0,60
Technology,11,Masters & above,m,other,1,33,3.0,4,0,0,80
Technology,22,Bachelors,f,sourcing,1,32,5.0,3,1,0,80
Procurement,15,Bachelors,f,sourcing,2,30,3.0,6,0,0,64
Operations,4,Bachelors,m,other,1,29,3.0,3,0,0,97
Procurement,10,Masters & above,f,other,1,34,5.0,9,1,0,71
Procurement,13,Bachelors,m,other,2,45,3.0,6,1,0,72
Technology,7,Below Secondary,m,other,2,25,5.0,3,0,0,80
Sales & Marketing,4,Masters & above,m,other,1,41,4.0,9,0,1,55
Technology,2,Bachelors,m,referred,1,32,3.0,6,0,0,83
Technology,13,Masters & above,m,sourcing,1,31,3.0,6,1,0,78
Procurement,13,Bachelors,f,sourcing,1,40,3.0,13,0,0,67
Operations,2,Masters & above,f,sourcing,1,38,5.0,4,1,0,58
Sales & Marketing,29,Bachelors,m,sourcing,2,26,1.0,2,0,0,40
Technology,26,Bachelors,m,other,1,55,5.0,13,0,0,91
Operations,26,Bachelors,f,other,1,30,5.0,7,0,0,57
Technology,26,Masters & above,m,sourcing,1,46,1.0,20,0,0,83
Finance,7,Bachelors,f,other,1,30,5.0,4,1,0,57
Procurement,29,Bachelors,m,other,1,33,3.0,7,1,0,66
HR,2,Bachelors,m,referred,1,39,3.0,3,0,0,50
Operations,15,Masters & above,m,sourcing,2,36,3.0,9,1,0,67
Operations,15,Bachelors,m,sourcing,1,34,4.0,7,0,0,60
Legal,27,Bachelors,m,sourcing,1,28,5.0,3,1,0,58
Technology,24,Bachelors,m,sourcing,1,31,3.0,6,0,0,84
Sales & Marketing,23,Masters & above,m,other,1,40,3.0,9,0,0,47
Operations,2,Masters & above,m,sourcing,1,43,1.0,4,0,0,62
Sales & Marketing,7,Bachelors,m,other,1,30,4.0,5,1,0,53
Sales & Marketing,31,Masters & above,m,other,1,34,2.0,3,0,0,48
Sales & Marketing,22,Bachelors,m,other,4,25,1.0,3,0,0,47
Sales & Marketing,20,Masters & above,m,other,1,35,1.0,9,0,0,48
Procurement,22,Bachelors,m,other,1,40,3.0,3,0,0,68
Analytics,3,Bachelors,m,sourcing,1,32,5.0,5,1,1,85
Finance,4,Masters & above,f,other,1,34,5.0,7,1,0,88
Operations,7,Masters & above,m,other,1,36,5.0,7,1,0,63
Finance,22,Bachelors,m,other,2,26,3.0,4,0,0,58
Sales & Marketing,7,Masters & above,f,sourcing,1,34,3.0,3,0,0,50
Sales & Marketing,31,Masters & above,f,other,1,43,2.0,13,0,0,46
Analytics,21,Bachelors,f,sourcing,1,30,2.0,4,0,0,85
Operations,2,Bachelors,m,other,1,42,3.0,6,1,0,64
Operations,15,Masters & above,f,other,1,38,5.0,4,1,0,58
Sales & Marketing,4,Bachelors,m,sourcing,2,30,3.0,2,0,0,50
Technology,10,Masters & above,m,other,1,42,3.0,16,0,0,79
Procurement,2,Masters & above,f,other,1,53,3.0,13,0,0,66
Operations,29,Bachelors,f,other,1,32,4.0,6,0,0,62
Operations,22,Bachelors,f,sourcing,1,29,4.0,2,0,0,60
Sales & Marketing,13,Bachelors,f,sourcing,1,29,1.0,3,0,0,45
Operations,24,Bachelors,m,other,1,29,3.0,6,0,0,57
Sales & Marketing,4,Masters & above,m,other,1,40,3.0,7,1,0,50
Operations,22,Bachelors,m,sourcing,2,45,4.0,19,1,0,57
Analytics,4,Masters & above,m,sourcing,1,37,3.0,7,1,0,89
Sales & Marketing,23,Bachelors,m,sourcing,1,32,3.0,10,1,0,44
Procurement,2,Bachelors,f,sourcing,1,38,5.0,9,1,0,71
HR,22,Bachelors,m,sourcing,1,32,5.0,7,1,0,48
Sales & Marketing,27,Bachelors,m,other,1,34,3.0,7,0,0,48
Analytics,8,Bachelors,m,other,1,28,5.0,3,1,0,84
Operations,32,Bachelors,m,sourcing,1,36,5.0,8,0,0,62
Analytics,2,Masters & above,m,other,1,32,3.0,4,1,0,88
Finance,2,Bachelors,f,other,2,32,4.0,9,1,0,58
Operations,15,Bachelors,f,other,1,30,4.0,3,1,0,59
Sales & Marketing,22,Bachelors,m,other,1,30,5.0,3,0,0,45
Operations,23,Masters & above,f,other,1,33,4.0,5,0,0,57
Operations,22,Bachelors,m,other,1,37,5.0,10,1,0,62
Sales & Marketing,6,Bachelors,f,other,2,28,1.0,1,0,0,51
Analytics,32,Bachelors,m,other,1,31,3.0,9,0,0,83
Sales & Marketing,12,Bachelors,m,sourcing,1,37,1.0,6,1,0,49
Sales & Marketing,17,Masters & above,m,other,1,40,5.0,10,0,0,49
Procurement,2,Bachelors,m,other,1,43,3.0,12,1,0,71
Procurement,2,Masters & above,m,other,1,47,5.0,2,0,0,71
Legal,16,Bachelors,m,other,1,32,5.0,2,1,0,56
Sales & Marketing,7,Masters & above,m,referred,1,36,5.0,8,0,0,62
Sales & Marketing,7,Masters & above,m,other,1,50,3.0,19,0,0,45
Technology,2,Bachelors,m,other,1,32,4.0,3,1,0,80
Procurement,2,Bachelors,m,sourcing,1,39,4.0,9,1,0,70
Sales & Marketing,4,Bachelors,m,other,1,46,5.0,13,0,0,54
Operations,28,Bachelors,m,other,1,35,4.0,7,0,0,61
Sales & Marketing,16,Bachelors,m,sourcing,1,25,3.0,3,0,0,48
Finance,2,Bachelors,f,other,1,36,1.0,9,0,0,59
Sales & Marketing,22,Masters & above,m,other,1,41,1.0,5,0,0,52
HR,25,Masters & above,f,other,1,33,4.0,5,0,0,50
Sales & Marketing,32,Bachelors,m,other,1,30,3.0,3,0,0,52
Sales & Marketing,7,Bachelors,m,sourcing,1,34,2.0,9,0,0,45
Operations,21,Masters & above,f,other,1,40,3.0,7,1,0,57
Sales & Marketing,31,Bachelors,m,other,1,33,1.0,6,0,0,50
Sales & Marketing,29,Bachelors,m,other,1,27,3.0,4,0,0,46
Operations,22,Bachelors,m,sourcing,1,25,2.0,2,0,0,61
Analytics,7,Bachelors,m,sourcing,1,40,3.0,7,0,0,81
Sales & Marketing,2,Masters & above,f,other,1,50,5.0,10,0,0,51
Operations,7,Bachelors,f,other,1,32,3.0,3,1,0,56
Operations,6,Bachelors,f,other,1,33,5.0,8,1,0,58
Sales & Marketing,17,Bachelors,m,other,1,38,1.0,5,1,0,47
R&D,22,Bachelors,m,other,2,36,3.0,2,0,0,87
HR,7,Masters & above,m,other,1,37,3.0,7,1,0,52
HR,2,Masters & above,m,sourcing,1,44,3.0,15,0,0,50
Procurement,2,Bachelors,m,other,1,35,4.0,5,0,0,73
Technology,26,Masters & above,m,other,1,40,5.0,4,1,0,78
Sales & Marketing,16,Bachelors,m,other,1,32,2.0,6,0,0,49
Sales & Marketing,7,Masters & above,f,other,1,38,5.0,4,1,0,44
Operations,2,Below Secondary,m,other,1,21,5.0,2,0,0,61
Procurement,17,Bachelors,f,other,1,32,3.0,5,0,0,72
Analytics,2,Masters & above,m,sourcing,2,37,3.0,4,0,0,81
Operations,2,Bachelors,m,sourcing,1,53,5.0,29,1,0,56
Operations,8,Bachelors,m,sourcing,1,33,5.0,3,1,0,55
Procurement,7,Bachelors,f,other,1,29,3.0,5,0,0,72
Procurement,7,Bachelors,f,other,1,41,3.0,4,0,0,70
R&D,26,Bachelors,m,sourcing,1,29,4.0,4,0,0,87
Procurement,2,Below Secondary,f,other,1,25,3.0,4,1,0,69
Operations,2,Bachelors,m,sourcing,1,55,4.0,7,1,0,60
Technology,2,Bachelors,f,other,1,42,3.0,7,1,0,80
Sales & Marketing,7,Bachelors,m,other,2,33,3.0,3,0,0,50
Sales & Marketing,16,Bachelors,m,other,1,41,1.0,4,0,0,48
Procurement,14,Bachelors,m,other,1,30,5.0,5,1,0,69
Sales & Marketing,28,Masters & above,m,other,1,39,4.0,5,1,0,43
Analytics,2,Bachelors,m,other,2,30,5.0,5,1,0,85
Procurement,13,Bachelors,m,other,4,27,3.0,4,0,0,70
Procurement,2,Bachelors,f,sourcing,3,32,4.0,5,1,0,72
Operations,19,Bachelors,m,sourcing,1,46,3.0,3,1,0,61
Operations,10,Masters & above,m,other,2,40,4.0,5,0,0,60
Operations,2,Masters & above,m,sourcing,1,34,5.0,9,0,0,58
Sales & Marketing,7,Masters & above,m,other,1,58,4.0,15,0,0,43
Finance,31,Bachelors,m,sourcing,2,31,5.0,7,1,0,58
Analytics,22,Bachelors,m,sourcing,1,30,5.0,2,1,0,85
Procurement,31,Bachelors,f,sourcing,1,32,5.0,3,0,0,83
Procurement,27,Bachelors,f,other,3,35,5.0,11,1,0,73
Procurement,2,Masters & above,m,other,1,36,3.0,7,1,0,69
Analytics,32,Bachelors,m,sourcing,1,32,1.0,6,0,0,87
Operations,7,Bachelors,m,sourcing,1,29,3.0,4,1,0,58
Sales & Marketing,13,Bachelors,f,sourcing,3,32,3.0,3,0,0,50
Analytics,13,Bachelors,m,other,1,32,4.0,7,1,1,86
Operations,15,Bachelors,m,other,1,40,5.0,3,1,0,58
Analytics,34,Bachelors,m,other,1,28,4.0,5,0,0,84
Analytics,14,Masters & above,m,other,1,38,3.0,6,0,0,87
Technology,22,Masters & above,f,other,1,35,5.0,9,1,0,78
Technology,5,Bachelors,f,other,1,28,4.0,4,0,0,77
Analytics,32,Bachelors,m,sourcing,1,26,1.0,4,0,0,85
Procurement,13,Masters & above,f,other,1,33,3.0,5,1,0,98
Operations,30,Bachelors,m,other,1,28,4.0,3,0,0,57
Procurement,11,Bachelors,m,other,1,32,4.0,3,0,0,70
Procurement,13,Bachelors,m,other,1,27,3.0,3,0,0,70
Analytics,26,Masters & above,m,sourcing,1,40,3.0,11,1,0,80
Operations,15,Masters & above,m,other,1,38,5.0,5,0,0,57
Sales & Marketing,32,Bachelors,f,sourcing,1,27,2.0,5,0,0,54
Analytics,22,Masters & above,m,other,2,53,3.0,18,0,0,87
Technology,2,Bachelors,m,referred,1,29,4.0,5,0,0,81
Finance,22,Masters & above,m,sourcing,2,30,1.0,6,1,0,59
Operations,22,Bachelors,f,other,1,38,5.0,9,1,0,61
Operations,15,Bachelors,m,sourcing,1,40,5.0,8,0,0,64
Finance,26,Bachelors,f,sourcing,1,32,5.0,4,1,0,63
Technology,13,Masters & above,m,other,1,59,4.0,5,0,0,83
Legal,2,Bachelors,m,sourcing,1,33,1.0,5,1,0,61
Procurement,5,Bachelors,m,other,1,33,3.0,2,0,0,66
Operations,31,Bachelors,m,other,1,33,3.0,7,0,0,58
Analytics,7,Bachelors,m,other,1,32,5.0,5,0,0,84
Analytics,15,Bachelors,m,other,1,33,3.0,7,0,0,87
Sales & Marketing,31,Masters & above,m,other,1,40,5.0,7,1,0,46
Procurement,15,Masters & above,m,other,1,43,4.0,3,0,0,73
Technology,23,Bachelors,f,other,1,33,2.0,5,0,0,80
Sales & Marketing,28,Masters & above,m,other,1,45,3.0,5,1,0,51
HR,2,Below Secondary,f,other,1,24,2.0,2,0,0,50
Sales & Marketing,10,Masters & above,m,other,1,34,1.0,8,0,0,52
Sales & Marketing,2,Bachelors,f,other,1,36,1.0,8,0,0,48
Procurement,17,Bachelors,f,other,1,53,3.0,3,0,1,78
Sales & Marketing,22,Bachelors,m,sourcing,2,26,3.0,4,0,0,49
Technology,2,Bachelors,m,other,1,32,1.0,2,0,0,82
Sales & Marketing,13,Bachelors,m,sourcing,1,32,1.0,5,0,0,47
Technology,16,Bachelors,m,other,1,34,4.0,4,1,0,82
Sales & Marketing,4,Bachelors,m,sourcing,1,30,3.0,5,1,0,53
Procurement,19,Bachelors,m,other,1,33,3.0,7,0,0,73
Technology,2,Masters & above,m,sourcing,3,38,3.0,8,0,0,77
Technology,13,Bachelors,m,other,1,29,3.0,5,0,0,82
Sales & Marketing,31,Bachelors,m,other,1,49,4.0,2,0,0,48
Sales & Marketing,22,Bachelors,m,sourcing,3,28,4.0,4,0,0,49
HR,2,Bachelors,f,other,1,43,5.0,7,0,0,60
Procurement,2,Masters & above,f,other,1,37,1.0,5,0,0,70
Operations,2,Masters & above,m,sourcing,2,48,3.0,18,0,0,63
Operations,10,Masters & above,m,sourcing,1,37,3.0,5,0,0,68
Sales & Marketing,23,Bachelors,m,other,1,28,3.0,4,0,0,50
Sales & Marketing,7,Bachelors,m,sourcing,4,28,3.0,2,0,0,50
Sales & Marketing,21,Bachelors,m,other,1,30,3.0,4,0,0,47
Sales & Marketing,2,Bachelors,m,other,2,32,1.0,3,0,0,49
Operations,15,Bachelors,m,sourcing,1,47,2.0,20,0,0,63
Finance,7,Masters & above,m,sourcing,2,38,5.0,5,1,0,56
Finance,2,Below Secondary,m,other,2,24,5.0,1,1,0,59
Finance,28,Masters & above,m,sourcing,3,34,5.0,8,1,0,65
Analytics,7,Bachelors,m,sourcing,3,35,3.0,3,0,0,86
Sales & Marketing,10,Masters & above,m,sourcing,1,37,3.0,4,0,0,48
Sales & Marketing,15,Bachelors,m,sourcing,1,35,4.0,10,0,0,56
Analytics,4,Masters & above,m,sourcing,1,35,3.0,2,1,0,91
Technology,2,Bachelors,f,other,1,58,3.0,10,0,0,82
Technology,2,Masters & above,f,other,1,41,4.0,5,1,0,86
Operations,2,Masters & above,f,other,1,35,5.0,2,1,0,62
Sales & Marketing,22,Bachelors,m,sourcing,1,40,2.0,5,0,0,50
Sales & Marketing,4,Bachelors,m,other,1,28,5.0,2,1,0,50
Operations,16,Bachelors,m,sourcing,2,33,5.0,7,1,1,58
Sales & Marketing,28,Bachelors,m,other,1,29,5.0,3,1,0,51
Sales & Marketing,4,Bachelors,m,sourcing,1,40,1.0,9,0,0,54
Analytics,22,Bachelors,m,other,2,31,5.0,6,1,0,85
Sales & Marketing,13,Bachelors,m,other,1,31,5.0,7,0,0,45
Sales & Marketing,2,Bachelors,m,other,1,41,3.0,7,0,0,47
Technology,22,Masters & above,m,sourcing,1,44,3.0,7,0,0,80
Procurement,2,Bachelors,m,sourcing,2,43,3.0,13,0,0,71
Operations,22,Masters & above,m,sourcing,1,37,5.0,4,0,0,61
Sales & Marketing,15,Bachelors,m,other,3,27,4.0,5,0,0,46
Sales & Marketing,2,Bachelors,f,sourcing,1,49,1.0,8,0,0,51
Operations,11,Bachelors,f,sourcing,1,29,4.0,4,0,0,59
Technology,17,Masters & above,f,sourcing,1,41,3.0,3,1,0,78
Sales & Marketing,2,Bachelors,m,other,1,55,1.0,6,0,0,45
HR,22,Masters & above,m,sourcing,2,36,4.0,6,0,0,54
Operations,15,Bachelors,m,other,1,35,3.0,7,0,0,62
Technology,7,Bachelors,m,other,1,41,4.0,6,0,0,79
Sales & Marketing,8,Masters & above,m,sourcing,1,30,1.0,5,0,0,48
Operations,22,Bachelors,m,sourcing,1,29,3.0,3,0,0,57
Sales & Marketing,2,Bachelors,f,sourcing,1,44,1.0,17,0,0,50
HR,2,Bachelors,f,sourcing,1,51,5.0,10,0,0,53
Legal,22,Below Secondary,m,other,1,28,5.0,2,1,0,58
Technology,10,Bachelors,m,sourcing,2,30,3.0,3,0,0,79
Operations,2,Bachelors,f,sourcing,1,28,4.0,4,0,0,62
Finance,22,Masters & above,m,other,1,36,4.0,5,0,0,62
HR,2,Masters & above,m,sourcing,1,56,1.0,18,0,0,51
Finance,28,Masters & above,m,other,1,34,5.0,8,1,0,58
Legal,27,Below Secondary,m,sourcing,1,26,3.0,1,1,0,57
Sales & Marketing,11,Bachelors,m,sourcing,2,33,1.0,7,1,0,53
Sales & Marketing,4,Bachelors,f,other,2,27,5.0,3,1,0,48
HR,22,Masters & above,f,sourcing,1,32,4.0,7,1,0,53
Technology,24,Bachelors,m,sourcing,1,29,3.0,3,0,0,78
Operations,25,Bachelors,m,sourcing,1,32,5.0,4,0,0,95
Sales & Marketing,25,Bachelors,m,other,1,30,5.0,5,1,1,53
Technology,2,Masters & above,m,sourcing,1,35,4.0,8,0,0,80
Technology,26,Bachelors,m,referred,1,27,3.0,1,0,0,80
Operations,11,Bachelors,f,sourcing,1,30,3.0,3,0,0,59
Operations,22,Bachelors,f,sourcing,1,31,5.0,5,1,0,62
Operations,7,Masters & above,f,other,1,34,1.0,4,0,0,65
Operations,14,Bachelors,f,sourcing,1,33,3.0,9,0,0,59
Procurement,1,Bachelors,f,sourcing,1,27,2.0,3,0,0,70
Procurement,2,Bachelors,m,other,1,39,5.0,4,1,0,77
Operations,11,Masters & above,f,other,1,42,5.0,16,1,0,60
Operations,13,Bachelors,m,sourcing,1,43,4.0,12,0,0,57
Operations,7,Masters & above,m,other,1,44,4.0,7,0,0,55
Operations,26,Masters & above,m,other,1,49,5.0,4,0,0,62
Technology,22,Bachelors,m,sourcing,2,35,1.0,8,0,0,78
Sales & Marketing,27,Bachelors,m,sourcing,1,37,4.0,10,0,0,45
Procurement,31,Bachelors,f,sourcing,1,26,1.0,2,0,0,70
Technology,28,Masters & above,m,sourcing,1,31,3.0,7,0,0,80
Sales & Marketing,32,Bachelors,m,other,1,33,5.0,7,1,0,53
Sales & Marketing,25,Bachelors,m,other,1,31,3.0,6,1,0,49
Operations,22,Masters & above,m,other,1,54,4.0,16,1,0,61
Operations,16,Bachelors,m,sourcing,2,31,5.0,4,1,0,60
Technology,29,Bachelors,f,other,1,27,2.0,4,0,0,79
Finance,20,Bachelors,m,sourcing,2,28,3.0,3,0,0,54
Procurement,31,Bachelors,f,other,1,31,1.0,6,0,0,73
Analytics,2,Masters & above,m,other,1,42,3.0,10,0,0,88
Technology,2,Masters & above,f,other,1,35,4.0,8,0,0,78
Sales & Marketing,7,Masters & above,m,other,2,32,1.0,9,0,0,43
HR,2,Masters & above,m,sourcing,1,41,3.0,8,0,0,51
Sales & Marketing,29,Masters & above,m,sourcing,1,37,3.0,3,1,0,53
HR,22,Bachelors,f,sourcing,1,29,3.0,5,1,0,50
Technology,26,Bachelors,m,sourcing,2,39,3.0,9,0,0,78
Operations,19,Bachelors,m,sourcing,1,35,3.0,4,1,0,53
Operations,11,Masters & above,m,sourcing,2,44,5.0,6,1,0,64
Finance,32,Bachelors,m,sourcing,1,34,1.0,4,0,0,57
HR,31,Bachelors,f,sourcing,1,25,5.0,3,1,0,47
Sales & Marketing,25,Bachelors,m,sourcing,1,28,4.0,5,0,0,50
Sales & Marketing,13,Masters & above,m,other,2,39,5.0,3,1,0,45
Procurement,31,Bachelors,m,other,1,32,2.0,7,0,0,67
Operations,23,Bachelors,m,other,1,31,3.0,3,0,0,61
Sales & Marketing,15,Bachelors,f,other,1,26,4.0,3,0,0,48
Sales & Marketing,19,Bachelors,m,other,1,32,5.0,4,0,0,46
Sales & Marketing,2,Masters & above,m,other,2,32,1.0,2,0,0,48
Operations,22,Masters & above,f,other,1,51,5.0,6,0,0,56
Procurement,2,Masters & above,m,other,2,56,4.0,15,1,0,71
Procurement,7,Bachelors,m,sourcing,2,57,3.0,15,0,0,68
Sales & Marketing,16,Bachelors,m,other,1,38,1.0,7,0,0,51
Operations,22,Bachelors,m,sourcing,1,29,4.0,2,1,0,61
Sales & Marketing,10,Bachelors,m,sourcing,1,34,3.0,7,0,0,51
Analytics,22,Bachelors,f,other,2,27,5.0,3,1,0,76
Procurement,7,Masters & above,f,sourcing,1,39,1.0,8,0,0,74
Sales & Marketing,11,Bachelors,m,other,1,39,2.0,10,0,0,52
Operations,22,Masters & above,f,other,1,43,5.0,6,0,0,75
Technology,26,Bachelors,m,other,1,37,5.0,5,1,0,81
Technology,26,Bachelors,m,sourcing,2,28,3.0,4,0,0,82
Sales & Marketing,2,Masters & above,m,other,2,51,5.0,18,0,0,61
Operations,13,Bachelors,m,sourcing,2,30,5.0,5,1,0,59
Procurement,2,Bachelors,m,sourcing,1,47,4.0,14,0,0,68
HR,22,Bachelors,f,sourcing,1,28,1.0,2,1,0,53
Technology,7,Bachelors,m,sourcing,1,39,2.0,5,0,0,81
Operations,31,Bachelors,m,other,1,33,4.0,4,0,0,62
Operations,7,Bachelors,m,sourcing,2,31,5.0,5,1,0,61
Sales & Marketing,31,Bachelors,f,other,1,25,2.0,2,0,0,47
Analytics,22,Bachelors,m,sourcing,2,27,3.0,4,1,0,85
Operations,30,Masters & above,f,other,1,41,3.0,8,0,0,61
Finance,2,Bachelors,m,sourcing,3,30,5.0,4,0,1,75
Sales & Marketing,26,Bachelors,f,other,1,32,5.0,5,1,0,49
Sales & Marketing,13,Bachelors,m,other,1,45,3.0,7,0,0,48
Finance,7,Masters & above,f,other,1,33,5.0,3,0,0,60
Technology,2,Bachelors,m,other,1,31,4.0,5,1,1,76
Analytics,13,Bachelors,m,other,1,49,2.0,19,0,0,83
Legal,29,Bachelors,m,other,1,28,3.0,5,0,0,58
Technology,31,Bachelors,f,sourcing,1,32,1.0,5,0,0,78
Operations,2,Masters & above,m,other,2,41,5.0,11,0,0,60
Sales & Marketing,13,Bachelors,m,sourcing,1,40,3.0,7,0,0,52
HR,4,Bachelors,m,other,1,40,3.0,3,0,0,49
Operations,15,Bachelors,f,other,1,31,3.0,3,1,0,59
Sales & Marketing,13,Masters & above,m,other,1,48,1.0,17,0,0,55
Procurement,2,Bachelors,m,other,1,49,3.0,8,0,0,67
Sales & Marketing,4,Bachelors,m,other,1,39,5.0,12,0,0,50
Procurement,26,Masters & above,m,other,1,55,4.0,17,1,0,65
Analytics,31,Bachelors,f,sourcing,1,27,3.0,4,0,0,94
Technology,31,Masters & above,m,other,1,38,5.0,9,1,0,76
HR,7,Masters & above,f,other,1,34,4.0,7,0,0,48
Procurement,4,Bachelors,f,other,1,31,4.0,5,1,0,70
Finance,13,Bachelors,m,other,2,29,3.0,4,1,1,62
Analytics,9,Masters & above,m,sourcing,2,30,3.0,4,1,0,78
Technology,2,Masters & above,f,sourcing,1,32,4.0,6,1,0,81
Technology,10,Bachelors,f,other,1,29,2.0,2,0,0,80
Technology,14,Masters & above,m,other,1,42,4.0,7,0,0,82
Sales & Marketing,26,Bachelors,m,other,1,25,3.0,3,0,0,52
Operations,23,Masters & above,m,other,1,38,3.0,8,0,0,58
Technology,2,Bachelors,m,other,3,28,4.0,2,1,0,77
Sales & Marketing,2,Bachelors,f,sourcing,1,40,5.0,4,0,0,50
Procurement,13,Bachelors,f,sourcing,1,39,4.0,5,1,0,67
Operations,30,Bachelors,f,other,1,30,5.0,8,1,0,60
Technology,5,Masters & above,f,other,1,30,3.0,7,0,0,79
Sales & Marketing,2,Bachelors,m,sourcing,1,36,5.0,3,0,0,51
Sales & Marketing,2,Bachelors,m,sourcing,1,42,3.0,8,1,0,51
Operations,17,Bachelors,m,other,1,24,1.0,2,0,0,59
Technology,10,Masters & above,m,other,2,37,3.0,7,0,0,76
Procurement,24,Bachelors,f,other,1,31,4.0,4,1,0,69
Technology,1,Masters & above,m,sourcing,1,32,4.0,7,0,0,80
Legal,31,Bachelors,m,sourcing,1,31,3.0,5,1,0,58
Technology,5,Bachelors,m,other,1,38,3.0,4,0,0,80
Operations,22,Bachelors,m,sourcing,1,29,5.0,4,1,0,55
Operations,7,Bachelors,m,sourcing,2,32,3.0,7,0,0,58
Finance,2,Bachelors,m,sourcing,1,57,3.0,13,1,0,60
HR,2,Bachelors,m,other,1,27,2.0,3,1,0,52
Legal,13,Bachelors,f,sourcing,1,32,4.0,6,1,0,61
Operations,13,Bachelors,m,other,1,40,4.0,7,0,0,57
Procurement,2,Masters & above,f,sourcing,2,55,4.0,4,0,0,68
Sales & Marketing,23,Bachelors,m,sourcing,1,32,2.0,10,0,0,45
Procurement,3,Masters & above,m,other,1,34,5.0,5,1,0,65
Procurement,2,Bachelors,f,other,3,45,3.0,5,0,0,68
Operations,7,Below Secondary,m,other,1,27,1.0,5,0,0,59
Sales & Marketing,34,Bachelors,m,other,1,30,1.0,5,0,0,49
Sales & Marketing,13,Bachelors,m,sourcing,1,53,5.0,10,0,0,49
Technology,29,Bachelors,m,other,1,29,3.0,4,0,0,80
Legal,27,Bachelors,f,other,1,29,3.0,5,0,0,57
Technology,22,Masters & above,m,other,1,41,4.0,6,1,0,83
Analytics,27,Bachelors,m,other,1,37,3.0,4,0,0,83
Sales & Marketing,4,Bachelors,m,other,1,48,5.0,16,0,0,49
Operations,32,Bachelors,m,sourcing,1,29,3.0,2,0,0,58
Technology,7,Bachelors,f,sourcing,1,33,4.0,4,0,0,78
Technology,13,Masters & above,m,other,1,41,4.0,5,0,0,79
Technology,23,Masters & above,f,other,1,35,3.0,3,0,0,79
Sales & Marketing,15,Bachelors,f,other,4,27,2.0,3,0,0,51
Sales & Marketing,27,Bachelors,m,sourcing,2,29,3.0,2,0,0,49
Sales & Marketing,13,Masters & above,m,other,1,50,5.0,18,0,0,49
Procurement,9,Bachelors,m,other,1,31,3.0,6,0,0,73
Operations,19,Bachelors,m,sourcing,2,42,4.0,10,0,0,58
Operations,15,Bachelors,m,other,1,34,1.0,3,0,0,62
Operations,22,Masters & above,f,sourcing,1,38,4.0,7,0,0,62
R&D,26,Bachelors,m,other,1,27,5.0,2,1,0,78
Sales & Marketing,23,Bachelors,f,sourcing,1,28,5.0,3,1,0,48
Procurement,5,Masters & above,f,other,1,34,3.0,3,1,1,71
Sales & Marketing,2,Masters & above,m,other,2,38,5.0,8,1,0,50
Analytics,2,Masters & above,m,sourcing,1,33,5.0,10,1,0,86
Procurement,22,Masters & above,f,other,1,35,5.0,7,1,0,71
Procurement,29,Masters & above,m,sourcing,1,32,3.0,6,1,0,67
Operations,23,Masters & above,f,sourcing,1,40,3.0,3,1,1,58
Technology,2,Bachelors,m,other,1,44,1.0,3,0,0,74
Finance,22,Bachelors,m,other,1,31,4.0,7,1,0,59
Procurement,2,Masters & above,f,sourcing,1,33,3.0,7,1,0,76
HR,2,Bachelors,f,sourcing,1,55,4.0,25,0,0,52
Analytics,23,Bachelors,m,other,2,29,3.0,3,0,0,87
Sales & Marketing,13,Bachelors,f,other,1,31,5.0,7,0,0,50
Sales & Marketing,2,Masters & above,m,sourcing,1,36,2.0,5,0,0,48
HR,22,Bachelors,m,referred,1,27,3.0,2,1,0,51
Operations,11,Bachelors,f,sourcing,1,30,3.0,6,0,0,58
Operations,19,Bachelors,m,sourcing,1,33,3.0,3,0,0,59
Operations,15,Bachelors,m,other,1,28,3.0,2,0,0,59
Operations,22,Masters & above,f,other,2,33,3.0,3,1,0,59
Operations,22,Bachelors,m,sourcing,1,27,3.0,3,0,0,70
R&D,22,Bachelors,m,other,3,30,5.0,2,1,0,86
Analytics,23,Masters & above,m,other,2,42,3.0,7,1,0,80
Analytics,22,Masters & above,m,other,1,35,3.0,9,1,0,84
Procurement,1,Bachelors,f,sourcing,1,32,3.0,10,0,0,70
HR,7,Bachelors,m,other,1,29,2.0,5,0,0,52
Sales & Marketing,22,Bachelors,m,other,1,27,3.0,6,0,0,51
Procurement,22,Bachelors,m,sourcing,1,33,5.0,3,1,0,73
Analytics,25,Bachelors,m,other,1,30,3.0,5,0,0,78
Technology,28,Bachelors,f,other,1,28,3.0,3,0,0,79
Sales & Marketing,2,Bachelors,m,other,1,42,5.0,13,0,0,51
Operations,2,Masters & above,f,other,1,40,4.0,5,0,0,64
Operations,13,Bachelors,m,other,1,36,5.0,5,1,0,61
Procurement,10,Bachelors,f,sourcing,1,32,5.0,7,1,0,70
HR,15,Bachelors,f,other,1,29,2.0,4,0,0,49
Sales & Marketing,2,Masters & above,f,other,1,48,5.0,5,1,0,51
Operations,2,Bachelors,f,other,1,41,5.0,6,1,0,58
Operations,19,Bachelors,f,other,1,41,5.0,5,1,0,61
Sales & Marketing,9,Bachelors,m,other,1,28,5.0,3,0,0,49
Technology,27,Bachelors,m,other,1,39,1.0,4,1,0,82
Sales & Marketing,7,Bachelors,m,sourcing,1,25,4.0,4,0,0,47
Procurement,22,Masters & above,f,other,1,37,3.0,9,0,0,71
Operations,15,Masters & above,m,other,1,45,5.0,2,1,0,61
Legal,22,Bachelors,m,other,1,37,1.0,2,0,0,65
Procurement,2,Masters & above,f,other,1,33,5.0,6,0,0,70
HR,7,Bachelors,f,sourcing,1,27,5.0,4,1,0,49
Technology,13,Masters & above,f,other,2,35,2.0,5,0,0,83
Sales & Marketing,22,Bachelors,m,other,1,26,3.0,5,1,0,49
Sales & Marketing,16,Bachelors,f,sourcing,1,33,3.0,5,1,0,53
Finance,2,Bachelors,f,other,2,33,4.0,3,1,0,58
Sales & Marketing,12,Bachelors,m,other,3,26,3.0,2,0,0,53
HR,28,Bachelors,m,sourcing,1,33,3.0,8,0,0,51
Operations,22,Bachelors,m,referred,1,33,3.0,5,0,0,61
Sales & Marketing,23,Bachelors,f,other,1,29,1.0,2,1,0,48
Sales & Marketing,13,Bachelors,m,other,1,30,2.0,2,0,0,50
Procurement,7,Masters & above,m,sourcing,2,40,3.0,3,0,0,69
Procurement,7,Masters & above,f,other,1,30,3.0,6,1,0,68
Procurement,16,Masters & above,f,other,1,34,4.0,7,0,0,70
R&D,7,Bachelors,m,sourcing,1,34,3.0,6,0,0,81
Operations,2,Bachelors,m,other,1,42,5.0,16,1,0,60
Procurement,27,Masters & above,f,sourcing,1,36,3.0,11,0,0,72
Sales & Marketing,16,Masters & above,m,other,1,39,5.0,9,0,0,50
Procurement,31,Bachelors,m,sourcing,2,29,3.0,5,0,0,63
Finance,2,Bachelors,f,other,1,53,5.0,4,1,0,60
Technology,19,Bachelors,m,other,1,30,4.0,3,0,0,75
Procurement,15,Bachelors,m,other,1,32,2.0,7,0,0,72
Analytics,34,Bachelors,m,other,1,29,5.0,6,0,0,84
Procurement,2,Masters & above,f,other,1,44,5.0,7,1,1,66
Technology,7,Bachelors,m,sourcing,1,32,2.0,5,0,0,79
Operations,19,Bachelors,m,sourcing,1,37,2.0,10,0,0,57
Procurement,10,Masters & above,f,sourcing,1,35,1.0,7,0,0,69
HR,2,Masters & above,m,other,1,57,2.0,29,0,0,50
Sales & Marketing,22,Bachelors,m,sourcing,1,28,5.0,5,1,0,50
Operations,27,Bachelors,m,sourcing,1,40,5.0,5,1,0,61
Sales & Marketing,6,Bachelors,m,other,1,35,1.0,2,0,0,52
Procurement,22,Masters & above,f,other,1,29,4.0,2,0,0,68
HR,14,Bachelors,m,sourcing,1,30,3.0,6,0,0,50
Analytics,7,Bachelors,m,other,1,30,5.0,2,1,0,84
Sales & Marketing,5,Bachelors,f,other,1,30,2.0,4,0,0,49
Finance,5,Masters & above,m,other,1,34,3.0,8,0,0,58
Analytics,2,Bachelors,m,sourcing,1,43,4.0,3,0,0,84
Technology,2,Masters & above,f,sourcing,1,59,4.0,16,1,0,84
Technology,13,Bachelors,f,other,2,30,3.0,2,0,0,77
Operations,2,Masters & above,f,other,1,41,5.0,3,1,0,65
Technology,7,Bachelors,f,referred,1,28,4.0,2,0,0,79
Technology,28,Bachelors,m,sourcing,1,30,1.0,5,0,0,81
Sales & Marketing,13,Bachelors,m,other,1,50,4.0,7,0,0,48
R&D,25,Bachelors,m,other,1,31,5.0,3,0,0,84
Sales & Marketing,2,Bachelors,m,sourcing,1,23,4.0,2,0,0,48
Operations,2,Bachelors,f,sourcing,1,36,5.0,7,0,1,55
Technology,7,Masters & above,f,other,1,39,4.0,4,0,0,85
Technology,2,Bachelors,m,sourcing,1,42,5.0,4,1,0,82
Technology,32,Bachelors,m,other,1,31,3.0,5,0,0,81
Sales & Marketing,31,Bachelors,m,sourcing,1,40,5.0,12,0,0,51
Legal,2,Below Secondary,m,sourcing,1,26,5.0,2,1,0,62
Operations,22,Bachelors,m,other,1,44,5.0,16,1,0,56
Operations,13,Bachelors,f,other,1,48,4.0,13,0,0,60
Procurement,2,Masters & above,m,other,1,33,4.0,9,0,0,68
Technology,26,Bachelors,m,other,1,33,5.0,2,1,0,79
Sales & Marketing,1,Bachelors,m,other,1,29,4.0,6,1,0,54
Operations,23,Masters & above,f,other,2,34,5.0,3,1,0,59
Operations,4,Bachelors,f,other,1,32,4.0,3,1,1,62
HR,22,Bachelors,f,other,1,29,4.0,3,0,0,51
Sales & Marketing,10,Masters & above,m,other,3,31,3.0,5,0,0,54
Sales & Marketing,13,Masters & above,m,sourcing,1,47,2.0,19,0,0,49
Operations,2,Masters & above,m,other,1,49,4.0,18,1,0,60
HR,31,Bachelors,f,other,1,26,4.0,2,0,0,50
Sales & Marketing,14,Masters & above,m,other,1,45,4.0,6,0,0,49
Operations,7,Bachelors,f,other,1,56,3.0,7,1,0,61
Operations,12,Bachelors,f,other,1,27,5.0,3,1,0,63
Analytics,27,Bachelors,m,sourcing,1,26,5.0,3,1,0,83
Operations,29,Masters & above,f,other,1,32,2.0,5,0,0,57
Sales & Marketing,15,Masters & above,m,other,1,30,1.0,8,0,0,49
Sales & Marketing,27,Masters & above,m,other,1,37,4.0,10,1,0,49
Operations,2,Masters & above,m,sourcing,1,42,1.0,10,0,0,60
Operations,15,Bachelors,m,other,1,33,3.0,7,1,0,61
Operations,19,Bachelors,f,other,1,30,4.0,3,1,0,58
Legal,27,Bachelors,m,other,1,27,4.0,2,0,0,62
Finance,23,Bachelors,m,sourcing,1,32,5.0,5,1,0,58
Sales & Marketing,4,Masters & above,m,other,1,42,3.0,13,1,0,51
Sales & Marketing,11,Bachelors,m,other,1,33,4.0,3,0,0,51
Finance,15,Bachelors,m,other,1,30,5.0,5,0,0,63
HR,2,Bachelors,m,sourcing,2,37,5.0,10,0,0,48
Technology,2,Masters & above,m,other,1,60,3.0,7,0,0,79
Sales & Marketing,16,Bachelors,m,other,1,45,3.0,3,0,0,48
Finance,2,Bachelors,m,sourcing,1,49,4.0,4,0,0,58
Technology,2,Masters & above,m,sourcing,1,48,3.0,19,0,0,85
Procurement,13,Masters & above,m,sourcing,1,60,3.0,19,0,0,69
Operations,33,Bachelors,f,sourcing,1,29,3.0,8,0,0,57
Technology,15,Bachelors,f,sourcing,1,36,3.0,9,1,0,79
Finance,2,Bachelors,m,other,2,26,1.0,4,1,0,57
Sales & Marketing,5,Bachelors,f,sourcing,1,26,1.0,2,0,0,48
Sales & Marketing,28,Masters & above,m,other,1,45,4.0,6,1,0,48
Sales & Marketing,4,Bachelors,f,sourcing,1,35,5.0,2,0,0,49
Operations,2,Masters & above,m,other,1,34,4.0,4,1,0,59
Analytics,28,Masters & above,m,other,1,33,4.0,6,1,0,94
Sales & Marketing,14,Bachelors,m,sourcing,1,31,3.0,8,0,0,50
Operations,23,Bachelors,f,other,2,31,3.0,8,0,0,59
Operations,19,Bachelors,f,other,1,29,4.0,2,1,0,61
Sales & Marketing,2,Bachelors,m,other,1,44,2.0,3,0,0,53
Sales & Marketing,3,Bachelors,m,sourcing,1,29,3.0,6,0,0,51
Technology,27,Bachelors,f,other,1,28,3.0,3,0,0,81
Operations,16,Bachelors,f,sourcing,1,25,4.0,3,1,0,60
Procurement,2,Masters & above,m,sourcing,1,41,3.0,4,0,0,71
Technology,26,Bachelors,f,sourcing,1,25,3.0,2,0,0,77
Technology,16,Bachelors,m,other,1,32,3.0,5,0,0,80
Procurement,4,Bachelors,f,sourcing,1,40,4.0,10,1,0,67
Operations,29,Bachelors,m,other,1,29,3.0,1,1,1,55
Procurement,7,Masters & above,f,other,1,41,5.0,11,0,0,71
Operations,32,Bachelors,m,sourcing,1,31,5.0,4,0,0,59
Sales & Marketing,4,Masters & above,m,other,1,46,4.0,7,1,0,54
Finance,22,Bachelors,m,sourcing,2,24,4.0,2,1,0,67
Operations,23,Bachelors,f,sourcing,1,30,3.0,5,0,0,58
Sales & Marketing,15,Masters & above,m,other,1,36,2.0,7,0,0,51
Sales & Marketing,19,Bachelors,m,sourcing,1,44,1.0,17,0,0,46
Operations,11,Bachelors,m,other,2,35,3.0,8,0,0,61
Operations,23,Bachelors,m,other,1,30,4.0,6,1,0,58
Technology,2,Bachelors,m,sourcing,1,45,3.0,3,0,0,78
Sales & Marketing,22,Bachelors,m,sourcing,2,31,2.0,3,0,0,46
Finance,15,Bachelors,m,sourcing,1,27,2.0,3,0,0,61
Operations,15,Bachelors,m,other,1,37,4.0,7,0,0,61
Sales & Marketing,2,Masters & above,m,sourcing,1,38,1.0,10,0,0,41
Procurement,15,Bachelors,m,other,1,37,3.0,5,1,0,69
Sales & Marketing,2,Bachelors,m,sourcing,1,48,5.0,3,0,0,55
Operations,4,Bachelors,m,sourcing,1,29,3.0,3,0,0,57
Operations,4,Masters & above,m,other,1,42,4.0,4,0,0,60
HR,23,Masters & above,m,other,1,38,4.0,8,1,0,49
Sales & Marketing,34,Bachelors,m,other,1,35,3.0,7,0,0,42
HR,22,Bachelors,f,other,1,27,5.0,3,0,0,48
Sales & Marketing,7,Masters & above,m,sourcing,1,39,5.0,7,0,0,49
Analytics,2,Bachelors,m,other,1,55,3.0,12,0,0,81
Operations,15,Bachelors,m,sourcing,1,45,5.0,13,1,0,57
R&D,4,Masters & above,m,sourcing,1,34,5.0,10,1,0,83
Analytics,22,Masters & above,m,other,1,27,3.0,5,0,0,81
Legal,2,Bachelors,m,other,1,32,5.0,3,0,0,57
Analytics,2,Bachelors,m,other,1,34,1.0,6,0,0,83
Sales & Marketing,15,Bachelors,m,sourcing,1,40,4.0,10,0,0,49
Analytics,34,Bachelors,m,sourcing,1,31,3.0,4,1,0,84
Operations,2,Masters & above,m,sourcing,1,49,3.0,12,0,0,60
Analytics,7,Bachelors,m,sourcing,1,30,3.0,2,1,0,85
Operations,4,Bachelors,f,sourcing,1,30,1.0,5,0,0,59
HR,2,Bachelors,f,other,1,35,5.0,10,1,0,50
Legal,2,Bachelors,m,sourcing,1,32,5.0,5,0,0,56
Sales & Marketing,5,Bachelors,m,other,1,31,4.0,6,0,0,50
Analytics,31,Bachelors,m,other,1,34,4.0,7,1,0,85
Procurement,11,Bachelors,f,sourcing,1,32,2.0,7,0,0,68
HR,22,Bachelors,m,sourcing,1,25,5.0,2,0,0,49
Sales & Marketing,12,Bachelors,m,sourcing,1,35,4.0,3,0,0,49
Finance,27,Bachelors,m,sourcing,1,31,3.0,6,0,0,62
Sales & Marketing,11,Bachelors,m,sourcing,1,31,1.0,4,0,0,48
Operations,22,Bachelors,m,other,1,33,5.0,6,0,0,60
Procurement,15,Masters & above,f,other,1,35,5.0,12,0,0,72
Procurement,13,Masters & above,m,other,1,32,1.0,3,0,0,68
Sales & Marketing,7,Masters & above,m,sourcing,1,36,4.0,8,1,0,55
Sales & Marketing,3,Masters & above,m,other,1,48,5.0,8,0,0,49
Technology,26,Bachelors,m,other,1,36,4.0,2,1,1,78
Operations,15,Bachelors,m,other,1,45,4.0,16,0,0,56
Sales & Marketing,26,Bachelors,f,other,1,29,3.0,4,1,0,44
Operations,21,Bachelors,m,sourcing,1,27,1.0,3,0,0,60
Sales & Marketing,29,Bachelors,m,other,3,30,1.0,7,0,0,49
Procurement,2,Bachelors,f,sourcing,1,32,5.0,6,1,0,69
Analytics,26,Bachelors,m,other,1,39,3.0,8,1,0,89
Sales & Marketing,6,Bachelors,m,other,1,40,5.0,14,0,0,50
Sales & Marketing,16,Bachelors,m,other,1,28,3.0,5,1,0,45
Operations,22,Below Secondary,m,other,1,23,3.0,2,0,0,55
Sales & Marketing,22,Bachelors,m,other,1,48,5.0,16,0,0,49
Sales & Marketing,7,Masters & above,f,other,1,39,5.0,4,0,0,49
Procurement,2,Masters & above,f,sourcing,1,36,3.0,9,0,0,67
Operations,22,Masters & above,m,other,2,39,5.0,9,1,0,61
Procurement,2,Bachelors,m,other,1,47,4.0,2,1,0,76
Procurement,31,Masters & above,f,other,1,32,2.0,7,0,0,72
Operations,2,Masters & above,m,other,1,48,4.0,8,0,0,59
Operations,5,Bachelors,m,other,1,36,3.0,4,0,0,58
Technology,20,Masters & above,f,sourcing,1,35,3.0,4,1,0,77
Finance,25,Bachelors,m,other,4,32,3.0,4,0,0,57
Operations,2,Below Secondary,m,other,1,25,3.0,3,0,0,61
HR,2,Masters & above,m,sourcing,1,55,3.0,3,0,0,52
Procurement,11,Bachelors,m,other,2,43,3.0,6,0,0,70
Analytics,2,Bachelors,m,sourcing,1,33,5.0,6,1,0,83
Technology,7,Masters & above,m,sourcing,1,48,3.0,7,1,1,77
Sales & Marketing,15,Bachelors,m,sourcing,2,34,3.0,4,0,0,50
Finance,28,Bachelors,f,other,1,30,5.0,3,1,0,55
Technology,31,Masters & above,m,sourcing,1,40,1.0,2,1,0,78
Sales & Marketing,17,Bachelors,m,other,1,34,4.0,2,0,0,52
Sales & Marketing,2,Masters & above,m,other,1,32,5.0,3,1,0,47
Technology,7,Masters & above,f,sourcing,2,33,4.0,5,0,1,88
Operations,15,Bachelors,m,other,2,40,3.0,9,1,0,58
Operations,22,Masters & above,m,other,1,47,4.0,4,1,0,56
Analytics,31,Bachelors,m,other,1,43,3.0,17,0,0,86
HR,2,Masters & above,m,other,1,54,3.0,12,1,0,47
Analytics,31,Bachelors,m,other,1,35,3.0,5,0,0,86
Sales & Marketing,29,Bachelors,m,other,1,29,3.0,5,0,0,50
Analytics,22,Bachelors,f,other,1,28,2.0,4,0,0,81
Technology,17,Masters & above,f,sourcing,2,36,3.0,2,0,0,80
Finance,22,Bachelors,m,other,1,27,1.0,1,1,0,62
Procurement,7,Masters & above,m,sourcing,1,52,5.0,17,1,0,71
Operations,6,Bachelors,m,other,2,31,5.0,3,0,0,63
Procurement,15,Bachelors,f,other,1,31,5.0,3,1,0,72
Sales & Marketing,25,Masters & above,m,sourcing,1,35,1.0,4,1,0,53
Operations,19,Bachelors,m,other,1,35,5.0,10,0,0,62
Sales & Marketing,7,Masters & above,m,other,1,33,1.0,8,0,0,48
Sales & Marketing,2,Masters & above,m,sourcing,2,34,4.0,9,1,0,51
Operations,4,Masters & above,m,other,1,37,3.0,5,1,0,58
Sales & Marketing,17,Bachelors,m,other,1,30,2.0,5,0,0,45
Finance,7,Masters & above,f,sourcing,1,36,3.0,9,0,0,55
Analytics,20,Bachelors,m,sourcing,1,27,5.0,3,1,0,87
Technology,13,Masters & above,m,sourcing,2,36,3.0,8,0,0,76
HR,2,Bachelors,m,referred,1,26,3.0,3,0,0,52
Technology,7,Bachelors,m,other,1,30,3.0,9,0,0,79
Technology,20,Bachelors,m,other,1,30,1.0,5,0,0,80
Procurement,12,Bachelors,f,other,1,30,3.0,4,1,0,72
Procurement,2,Bachelors,f,sourcing,1,35,2.0,6,0,0,71
Technology,2,Bachelors,m,sourcing,2,28,1.0,1,0,0,78
Procurement,22,Bachelors,m,sourcing,1,30,1.0,7,0,0,63
Legal,22,Bachelors,m,sourcing,1,29,2.0,4,0,0,59
HR,31,Masters & above,m,other,1,33,2.0,5,0,0,50
Operations,2,Masters & above,m,sourcing,1,50,3.0,19,1,0,58
Technology,2,Masters & above,m,other,1,33,4.0,7,1,0,76
Operations,2,Masters & above,f,other,1,54,2.0,7,0,0,62
Sales & Marketing,22,Bachelors,m,other,1,26,4.0,3,1,0,52
Sales & Marketing,13,Bachelors,m,sourcing,2,32,2.0,7,1,0,47
Operations,2,Bachelors,m,other,2,32,3.0,5,0,0,62
Analytics,22,Bachelors,m,sourcing,1,34,4.0,2,1,0,80
Operations,7,Masters & above,f,other,1,34,4.0,3,1,0,55
Finance,22,Bachelors,m,other,2,32,4.0,5,0,0,58
Sales & Marketing,28,Bachelors,f,sourcing,2,29,5.0,5,0,0,51
Finance,2,Bachelors,m,sourcing,2,34,3.0,9,0,0,60
Technology,2,Masters & above,m,sourcing,1,40,2.0,11,0,0,77
Operations,29,Bachelors,m,sourcing,1,35,3.0,4,0,0,62
Sales & Marketing,7,Masters & above,f,other,1,32,1.0,5,0,0,47
Technology,7,Bachelors,f,sourcing,4,32,4.0,4,0,0,79
Procurement,7,Bachelors,m,sourcing,1,31,4.0,4,0,0,70
Procurement,7,Masters & above,m,other,4,37,3.0,9,0,0,68
Sales & Marketing,20,Bachelors,f,other,2,32,3.0,5,1,0,56
Procurement,2,Masters & above,m,other,1,32,2.0,3,0,0,69
Procurement,7,Masters & above,m,other,6,39,3.0,3,0,0,65
Technology,27,Masters & above,f,sourcing,1,34,3.0,6,0,0,81
Technology,31,Bachelors,m,sourcing,2,30,4.0,4,0,0,88
Operations,2,Masters & above,m,other,1,58,5.0,6,1,0,59
Operations,23,Bachelors,f,sourcing,1,31,3.0,6,0,0,61
Procurement,22,Bachelors,m,sourcing,3,27,3.0,2,0,1,87
Analytics,29,Masters & above,m,sourcing,1,33,2.0,6,0,0,85
Operations,19,Bachelors,m,other,1,32,3.0,3,0,0,62
Sales & Marketing,26,Bachelors,m,sourcing,1,27,3.0,4,1,1,49
Finance,2,Bachelors,m,sourcing,1,31,2.0,4,0,0,58
Operations,23,Bachelors,m,other,1,37,5.0,7,1,0,65
Procurement,22,Masters & above,f,other,1,41,3.0,9,0,0,67
Sales & Marketing,11,Masters & above,m,other,1,55,5.0,10,0,0,48
Operations,14,Bachelors,m,other,1,42,5.0,3,1,0,62
HR,6,Bachelors,m,other,1,29,5.0,5,0,0,45
Operations,2,Bachelors,f,sourcing,1,57,3.0,12,0,0,61
Procurement,2,Bachelors,f,sourcing,1,52,4.0,19,1,0,75
Sales & Marketing,4,Bachelors,m,other,1,39,5.0,9,1,0,48
Sales & Marketing,21,Bachelors,m,sourcing,1,32,5.0,7,1,0,51
Operations,2,Bachelors,m,sourcing,1,57,4.0,6,1,0,60
Analytics,7,Masters & above,m,sourcing,1,35,5.0,5,0,0,85
Technology,2,Bachelors,m,sourcing,1,32,2.0,7,0,0,78
Operations,30,Bachelors,f,sourcing,1,35,5.0,3,1,0,62
Finance,2,Masters & above,m,other,1,42,4.0,6,1,0,59
Technology,2,Bachelors,f,sourcing,1,30,3.0,4,0,0,77
Operations,22,Bachelors,m,other,2,40,5.0,9,1,0,60
Analytics,24,Masters & above,m,sourcing,1,32,3.0,7,0,0,81
Analytics,8,Bachelors,m,sourcing,2,28,5.0,6,1,0,77
Operations,31,Bachelors,m,other,1,31,2.0,8,1,0,64
Analytics,25,Bachelors,m,other,1,32,3.0,8,0,0,86
Procurement,22,Bachelors,f,sourcing,2,28,4.0,2,0,0,67
Sales & Marketing,31,Bachelors,m,other,1,30,1.0,7,0,0,53
Sales & Marketing,25,Bachelors,m,sourcing,1,28,2.0,3,0,0,44
Sales & Marketing,13,Bachelors,m,sourcing,3,28,2.0,2,0,0,48
Procurement,2,Masters & above,m,other,1,50,3.0,4,0,0,74
Operations,34,Bachelors,m,other,1,28,3.0,5,0,0,59
Operations,10,Masters & above,m,sourcing,1,37,5.0,4,1,0,58
Sales & Marketing,13,Masters & above,m,sourcing,1,44,3.0,14,0,0,49
Sales & Marketing,3,Masters & above,m,sourcing,1,42,5.0,6,0,0,48
Analytics,11,Bachelors,m,other,1,32,1.0,5,0,0,84
Technology,2,Bachelors,m,other,1,42,3.0,4,0,0,82
Sales & Marketing,22,Bachelors,m,sourcing,3,29,3.0,1,0,0,50
Operations,7,Bachelors,f,sourcing,1,30,3.0,7,0,0,58
Sales & Marketing,13,Bachelors,m,other,1,24,3.0,3,1,0,49
Sales & Marketing,13,Masters & above,m,other,1,49,2.0,3,0,0,50
Finance,2,Bachelors,f,other,1,40,5.0,7,0,0,59
Sales & Marketing,7,Bachelors,m,other,1,40,3.0,2,0,0,68
Analytics,32,Bachelors,f,other,1,30,5.0,2,1,0,80
Operations,2,Bachelors,m,other,1,55,4.0,24,0,0,60
Operations,3,Masters & above,f,other,1,35,4.0,3,0,0,53
Sales & Marketing,27,Bachelors,f,other,1,27,1.0,2,0,0,50
Sales & Marketing,34,Bachelors,m,other,1,29,5.0,4,0,0,49
Sales & Marketing,6,Bachelors,m,other,1,32,2.0,4,0,0,51
Operations,22,Bachelors,f,other,1,45,5.0,5,1,0,61
Sales & Marketing,22,Bachelors,m,referred,1,32,3.0,5,1,0,53
HR,11,Bachelors,m,other,1,25,4.0,1,1,0,65
Analytics,31,Bachelors,m,sourcing,2,30,4.0,8,0,0,87
Procurement,15,Bachelors,m,sourcing,1,28,1.0,6,0,0,68
Operations,7,Masters & above,f,sourcing,2,39,4.0,5,1,0,67
Sales & Marketing,5,Bachelors,m,other,2,35,1.0,8,0,0,45
Sales & Marketing,2,Bachelors,m,referred,1,36,3.0,9,1,0,55
Operations,15,Bachelors,f,sourcing,1,34,5.0,6,1,0,58
Analytics,25,Masters & above,m,other,1,37,4.0,8,0,0,86
HR,2,Masters & above,f,other,1,33,2.0,5,1,0,45
Operations,22,Bachelors,m,sourcing,1,42,3.0,4,0,0,60
Sales & Marketing,2,Masters & above,f,sourcing,1,38,1.0,9,0,0,53
Technology,26,Masters & above,m,sourcing,1,42,3.0,10,0,0,75
Analytics,2,Bachelors,m,sourcing,1,40,1.0,5,0,0,78
Sales & Marketing,26,Bachelors,m,sourcing,2,32,3.0,9,0,0,53
Sales & Marketing,28,Bachelors,m,other,1,41,3.0,6,0,0,51
Operations,2,Masters & above,f,other,1,38,4.0,4,1,0,61
Sales & Marketing,7,Bachelors,m,other,1,31,1.0,3,0,0,43
Technology,2,Bachelors,f,other,1,39,5.0,7,1,0,79
Technology,16,Masters & above,f,sourcing,1,41,3.0,7,0,0,81
Procurement,2,Bachelors,f,other,1,33,2.0,3,0,0,69
Operations,11,Bachelors,f,sourcing,1,29,3.0,2,0,0,57
Analytics,19,Bachelors,m,other,2,40,5.0,8,0,0,87
Sales & Marketing,12,Bachelors,m,sourcing,1,34,2.0,8,0,0,52
Procurement,13,Bachelors,f,other,1,29,3.0,4,1,0,71
Operations,4,Bachelors,f,sourcing,1,37,5.0,2,1,0,60
HR,2,Bachelors,m,referred,1,33,2.0,3,0,0,57
Sales & Marketing,24,Bachelors,m,other,1,26,1.0,3,0,0,47
Finance,28,Bachelors,m,other,3,29,5.0,4,1,0,60
Sales & Marketing,22,Bachelors,m,sourcing,1,30,5.0,5,1,0,50
Sales & Marketing,4,Masters & above,m,other,1,37,5.0,9,0,0,49
Procurement,2,Bachelors,m,other,2,32,1.0,6,0,0,65
Legal,2,Masters & above,f,other,1,46,3.0,12,0,0,53
Operations,2,Bachelors,f,other,1,43,2.0,10,0,0,64
Sales & Marketing,2,Bachelors,f,other,1,34,2.0,7,0,0,53
Operations,7,Bachelors,m,other,2,27,5.0,2,1,0,63
Sales & Marketing,14,Bachelors,m,sourcing,1,35,5.0,3,0,0,53
Procurement,16,Bachelors,f,sourcing,1,27,3.0,4,0,0,69
Analytics,21,Bachelors,m,other,1,28,1.0,2,0,0,83
Analytics,24,Bachelors,m,other,1,27,1.0,4,0,0,84
HR,2,Bachelors,m,other,1,53,1.0,3,0,0,49
Sales & Marketing,32,Bachelors,m,sourcing,2,27,1.0,3,0,0,48
Operations,2,Bachelors,m,sourcing,1,34,1.0,7,1,0,58
Procurement,10,Masters & above,m,other,1,39,5.0,4,0,1,89
Procurement,26,Masters & above,f,sourcing,1,37,3.0,3,1,0,70
Sales & Marketing,29,Bachelors,m,sourcing,1,27,4.0,3,1,0,52
Sales & Marketing,31,Masters & above,m,other,1,32,4.0,8,0,0,47
Procurement,2,Masters & above,f,sourcing,1,34,3.0,7,1,0,66
Technology,25,Masters & above,m,sourcing,1,34,5.0,3,0,0,77
Operations,4,Masters & above,f,other,1,48,5.0,15,1,0,61
Technology,28,Bachelors,m,other,1,29,3.0,2,0,0,83
Operations,22,Bachelors,m,sourcing,1,41,4.0,12,1,0,52
Technology,2,Below Secondary,m,sourcing,3,23,3.0,2,0,0,78
Analytics,27,Bachelors,m,other,1,27,3.0,3,0,0,85
Sales & Marketing,5,Bachelors,m,other,1,30,3.0,3,0,0,46
Sales & Marketing,28,Bachelors,m,other,1,35,3.0,9,0,0,48
Procurement,30,Masters & above,f,other,1,38,4.0,4,0,0,71
Sales & Marketing,2,Masters & above,f,sourcing,1,43,2.0,14,0,0,51
Procurement,2,Masters & above,f,other,1,55,3.0,6,0,0,73
Operations,22,Masters & above,f,sourcing,1,56,4.0,28,0,0,62
Sales & Marketing,29,Bachelors,m,sourcing,1,34,2.0,10,0,0,47
Technology,11,Bachelors,m,other,1,30,1.0,5,0,0,75
Technology,22,Bachelors,f,sourcing,1,33,3.0,6,0,0,81
Sales & Marketing,7,Masters & above,f,other,1,42,1.0,8,0,0,48
Procurement,5,Bachelors,f,other,1,30,1.0,5,0,0,71
Technology,2,Bachelors,f,other,1,28,4.0,4,0,0,84
Technology,31,Bachelors,f,sourcing,1,31,2.0,5,1,0,79
Sales & Marketing,26,Bachelors,m,other,2,32,2.0,6,0,0,50
Technology,13,Bachelors,m,sourcing,2,33,4.0,10,1,0,81
Analytics,2,Bachelors,m,other,1,58,5.0,19,1,0,81
Analytics,22,Bachelors,m,referred,1,28,3.0,6,0,0,97
Analytics,7,Masters & above,m,other,1,37,3.0,3,1,0,80
Operations,7,Masters & above,m,other,1,43,1.0,5,0,0,65
Finance,22,Masters & above,m,other,1,35,4.0,5,1,0,64
Procurement,2,Masters & above,m,sourcing,1,39,2.0,8,0,0,69
Procurement,22,Bachelors,m,other,4,27,5.0,2,1,0,69
Operations,2,Masters & above,f,other,1,44,5.0,5,1,0,57
HR,22,Bachelors,f,other,1,30,3.0,3,1,0,49
Sales & Marketing,2,Masters & above,f,other,1,49,3.0,7,0,0,52
Analytics,4,Bachelors,m,sourcing,1,39,4.0,7,1,1,85
Technology,28,Masters & above,f,sourcing,1,32,3.0,7,1,0,81
Technology,7,Masters & above,m,other,1,42,3.0,14,0,0,84
Procurement,33,Masters & above,m,other,1,37,2.0,4,0,0,66
Sales & Marketing,12,Bachelors,m,sourcing,1,35,3.0,7,0,0,47
Procurement,30,Bachelors,m,other,1,36,5.0,2,1,0,70
Analytics,22,Bachelors,m,other,1,30,1.0,3,0,0,82
Sales & Marketing,31,Bachelors,m,other,1,30,2.0,2,0,0,48
Sales & Marketing,11,Masters & above,m,other,1,33,4.0,8,0,0,53
Operations,22,Masters & above,f,sourcing,1,49,4.0,20,1,0,64
Sales & Marketing,9,Masters & above,m,other,1,31,2.0,4,0,0,54
Operations,2,Masters & above,f,other,1,44,3.0,7,1,0,60
Legal,7,Bachelors,m,sourcing,1,30,4.0,4,0,0,59
Technology,2,Bachelors,m,other,1,44,2.0,7,0,0,78
Procurement,19,Bachelors,m,other,1,29,5.0,5,1,0,96
Operations,2,Bachelors,m,other,1,32,2.0,9,1,0,65
Sales & Marketing,26,Bachelors,m,sourcing,1,39,2.0,4,0,0,50
Sales & Marketing,31,Bachelors,m,sourcing,1,36,5.0,9,1,0,47
Procurement,33,Bachelors,m,sourcing,1,29,1.0,2,0,0,71
Operations,13,Bachelors,m,sourcing,1,35,3.0,6,0,0,59
Operations,20,Masters & above,f,sourcing,1,38,3.0,4,1,0,63
Finance,2,Masters & above,f,other,1,39,5.0,11,1,0,59
Operations,23,Bachelors,f,sourcing,1,30,5.0,6,1,0,61
Sales & Marketing,27,Masters & above,m,other,1,38,2.0,9,0,0,51
Technology,22,Masters & above,m,sourcing,1,39,1.0,4,0,0,82
Operations,7,Masters & above,m,other,1,40,2.0,5,0,0,59
Sales & Marketing,12,Bachelors,m,other,1,39,3.0,10,0,0,49
Procurement,13,Bachelors,f,sourcing,1,29,5.0,2,1,0,67
Analytics,23,Bachelors,m,sourcing,1,32,4.0,7,0,0,84
Sales & Marketing,27,Bachelors,m,other,2,38,3.0,10,0,0,54
Procurement,2,Masters & above,f,other,2,37,4.0,6,1,0,71
R&D,26,Masters & above,m,other,2,34,2.0,10,1,0,84
Procurement,2,Bachelors,f,other,1,58,2.0,5,0,0,67
Sales & Marketing,2,Bachelors,m,sourcing,1,34,5.0,7,1,0,48
Procurement,15,Bachelors,f,other,1,38,4.0,10,0,0,72
Technology,2,Masters & above,f,other,1,47,2.0,17,0,0,86
Operations,15,Bachelors,f,other,1,31,4.0,7,0,0,57
Procurement,22,Masters & above,f,other,1,38,5.0,4,1,0,67
Operations,11,Bachelors,f,other,1,31,5.0,3,1,0,62
Technology,20,Masters & above,m,other,1,38,3.0,4,1,1,81
HR,2,Masters & above,m,sourcing,1,33,3.0,3,1,0,52
Sales & Marketing,22,Bachelors,f,other,1,32,1.0,8,0,0,51
Procurement,17,Bachelors,f,other,1,53,5.0,17,0,0,96
Technology,7,Bachelors,f,other,2,35,3.0,8,0,0,78
Operations,15,Bachelors,m,other,1,34,4.0,9,1,0,70
Operations,22,Masters & above,m,referred,2,37,4.0,10,1,0,61
Operations,13,Bachelors,m,sourcing,1,27,3.0,2,0,0,60
HR,19,Bachelors,m,other,1,29,3.0,3,1,0,49
Sales & Marketing,7,Bachelors,m,sourcing,3,29,1.0,6,0,0,42
Sales & Marketing,13,Masters & above,m,sourcing,1,34,3.0,7,0,0,67
Operations,31,Bachelors,m,sourcing,1,35,3.0,6,0,0,57
Procurement,15,Bachelors,m,other,2,35,2.0,7,1,0,71
Analytics,31,Bachelors,m,sourcing,1,33,5.0,10,0,0,78
Technology,2,Masters & above,m,other,1,41,3.0,10,0,0,78
Procurement,17,Bachelors,m,other,1,26,5.0,3,1,0,71
Sales & Marketing,29,Bachelors,m,sourcing,1,30,1.0,2,0,0,49
Procurement,2,Bachelors,f,sourcing,1,39,3.0,5,0,0,70
Technology,30,Bachelors,f,other,1,32,3.0,7,0,0,84
Technology,33,Bachelors,m,sourcing,1,51,2.0,4,0,0,76
Analytics,4,Bachelors,m,sourcing,1,30,3.0,3,0,0,87
Finance,4,Masters & above,m,other,1,38,2.0,5,0,0,60
Sales & Marketing,13,Bachelors,f,sourcing,1,41,3.0,7,1,0,49
Operations,27,Below Secondary,m,sourcing,1,23,4.0,2,0,0,60
Sales & Marketing,5,Bachelors,m,sourcing,1,48,3.0,14,1,0,52
Sales & Marketing,28,Masters & above,m,sourcing,1,35,3.0,10,0,0,50
Operations,8,Bachelors,f,other,1,40,5.0,5,0,0,57
Sales & Marketing,17,Bachelors,m,sourcing,1,39,4.0,12,1,0,51
Analytics,10,Bachelors,m,sourcing,1,29,3.0,4,0,0,82
Technology,28,Masters & above,m,other,1,30,3.0,3,0,0,82
Analytics,7,Masters & above,m,other,1,39,3.0,3,0,0,82
Procurement,5,Bachelors,m,other,1,36,3.0,3,0,0,69
Sales & Marketing,11,Bachelors,m,sourcing,1,32,3.0,4,0,0,50
Technology,27,Masters & above,m,sourcing,2,42,3.0,5,0,0,80
Technology,2,Masters & above,m,sourcing,1,38,4.0,8,1,0,76
Sales & Marketing,6,Bachelors,f,sourcing,1,27,4.0,3,1,0,51
Sales & Marketing,11,Bachelors,m,sourcing,3,28,1.0,6,0,0,49
Procurement,22,Bachelors,f,other,1,34,5.0,5,1,0,69
Operations,12,Bachelors,m,other,1,37,5.0,5,1,0,62
Operations,2,Bachelors,f,sourcing,1,24,3.0,2,0,0,59
Sales & Marketing,26,Bachelors,m,other,2,27,3.0,6,0,0,48
Technology,23,Masters & above,m,other,1,39,5.0,5,1,0,80
Sales & Marketing,22,Masters & above,m,other,1,29,1.0,7,0,0,50
Analytics,22,Bachelors,m,sourcing,2,27,3.0,3,1,0,82
Technology,16,Bachelors,f,sourcing,1,27,3.0,3,0,0,81
Technology,2,Masters & above,m,sourcing,1,54,3.0,22,0,0,76
Sales & Marketing,20,Masters & above,m,other,1,34,3.0,5,0,0,52
Operations,15,Bachelors,m,referred,1,47,3.0,18,1,0,59
Sales & Marketing,22,Bachelors,m,other,1,25,4.0,3,1,0,50
Procurement,23,Masters & above,m,other,1,34,5.0,6,0,0,70
Procurement,2,Bachelors,m,other,1,46,4.0,4,1,0,67
Sales & Marketing,17,Masters & above,m,sourcing,1,34,5.0,3,1,0,44
Sales & Marketing,6,Bachelors,m,sourcing,1,30,5.0,7,1,1,48
Sales & Marketing,9,Masters & above,f,other,1,33,3.0,4,0,0,49
Sales & Marketing,2,Bachelors,m,other,1,54,1.0,4,0,0,52
Sales & Marketing,21,Bachelors,m,sourcing,1,26,4.0,3,0,0,48
Sales & Marketing,17,Masters & above,m,sourcing,1,38,1.0,10,0,0,49
Finance,7,Bachelors,m,other,2,28,4.0,2,0,0,60
Operations,2,Bachelors,f,sourcing,1,39,5.0,10,1,0,63
Operations,11,Bachelors,f,other,1,34,5.0,6,1,0,57
Procurement,17,Masters & above,f,other,1,43,5.0,4,1,0,62
Procurement,22,Masters & above,f,sourcing,1,41,5.0,12,1,0,69
Operations,2,Bachelors,m,sourcing,1,59,3.0,6,1,1,62
Sales & Marketing,22,Bachelors,m,sourcing,1,32,5.0,7,1,0,49
Operations,31,Bachelors,f,other,1,28,4.0,3,0,0,62
Sales & Marketing,2,Bachelors,m,sourcing,3,29,3.0,3,0,0,52
Operations,3,Masters & above,m,other,1,37,3.0,5,1,1,59
Sales & Marketing,2,Masters & above,m,sourcing,1,48,3.0,7,0,0,51
Operations,13,Masters & above,m,other,1,42,2.0,3,0,0,61
Sales & Marketing,22,Bachelors,f,other,1,31,5.0,3,1,0,55
Legal,2,Bachelors,m,other,1,29,5.0,3,1,0,58
Analytics,22,Bachelors,m,sourcing,1,29,2.0,6,1,0,83
HR,7,Masters & above,m,sourcing,2,43,3.0,7,0,0,50
Finance,2,Bachelors,m,sourcing,3,45,3.0,16,0,0,59
Finance,6,Bachelors,m,other,1,25,3.0,2,1,0,64
Analytics,5,Masters & above,m,sourcing,1,39,3.0,6,0,0,85
Operations,7,Bachelors,f,sourcing,1,41,4.0,6,0,0,55
Sales & Marketing,31,Bachelors,m,other,1,38,2.0,4,0,0,54
Analytics,2,Bachelors,m,other,1,26,5.0,3,1,0,81
Analytics,26,Bachelors,m,other,1,28,4.0,3,1,0,93
Sales & Marketing,7,Bachelors,m,other,2,44,3.0,12,0,0,56
Sales & Marketing,7,Masters & above,m,other,1,45,3.0,16,0,0,49
Operations,7,Bachelors,m,sourcing,1,39,4.0,11,1,0,61
Sales & Marketing,29,Bachelors,m,other,1,37,1.0,7,0,0,50
HR,22,Bachelors,m,other,1,26,4.0,3,1,0,48
Analytics,28,Masters & above,m,sourcing,3,39,5.0,13,0,0,81
Analytics,22,Bachelors,m,sourcing,2,28,1.0,3,0,0,84
Operations,20,Bachelors,f,sourcing,1,31,1.0,2,0,0,58
HR,11,Bachelors,f,other,1,26,3.0,3,0,0,44
R&D,7,Masters & above,m,other,1,38,5.0,9,1,0,87
Operations,27,Bachelors,f,other,1,37,3.0,13,0,0,57
Operations,2,Bachelors,m,sourcing,1,32,3.0,8,0,0,60
R&D,2,Bachelors,m,sourcing,1,28,3.0,3,0,0,86
Procurement,12,Bachelors,f,other,9,36,4.0,3,1,0,73
Sales & Marketing,30,Bachelors,m,sourcing,1,47,5.0,20,0,0,50
Operations,19,Bachelors,m,other,1,30,3.0,3,1,0,59
Operations,22,Masters & above,f,other,1,38,4.0,4,0,0,61
Technology,26,Bachelors,m,sourcing,1,26,3.0,2,0,0,75
Procurement,2,Masters & above,f,referred,1,39,3.0,3,1,0,73
Procurement,13,Bachelors,m,other,1,39,3.0,10,0,0,69
Analytics,28,Masters & above,m,other,2,30,5.0,8,1,0,85
Operations,27,Masters & above,f,other,1,35,3.0,9,1,0,58
Operations,13,Bachelors,m,other,1,27,4.0,2,0,0,61
Operations,2,Below Secondary,m,other,1,25,3.0,2,1,0,61
Sales & Marketing,2,Bachelors,f,referred,1,35,3.0,7,1,0,48
Procurement,11,Bachelors,m,other,1,30,5.0,5,1,0,76
Operations,7,Masters & above,f,sourcing,1,45,5.0,14,1,0,58
Sales & Marketing,25,Bachelors,m,other,2,26,2.0,2,0,0,51
Sales & Marketing,24,Bachelors,m,sourcing,1,28,4.0,4,0,0,55
Operations,13,Masters & above,m,other,2,43,3.0,5,0,0,63
Procurement,2,Masters & above,f,sourcing,1,59,5.0,6,1,0,72
Procurement,16,Masters & above,f,sourcing,1,41,5.0,6,1,0,71
Operations,9,Bachelors,m,other,1,31,2.0,5,0,0,60
Finance,28,Masters & above,m,sourcing,2,32,3.0,5,0,0,55
Procurement,2,Masters & above,f,other,1,42,1.0,6,1,0,69
Technology,7,Masters & above,m,sourcing,2,34,3.0,8,1,0,85
Analytics,22,Bachelors,m,sourcing,1,32,5.0,5,1,0,82
HR,22,Bachelors,m,sourcing,1,28,3.0,2,0,0,50
Sales & Marketing,7,Bachelors,m,sourcing,1,31,4.0,7,0,0,51
Sales & Marketing,2,Masters & above,m,other,2,40,1.0,6,1,0,49
Sales & Marketing,32,Bachelors,m,sourcing,1,27,4.0,4,1,0,49
Analytics,20,Bachelors,m,other,1,29,1.0,4,0,0,80
Technology,26,Bachelors,f,other,1,27,4.0,4,1,0,82
Sales & Marketing,25,Masters & above,m,other,1,32,5.0,3,0,0,51
Finance,7,Bachelors,m,sourcing,1,32,5.0,6,1,0,60
Analytics,6,Bachelors,m,other,1,25,4.0,2,0,0,86
Operations,7,Masters & above,m,sourcing,1,37,3.0,7,1,0,57
Operations,2,Bachelors,m,sourcing,1,37,1.0,10,0,0,62
Sales & Marketing,22,Bachelors,m,sourcing,4,29,4.0,5,0,0,50
HR,11,Bachelors,m,other,1,29,3.0,4,0,0,47
Analytics,13,Masters & above,m,other,1,36,3.0,3,0,0,84
Analytics,2,Masters & above,m,sourcing,1,40,5.0,10,0,0,83
Sales & Marketing,6,Bachelors,m,other,1,37,1.0,11,0,0,51
Finance,22,Bachelors,m,sourcing,1,26,5.0,4,1,0,59
Sales & Marketing,7,Bachelors,m,other,1,55,3.0,12,0,0,51
Analytics,21,Bachelors,m,other,1,26,1.0,2,0,0,88
Sales & Marketing,18,Bachelors,m,other,1,34,3.0,2,1,0,43
Technology,7,Masters & above,m,sourcing,2,45,5.0,7,1,0,80
Operations,2,Masters & above,m,sourcing,1,41,5.0,7,1,0,63
Operations,2,Bachelors,f,other,1,35,2.0,9,0,0,63
Operations,7,Masters & above,f,other,1,35,3.0,8,1,0,60
Sales & Marketing,13,Masters & above,m,sourcing,1,43,5.0,2,1,0,53
Operations,15,Masters & above,m,other,1,53,4.0,12,0,0,58
Technology,13,Masters & above,m,other,1,33,3.0,4,0,0,75
Operations,2,Bachelors,m,sourcing,2,48,5.0,3,1,1,57
HR,7,Bachelors,f,other,1,32,3.0,7,0,0,49
Analytics,7,Masters & above,m,other,2,34,5.0,6,0,0,82
Finance,2,Bachelors,m,other,1,30,3.0,2,0,0,59
HR,2,Bachelors,m,other,1,37,1.0,9,0,0,50
Operations,27,Bachelors,f,other,1,34,5.0,7,1,0,61
Sales & Marketing,27,Bachelors,f,other,1,28,3.0,4,1,0,51
Sales & Marketing,25,Masters & above,m,other,2,44,3.0,11,0,0,51
Operations,7,Below Secondary,m,sourcing,1,28,3.0,2,1,0,63
Sales & Marketing,20,Bachelors,m,other,1,38,4.0,4,1,0,47
Sales & Marketing,14,Bachelors,m,sourcing,1,28,1.0,3,0,0,51
Sales & Marketing,22,Bachelors,m,sourcing,1,34,3.0,6,0,0,50
Sales & Marketing,4,Bachelors,m,sourcing,1,49,3.0,9,0,0,50
Analytics,22,Bachelors,m,other,1,27,4.0,4,1,0,81
Procurement,2,Bachelors,f,other,1,29,3.0,7,0,0,65
Sales & Marketing,28,Masters & above,f,other,1,33,1.0,8,0,0,49
Analytics,22,Bachelors,m,sourcing,1,29,4.0,3,1,0,82
R&D,15,Masters & above,m,other,2,30,3.0,5,0,0,86
Analytics,9,Bachelors,m,sourcing,1,31,3.0,4,1,1,83
Sales & Marketing,13,Bachelors,m,other,2,36,4.0,5,0,0,48
Operations,2,Bachelors,m,sourcing,1,31,3.0,3,0,0,59
Analytics,29,Bachelors,m,sourcing,1,36,5.0,4,1,0,87
Sales & Marketing,11,Bachelors,m,other,2,47,4.0,17,0,0,52
R&D,15,Masters & above,m,other,1,28,3.0,5,0,0,87
Sales & Marketing,7,Bachelors,m,other,3,29,2.0,4,0,0,45
Analytics,22,Bachelors,f,other,2,26,5.0,5,1,0,85
Operations,28,Bachelors,f,sourcing,1,31,3.0,4,0,0,62
Technology,2,Masters & above,f,other,2,35,2.0,7,0,0,77
Sales & Marketing,19,Bachelors,m,other,2,33,3.0,6,0,0,52
Operations,29,Bachelors,f,sourcing,1,34,3.0,3,0,0,56
Operations,2,Bachelors,f,other,1,27,5.0,2,1,0,59
Operations,22,Below Secondary,m,sourcing,1,21,4.0,2,0,0,52
Sales & Marketing,31,Bachelors,m,other,2,38,3.0,10,0,0,48
Operations,32,Bachelors,m,other,1,35,3.0,7,0,0,63
Operations,2,Bachelors,f,other,1,55,4.0,16,0,0,51
Sales & Marketing,2,Bachelors,f,other,1,51,4.0,3,0,0,51
HR,2,Masters & above,m,other,1,50,3.0,15,1,0,46
Technology,2,Masters & above,f,sourcing,2,36,2.0,5,0,0,81
Operations,32,Below Secondary,m,other,1,24,3.0,2,0,0,61
Finance,2,Bachelors,m,sourcing,1,36,4.0,10,0,0,60
Technology,13,Bachelors,m,other,1,35,3.0,2,0,0,74
Analytics,16,Bachelors,m,sourcing,1,34,5.0,6,0,0,81
Operations,15,Bachelors,f,other,1,47,4.0,19,0,0,60
Procurement,26,Masters & above,f,sourcing,1,60,3.0,4,0,0,73
Sales & Marketing,4,Masters & above,m,sourcing,1,41,4.0,12,0,0,50
Technology,7,Bachelors,m,other,1,34,1.0,5,0,0,72
Technology,2,Masters & above,f,sourcing,1,43,3.0,5,1,0,79
Legal,2,Masters & above,m,other,3,55,3.0,4,0,0,61
Operations,13,Masters & above,m,sourcing,1,40,5.0,2,1,0,56
Technology,10,Bachelors,m,sourcing,1,26,3.0,4,1,0,80
Procurement,7,Masters & above,f,sourcing,3,40,3.0,4,0,0,68
Operations,2,Bachelors,m,other,1,49,3.0,16,0,0,63
Sales & Marketing,25,Masters & above,m,sourcing,1,35,5.0,7,0,0,50
Analytics,32,Bachelors,m,sourcing,2,31,3.0,7,0,0,83
Sales & Marketing,7,Bachelors,m,other,1,34,4.0,8,0,0,52
Operations,7,Bachelors,m,other,1,28,3.0,5,0,0,59
HR,2,Below Secondary,f,sourcing,1,20,5.0,2,0,0,47
Sales & Marketing,27,Bachelors,m,sourcing,1,30,2.0,2,0,0,48
Operations,24,Bachelors,f,sourcing,1,31,4.0,4,1,0,54
Analytics,28,Bachelors,m,other,1,33,1.0,7,0,0,81
Technology,2,Bachelors,m,other,1,34,4.0,5,0,0,83
Procurement,31,Bachelors,m,sourcing,1,28,5.0,5,1,0,69
Operations,15,Bachelors,f,other,1,31,4.0,5,1,0,57
HR,7,Bachelors,f,other,1,31,5.0,6,1,0,48
Sales & Marketing,2,Masters & above,m,sourcing,1,38,3.0,10,0,0,47
HR,32,Bachelors,m,other,1,37,1.0,2,0,0,47
Technology,2,Bachelors,f,other,1,51,1.0,15,0,0,81
Technology,22,Masters & above,m,referred,1,34,4.0,7,1,0,78
Procurement,7,Masters & above,m,sourcing,1,48,3.0,18,0,0,69
Operations,16,Bachelors,f,other,2,30,2.0,7,0,0,59
R&D,22,Masters & above,m,other,1,32,5.0,7,1,0,81
Sales & Marketing,2,Masters & above,m,other,1,60,5.0,11,0,0,52
Analytics,22,Bachelors,m,other,1,29,4.0,5,0,0,85
Analytics,11,Bachelors,m,other,2,24,3.0,3,0,0,81
Sales & Marketing,22,Bachelors,f,sourcing,2,29,1.0,5,0,0,46
Technology,2,Masters & above,m,sourcing,1,55,4.0,3,1,0,79
HR,31,Masters & above,m,other,1,45,5.0,17,0,0,58
Sales & Marketing,7,Bachelors,f,sourcing,1,33,4.0,3,0,0,50
Operations,15,Masters & above,f,other,1,31,2.0,4,0,0,53
Sales & Marketing,9,Masters & above,m,other,1,32,3.0,7,0,0,47
Sales & Marketing,2,Masters & above,m,other,1,36,5.0,6,1,0,47
Operations,3,Masters & above,m,other,1,35,3.0,7,0,0,69
Procurement,7,Bachelors,m,other,1,33,3.0,7,1,0,73
Operations,26,Masters & above,m,sourcing,1,46,5.0,3,1,0,59
Sales & Marketing,7,Bachelors,m,other,1,20,3.0,2,0,0,50
Sales & Marketing,7,Masters & above,m,other,1,40,5.0,3,1,0,48
Sales & Marketing,2,Bachelors,m,other,2,47,4.0,3,0,0,56
Sales & Marketing,7,Masters & above,m,other,1,33,4.0,6,1,0,53
Sales & Marketing,29,Masters & above,m,other,1,34,1.0,8,0,0,46
Sales & Marketing,3,Bachelors,m,sourcing,1,43,2.0,11,0,0,47
Analytics,22,Bachelors,f,other,1,25,5.0,2,0,0,90
Sales & Marketing,4,Bachelors,m,other,1,43,2.0,8,1,0,53
Analytics,8,Bachelors,m,other,1,29,3.0,5,0,0,86
Sales & Marketing,22,Bachelors,m,sourcing,3,31,3.0,8,0,0,52
Procurement,2,Masters & above,f,sourcing,1,55,4.0,15,0,0,71
Sales & Marketing,22,Bachelors,m,sourcing,5,31,3.0,6,1,0,52
Sales & Marketing,22,Bachelors,m,sourcing,2,25,2.0,3,0,0,54
Technology,2,Bachelors,f,referred,1,33,4.0,6,1,0,81
Analytics,31,Bachelors,m,other,1,27,4.0,2,0,0,83
Technology,2,Masters & above,m,other,2,40,3.0,5,0,0,74
Operations,2,Masters & above,f,other,1,34,3.0,8,1,0,59
Technology,22,Bachelors,m,other,1,28,3.0,7,0,0,77
Operations,22,Masters & above,f,other,1,52,5.0,16,1,0,66
Technology,16,Bachelors,m,other,1,34,4.0,3,0,0,80
Operations,13,Bachelors,m,sourcing,1,44,4.0,5,0,0,60
Operations,2,Masters & above,m,other,1,33,4.0,8,0,0,63
Sales & Marketing,7,Masters & above,f,other,1,34,1.0,7,0,0,49
Sales & Marketing,2,Bachelors,m,sourcing,2,25,1.0,3,0,0,51
Analytics,13,Bachelors,m,other,1,27,5.0,2,1,0,84
Sales & Marketing,13,Bachelors,f,other,1,30,3.0,6,0,0,47
Sales & Marketing,13,Masters & above,m,sourcing,1,33,3.0,9,0,0,43
Sales & Marketing,13,Bachelors,m,other,1,49,5.0,19,1,0,50
Technology,26,Masters & above,m,other,1,40,3.0,4,0,0,77
HR,28,Masters & above,m,other,1,44,5.0,7,0,0,48
Sales & Marketing,13,Bachelors,f,sourcing,2,32,2.0,4,0,0,53
Sales & Marketing,15,Masters & above,m,sourcing,1,28,3.0,2,0,0,46
Analytics,5,Bachelors,m,other,1,26,5.0,4,1,0,86
Operations,22,Bachelors,m,sourcing,3,41,5.0,4,1,0,57
Technology,2,Bachelors,m,sourcing,1,32,3.0,7,0,0,81
Operations,4,Masters & above,m,other,2,37,5.0,9,1,0,62
Procurement,7,Masters & above,m,sourcing,1,59,5.0,13,0,0,72
Operations,22,Masters & above,m,sourcing,1,46,1.0,15,0,0,56
Technology,22,Masters & above,f,referred,1,36,4.0,10,0,0,74
Operations,20,Bachelors,m,other,1,37,5.0,9,1,0,63
HR,2,Bachelors,f,sourcing,1,29,3.0,3,0,0,49
Procurement,2,Bachelors,m,other,1,30,2.0,2,0,0,70
Finance,2,Bachelors,f,other,1,53,3.0,11,0,0,61
Operations,17,Masters & above,f,sourcing,1,34,3.0,6,1,0,59
Procurement,13,Masters & above,m,other,1,31,3.0,8,0,0,69
Operations,22,Bachelors,m,sourcing,1,40,2.0,11,1,0,57
Sales & Marketing,7,Bachelors,m,sourcing,1,46,1.0,3,0,0,49
HR,6,Bachelors,m,sourcing,1,27,5.0,2,1,0,49
Sales & Marketing,5,Masters & above,m,other,1,39,3.0,5,0,0,49
Procurement,5,Masters & above,m,sourcing,1,31,1.0,2,0,0,70
Technology,26,Masters & above,m,sourcing,1,39,5.0,9,1,0,78
Procurement,22,Bachelors,m,sourcing,1,27,3.0,2,0,0,67
Sales & Marketing,10,Masters & above,m,sourcing,1,38,3.0,6,0,0,43
Operations,4,Masters & above,f,other,1,48,5.0,16,1,0,58
Sales & Marketing,15,Masters & above,m,other,1,33,4.0,6,0,0,48
Technology,5,Masters & above,m,other,2,32,1.0,6,0,0,82
Procurement,13,Bachelors,m,other,3,50,3.0,4,1,0,70
Finance,2,Masters & above,m,other,1,42,5.0,13,0,0,59
Procurement,2,Bachelors,m,other,1,39,4.0,7,0,0,73
Sales & Marketing,22,Masters & above,f,other,1,33,4.0,8,0,0,51
Operations,13,Bachelors,f,sourcing,1,39,4.0,9,0,0,59
HR,23,Masters & above,m,sourcing,1,40,5.0,9,0,0,47
Sales & Marketing,13,Bachelors,m,other,1,41,1.0,7,0,0,50
Finance,6,Bachelors,m,sourcing,1,30,2.0,6,1,0,62
Sales & Marketing,2,Bachelors,m,other,2,25,1.0,3,0,0,52
Operations,29,Masters & above,m,other,1,33,4.0,4,1,0,57
Technology,13,Masters & above,m,other,1,54,4.0,3,0,0,80
Sales & Marketing,23,Masters & above,m,sourcing,1,34,3.0,6,0,0,49
Analytics,7,Masters & above,m,other,1,36,3.0,4,1,0,86
Operations,22,Bachelors,f,other,1,32,5.0,9,0,0,60
Operations,28,Masters & above,m,other,1,34,5.0,4,1,0,59
Operations,11,Bachelors,f,other,1,32,1.0,6,0,0,59
Sales & Marketing,26,Bachelors,f,sourcing,1,35,5.0,2,1,0,49
Procurement,23,Masters & above,f,sourcing,1,38,5.0,9,1,0,69
HR,2,Masters & above,f,other,1,40,3.0,5,1,0,48
Technology,23,Bachelors,m,sourcing,1,29,2.0,5,1,0,79
Sales & Marketing,7,Bachelors,m,sourcing,1,28,5.0,5,1,0,47
HR,2,Bachelors,f,other,1,37,5.0,10,0,0,46
Analytics,2,Bachelors,m,sourcing,1,29,5.0,2,0,0,84
Operations,2,Bachelors,f,sourcing,1,58,3.0,11,1,0,60
HR,19,Bachelors,m,other,1,33,4.0,3,0,0,52
Sales & Marketing,22,Bachelors,f,sourcing,1,28,5.0,3,1,0,53
Operations,2,Bachelors,f,other,1,34,5.0,2,0,0,62
Procurement,7,Masters & above,f,other,2,50,5.0,5,1,0,72
HR,28,Bachelors,m,other,1,27,3.0,3,0,0,54
Procurement,2,Masters & above,m,other,1,58,5.0,15,1,0,67
Sales & Marketing,7,Masters & above,m,sourcing,1,53,3.0,3,1,0,55
Technology,5,Bachelors,m,other,2,26,3.0,3,0,0,80
Procurement,4,Masters & above,m,sourcing,1,50,3.0,6,1,0,64
Sales & Marketing,13,Bachelors,m,other,2,41,2.0,15,0,0,49
Technology,10,Masters & above,f,other,1,34,3.0,7,0,0,85
Finance,22,Bachelors,m,sourcing,1,29,3.0,9,0,0,61
Procurement,2,Masters & above,f,sourcing,1,38,3.0,8,0,0,86
Sales & Marketing,27,Bachelors,m,other,3,29,1.0,4,0,0,50
Operations,22,Masters & above,m,other,1,34,3.0,7,1,0,59
Operations,15,Bachelors,m,other,1,41,5.0,4,1,0,56
HR,2,Masters & above,f,sourcing,1,40,3.0,8,0,0,50
Operations,2,Bachelors,m,sourcing,1,56,1.0,14,0,0,61
Operations,26,Bachelors,m,other,1,30,4.0,4,1,0,58
Procurement,2,Bachelors,f,sourcing,1,50,3.0,9,1,0,68
Procurement,31,Masters & above,m,other,2,34,5.0,2,1,0,71
Operations,31,Bachelors,f,other,1,29,3.0,7,1,0,62
Procurement,2,Bachelors,f,sourcing,1,35,3.0,3,1,0,65
Sales & Marketing,25,Masters & above,m,other,1,42,3.0,7,0,0,44
Technology,27,Bachelors,f,other,2,29,5.0,3,1,0,77
Operations,28,Masters & above,m,sourcing,1,35,4.0,10,1,0,57
Analytics,31,Bachelors,f,sourcing,1,29,4.0,2,1,0,83
Procurement,2,Masters & above,m,sourcing,1,60,2.0,17,1,0,70
Operations,2,Bachelors,m,sourcing,2,44,3.0,13,0,0,62
Legal,2,Bachelors,m,other,1,29,1.0,4,0,0,66
Finance,29,Masters & above,m,sourcing,1,35,5.0,9,1,0,63
Sales & Marketing,22,Masters & above,m,other,1,34,1.0,4,0,0,46
Operations,15,Masters & above,m,other,2,48,5.0,17,0,1,91
Sales & Marketing,1,Bachelors,m,sourcing,1,29,5.0,4,1,0,46
Procurement,2,Masters & above,m,sourcing,1,43,5.0,5,0,0,80
Sales & Marketing,7,Masters & above,m,other,2,40,1.0,6,1,0,49
Sales & Marketing,7,Bachelors,f,sourcing,1,38,5.0,8,0,0,52
Operations,15,Bachelors,f,other,1,30,5.0,2,1,0,59
Technology,22,Bachelors,f,sourcing,1,27,2.0,2,0,0,81
Analytics,15,Bachelors,f,sourcing,2,28,4.0,6,1,0,83
Sales & Marketing,27,Bachelors,m,other,2,37,1.0,4,0,0,53
Procurement,22,Bachelors,m,other,1,27,3.0,3,1,0,69
Operations,22,Masters & above,f,other,1,45,3.0,5,0,0,58
Technology,26,Bachelors,f,other,1,30,5.0,2,1,0,76
Technology,26,Bachelors,m,sourcing,1,37,5.0,10,1,0,80
Sales & Marketing,22,Bachelors,m,other,1,36,5.0,3,1,0,53
Procurement,8,Bachelors,m,sourcing,1,28,3.0,5,0,0,70
Operations,14,Bachelors,m,other,1,39,3.0,11,0,0,60
Operations,2,Masters & above,m,other,1,45,5.0,5,0,0,96
Procurement,2,Bachelors,f,other,1,38,5.0,8,0,0,69
R&D,2,Masters & above,m,other,1,33,5.0,7,1,0,79
Analytics,2,Masters & above,m,other,2,50,3.0,11,0,0,86
Analytics,22,Bachelors,f,other,1,33,5.0,5,0,0,80
Operations,7,Bachelors,f,other,1,35,3.0,10,0,0,64
Sales & Marketing,7,Bachelors,f,sourcing,1,38,4.0,11,0,0,46
Sales & Marketing,11,Masters & above,m,other,1,41,3.0,14,0,0,51
Sales & Marketing,7,Bachelors,m,sourcing,1,29,3.0,3,0,0,45
Operations,7,Bachelors,f,other,1,38,4.0,10,0,0,63
Sales & Marketing,12,Bachelors,m,sourcing,2,26,1.0,1,0,0,49
Operations,2,Bachelors,f,sourcing,1,28,3.0,3,0,0,60
Technology,2,Masters & above,m,sourcing,1,46,3.0,5,0,0,83
Technology,29,Masters & above,m,sourcing,1,35,5.0,4,1,0,78
Procurement,13,Bachelors,m,sourcing,1,36,1.0,4,0,0,71
Procurement,22,Masters & above,m,other,1,29,4.0,4,1,0,72
Sales & Marketing,2,Bachelors,f,sourcing,1,34,2.0,9,1,0,51
Analytics,22,Bachelors,f,other,1,32,3.0,6,0,0,84
Sales & Marketing,7,Masters & above,m,sourcing,1,40,4.0,9,0,0,44
Sales & Marketing,2,Bachelors,m,other,1,49,3.0,18,1,0,46
HR,25,Bachelors,m,sourcing,1,29,4.0,6,0,0,54
Analytics,2,Masters & above,f,sourcing,1,34,5.0,3,0,0,79
Analytics,22,Bachelors,f,other,1,28,1.0,6,1,0,86
Operations,8,Masters & above,m,sourcing,1,39,3.0,3,1,0,60
Operations,17,Masters & above,m,sourcing,2,39,3.0,2,1,0,58
Procurement,29,Masters & above,m,sourcing,1,36,5.0,7,0,0,68
Operations,15,Bachelors,m,other,1,31,4.0,5,0,0,55
HR,2,Below Secondary,m,sourcing,2,22,1.0,2,0,0,43
Sales & Marketing,26,Bachelors,m,other,1,27,2.0,5,1,0,54
Sales & Marketing,15,Bachelors,m,other,2,33,3.0,5,0,0,52
Technology,27,Bachelors,m,other,1,41,4.0,13,0,0,78
Analytics,22,Bachelors,m,sourcing,1,26,3.0,3,1,0,85
Finance,7,Masters & above,m,other,1,41,3.0,12,0,0,57
Operations,2,Bachelors,m,sourcing,1,47,5.0,19,1,0,59
HR,8,Bachelors,f,other,1,26,5.0,2,1,0,50
Sales & Marketing,22,Masters & above,f,sourcing,1,34,5.0,5,0,0,47
Operations,15,Bachelors,m,other,1,49,5.0,17,1,0,62
Sales & Marketing,28,Bachelors,m,other,1,36,2.0,5,1,0,45
Operations,2,Masters & above,f,other,1,36,4.0,4,1,0,61
Operations,2,Bachelors,m,sourcing,2,31,5.0,5,1,0,57
Operations,31,Bachelors,m,sourcing,1,35,1.0,6,0,0,58
Operations,5,Bachelors,m,sourcing,1,39,3.0,8,0,0,61
Sales & Marketing,12,Bachelors,m,other,1,31,4.0,4,0,0,49
Operations,19,Bachelors,m,sourcing,1,34,3.0,4,0,0,59
Sales & Marketing,22,Masters & above,f,sourcing,1,33,4.0,2,1,0,50
Operations,22,Masters & above,m,sourcing,1,41,1.0,7,0,0,60
Analytics,29,Bachelors,m,sourcing,1,39,2.0,4,0,0,80
Technology,7,Masters & above,f,sourcing,1,40,4.0,6,1,0,81
Legal,2,Bachelors,m,sourcing,1,29,4.0,4,0,0,61
Analytics,7,Bachelors,m,other,2,41,3.0,9,0,0,83
Sales & Marketing,16,Bachelors,m,sourcing,1,35,5.0,7,0,0,55
Sales & Marketing,11,Masters & above,m,sourcing,1,33,3.0,3,0,0,49
Analytics,31,Bachelors,m,other,1,27,5.0,3,0,0,83
Operations,12,Bachelors,f,other,1,27,4.0,4,0,0,60
Sales & Marketing,26,Bachelors,m,other,1,34,4.0,4,0,0,52
Operations,11,Bachelors,m,sourcing,1,30,3.0,6,1,0,63
Sales & Marketing,30,Bachelors,m,other,1,27,5.0,4,0,0,52
Sales & Marketing,28,Bachelors,m,other,1,28,4.0,5,0,0,50
HR,32,Below Secondary,m,sourcing,1,24,5.0,2,0,0,52
Procurement,2,Bachelors,m,other,1,37,3.0,9,0,0,71
R&D,26,Bachelors,m,other,1,32,3.0,6,1,0,86
Legal,22,Bachelors,m,referred,1,30,5.0,2,1,0,57
R&D,4,Bachelors,m,other,2,31,5.0,2,1,0,87
Operations,15,Bachelors,f,sourcing,1,46,3.0,10,0,0,61
Sales & Marketing,26,Masters & above,m,other,2,32,3.0,6,0,0,50
Analytics,22,Bachelors,m,sourcing,1,39,1.0,3,0,0,81
Sales & Marketing,13,Bachelors,m,other,1,40,4.0,14,0,0,52
Analytics,22,Bachelors,m,other,1,28,1.0,4,0,0,85
Finance,2,Below Secondary,f,other,1,23,5.0,2,0,0,71
Procurement,17,Bachelors,m,sourcing,1,41,2.0,10,0,0,71
R&D,31,Bachelors,m,sourcing,1,35,3.0,7,1,0,82
Technology,13,Masters & above,m,other,1,51,4.0,26,1,0,79
Operations,13,Bachelors,m,sourcing,1,35,3.0,5,0,0,60
Operations,7,Bachelors,f,other,1,31,4.0,6,1,0,62
Procurement,2,Bachelors,m,other,1,60,5.0,30,0,0,72
Sales & Marketing,14,Bachelors,m,other,2,29,3.0,8,0,0,46
Finance,22,Masters & above,m,sourcing,1,44,4.0,4,0,0,58
Analytics,2,Bachelors,m,other,1,39,1.0,11,0,0,87
Operations,2,Masters & above,f,other,1,31,3.0,5,1,0,58
HR,29,Bachelors,f,sourcing,1,33,5.0,6,1,0,54
Procurement,2,Masters & above,f,other,1,43,4.0,7,1,0,81
Sales & Marketing,15,Bachelors,m,other,1,41,4.0,9,0,0,47
Operations,22,Masters & above,m,other,2,31,4.0,7,0,0,58
Sales & Marketing,16,Bachelors,m,other,1,28,3.0,5,1,0,53
Technology,7,Bachelors,f,sourcing,1,27,3.0,2,0,0,90
Finance,7,Bachelors,m,sourcing,1,36,5.0,2,1,0,59
Sales & Marketing,15,Bachelors,m,sourcing,1,27,2.0,2,0,0,44
Procurement,2,Bachelors,m,other,3,42,3.0,13,0,0,69
Analytics,25,Masters & above,m,sourcing,1,35,1.0,4,0,0,87
Operations,13,Bachelors,f,other,1,29,3.0,2,1,0,60
Technology,27,Bachelors,m,other,1,28,3.0,2,1,0,81
Analytics,31,Bachelors,m,sourcing,1,36,1.0,2,0,0,84
Analytics,22,Bachelors,m,other,2,33,4.0,4,0,0,84
Operations,2,Masters & above,m,other,1,37,4.0,10,0,0,58
Operations,22,Bachelors,m,sourcing,1,36,3.0,6,1,1,61
Sales & Marketing,34,Bachelors,m,other,1,35,4.0,4,0,0,49
Procurement,16,Bachelors,m,sourcing,1,36,3.0,6,1,0,67
R&D,4,Bachelors,m,sourcing,1,36,5.0,2,1,0,88
Operations,14,Bachelors,m,sourcing,1,48,5.0,20,1,0,61
Procurement,7,Bachelors,f,sourcing,1,31,5.0,1,1,0,72
Procurement,2,Bachelors,f,sourcing,1,28,5.0,2,0,0,87
R&D,2,Bachelors,m,sourcing,1,29,3.0,3,0,0,83
Sales & Marketing,25,Bachelors,f,other,1,28,5.0,2,0,0,48
Sales & Marketing,1,Bachelors,m,sourcing,1,32,4.0,9,0,0,53
Sales & Marketing,31,Bachelors,m,other,1,35,3.0,7,0,0,48
Analytics,22,Bachelors,m,sourcing,1,26,5.0,2,0,0,83
Sales & Marketing,30,Masters & above,m,other,1,38,3.0,3,1,0,48
Operations,22,Bachelors,m,referred,1,28,5.0,2,0,0,62
Sales & Marketing,23,Masters & above,m,other,1,38,4.0,13,0,0,48
Analytics,1,Masters & above,m,other,1,32,5.0,4,0,0,87
Operations,15,Bachelors,f,other,1,30,4.0,6,0,0,60
R&D,2,Bachelors,m,other,4,31,5.0,5,1,0,87
Finance,28,Bachelors,f,sourcing,1,25,5.0,4,1,0,61
Procurement,2,Bachelors,f,other,2,47,4.0,15,0,0,72
Sales & Marketing,11,Bachelors,m,other,1,33,1.0,2,1,0,47
Procurement,26,Bachelors,m,other,2,39,3.0,11,0,0,71
Operations,2,Bachelors,m,other,1,50,5.0,5,0,1,70
Sales & Marketing,2,Bachelors,m,other,1,35,5.0,4,0,0,61
Operations,14,Bachelors,f,sourcing,1,36,3.0,11,0,0,60
Finance,13,Bachelors,m,other,1,32,1.0,9,0,1,92
Analytics,34,Bachelors,m,other,1,30,5.0,6,1,0,86
Procurement,26,Bachelors,m,sourcing,1,55,4.0,17,0,0,65
Operations,32,Masters & above,m,other,1,35,1.0,9,0,0,61
Sales & Marketing,4,Masters & above,m,other,1,41,5.0,11,0,0,55
Procurement,6,Bachelors,f,other,2,26,3.0,4,0,0,66
Technology,15,Bachelors,m,other,1,31,3.0,3,1,0,82
Sales & Marketing,4,Bachelors,m,other,1,49,4.0,8,0,0,49
Sales & Marketing,31,Bachelors,m,sourcing,1,37,1.0,10,0,0,47
Operations,22,Masters & above,m,other,1,46,3.0,13,0,0,59
Operations,22,Bachelors,m,referred,1,28,5.0,4,1,0,56
Operations,7,Bachelors,m,other,1,40,5.0,10,1,0,61
Sales & Marketing,10,Bachelors,m,other,1,29,1.0,2,0,0,45
Technology,2,Below Secondary,m,sourcing,1,24,1.0,2,0,0,82
Sales & Marketing,2,Bachelors,m,sourcing,1,33,1.0,3,0,0,45
Sales & Marketing,24,Bachelors,m,sourcing,1,24,3.0,2,0,0,51
Technology,2,Masters & above,m,other,1,51,5.0,11,0,0,78
Procurement,2,Bachelors,f,other,1,60,4.0,20,0,0,65
Sales & Marketing,31,Bachelors,m,other,1,30,4.0,4,0,0,47
Procurement,23,Masters & above,m,sourcing,1,37,3.0,6,0,0,73
Procurement,31,Masters & above,m,sourcing,1,35,3.0,5,0,0,71
Legal,22,Bachelors,m,other,1,27,3.0,4,0,0,61
Sales & Marketing,32,Bachelors,f,other,1,28,3.0,2,0,0,55
Operations,2,Masters & above,m,sourcing,1,54,4.0,10,1,0,59
Operations,7,Masters & above,f,sourcing,1,31,3.0,4,1,0,60
Technology,13,Bachelors,m,referred,1,29,4.0,4,0,0,79
Technology,31,Bachelors,m,sourcing,1,29,3.0,3,0,0,78
R&D,15,Bachelors,m,sourcing,1,36,5.0,6,1,0,88
Technology,22,Bachelors,f,other,1,38,3.0,3,1,0,82
Operations,13,Bachelors,m,other,2,32,3.0,9,0,0,58
Sales & Marketing,31,Bachelors,m,other,1,32,3.0,8,0,0,53
Sales & Marketing,12,Masters & above,m,sourcing,1,38,1.0,14,0,0,53
Sales & Marketing,9,Bachelors,m,sourcing,1,28,3.0,4,1,0,48
Sales & Marketing,7,Bachelors,m,other,1,29,1.0,5,0,0,50
Sales & Marketing,27,Masters & above,m,sourcing,1,35,3.0,6,0,0,52
Procurement,13,Bachelors,m,other,1,26,4.0,5,1,0,70
Procurement,15,Bachelors,m,other,1,33,2.0,7,0,0,69
Sales & Marketing,2,Bachelors,m,sourcing,1,55,4.0,24,0,0,51
Sales & Marketing,4,Bachelors,m,other,1,40,1.0,7,0,0,47
Operations,2,Bachelors,f,other,3,37,3.0,9,0,0,58
Procurement,10,Bachelors,f,sourcing,1,28,5.0,4,1,0,66
Analytics,6,Bachelors,f,sourcing,2,32,5.0,3,0,0,89
Sales & Marketing,1,Masters & above,m,other,1,34,4.0,3,0,0,54
Technology,17,Bachelors,f,other,1,48,3.0,6,1,0,80
Sales & Marketing,16,Bachelors,m,other,1,53,4.0,26,0,0,49
Sales & Marketing,27,Masters & above,m,other,1,42,5.0,12,1,0,48
Procurement,11,Bachelors,f,other,1,34,5.0,8,1,0,68
HR,22,Masters & above,f,sourcing,1,36,5.0,3,0,0,48
Operations,26,Bachelors,f,sourcing,1,33,5.0,5,0,0,58
HR,2,Bachelors,f,referred,1,33,3.0,9,1,0,55
Technology,22,Masters & above,m,other,1,37,2.0,2,0,0,77
HR,27,Bachelors,m,sourcing,1,31,2.0,3,0,0,50
Technology,31,Bachelors,f,sourcing,1,27,3.0,4,0,0,79
Analytics,31,Bachelors,m,sourcing,4,40,5.0,5,0,0,86
Technology,7,Bachelors,m,sourcing,1,34,3.0,2,1,0,80
Analytics,22,Masters & above,f,sourcing,1,35,3.0,3,1,0,83
Sales & Marketing,27,Bachelors,m,sourcing,1,30,5.0,3,1,0,47
Sales & Marketing,2,Masters & above,f,sourcing,1,34,1.0,7,0,0,50
Technology,32,Bachelors,m,other,1,28,2.0,6,0,0,85
Analytics,10,Bachelors,m,other,2,30,3.0,3,1,0,84
Legal,22,Bachelors,m,sourcing,1,27,3.0,2,0,0,59
Sales & Marketing,7,Bachelors,m,other,3,36,3.0,9,0,0,51
Operations,22,Masters & above,m,sourcing,1,40,1.0,3,1,0,61
Technology,5,Bachelors,m,sourcing,1,47,3.0,18,0,0,85
Sales & Marketing,2,Bachelors,f,other,1,28,1.0,3,1,0,51
Analytics,22,Bachelors,f,sourcing,1,27,3.0,2,0,0,90
Operations,22,Bachelors,m,sourcing,1,36,5.0,10,0,0,57
Finance,13,Bachelors,f,other,1,25,3.0,2,0,0,58
Operations,22,Bachelors,m,other,1,33,4.0,7,0,0,58
Sales & Marketing,2,Bachelors,m,sourcing,1,20,1.0,2,0,0,45
HR,13,Masters & above,m,other,1,35,3.0,8,0,0,51
Operations,2,Bachelors,f,sourcing,1,53,4.0,9,0,0,64
Procurement,15,Bachelors,f,sourcing,1,32,5.0,5,1,0,71
Operations,13,Bachelors,m,sourcing,1,26,5.0,4,1,0,61
Operations,2,Masters & above,m,sourcing,2,42,5.0,16,0,0,62
Operations,13,Bachelors,m,other,1,40,5.0,5,1,0,56
Procurement,2,Masters & above,m,sourcing,2,59,3.0,7,0,0,70
Operations,22,Masters & above,m,sourcing,2,36,3.0,8,0,0,58
Procurement,31,Bachelors,f,other,3,27,2.0,3,0,0,70
Sales & Marketing,14,Bachelors,f,other,1,31,3.0,4,0,0,46
Sales & Marketing,2,Masters & above,m,sourcing,1,53,5.0,3,1,0,51
Technology,7,Masters & above,f,other,1,47,1.0,3,0,0,78
HR,26,Bachelors,m,other,1,23,3.0,2,0,0,45
HR,2,Masters & above,f,other,1,38,3.0,11,0,0,50
Operations,7,Bachelors,m,other,1,39,4.0,4,0,0,65
Sales & Marketing,7,Bachelors,m,other,2,36,3.0,7,0,0,45
Sales & Marketing,7,Bachelors,m,sourcing,1,45,3.0,12,0,0,44
Finance,2,Masters & above,m,other,3,36,3.0,10,0,0,60
Sales & Marketing,24,Bachelors,m,other,1,27,2.0,2,0,0,50
Operations,16,Bachelors,f,other,1,40,4.0,3,0,0,59
Operations,7,Bachelors,m,sourcing,1,38,3.0,3,0,0,56
Operations,19,Bachelors,m,other,2,38,3.0,11,0,0,59
Procurement,2,Masters & above,m,other,3,48,3.0,8,0,0,69
Operations,29,Bachelors,m,sourcing,1,36,3.0,9,0,0,63
Sales & Marketing,9,Bachelors,m,sourcing,1,35,3.0,6,0,0,49
Sales & Marketing,2,Masters & above,f,sourcing,2,40,2.0,8,0,0,47
Operations,2,Bachelors,f,sourcing,1,43,4.0,6,0,0,60
Sales & Marketing,7,Bachelors,f,other,1,28,1.0,4,0,0,48
Operations,4,Bachelors,m,sourcing,1,32,3.0,5,0,0,63
HR,22,Masters & above,m,other,1,35,1.0,8,0,0,49
Technology,26,Bachelors,m,referred,1,32,4.0,3,1,0,80
Sales & Marketing,3,Bachelors,m,other,1,33,5.0,7,1,0,51
Procurement,7,Masters & above,m,other,1,45,3.0,2,0,0,68
Sales & Marketing,16,Masters & above,m,sourcing,1,31,3.0,2,0,0,44
Sales & Marketing,7,Bachelors,m,other,2,38,4.0,5,1,1,54
Sales & Marketing,3,Bachelors,m,other,1,28,5.0,4,1,0,49
Sales & Marketing,22,Bachelors,f,sourcing,2,33,5.0,6,0,0,52
Sales & Marketing,16,Masters & above,m,sourcing,1,46,3.0,19,0,0,53
Sales & Marketing,15,Bachelors,m,other,2,27,1.0,2,0,0,54
Sales & Marketing,2,Bachelors,m,other,1,53,4.0,5,1,0,52
Sales & Marketing,26,Masters & above,m,sourcing,1,42,3.0,2,1,0,54
Sales & Marketing,22,Bachelors,m,other,1,33,4.0,8,1,0,50
Sales & Marketing,2,Bachelors,m,other,2,38,3.0,4,0,0,53
Sales & Marketing,28,Bachelors,m,other,1,28,5.0,2,1,0,53
Sales & Marketing,27,Bachelors,f,other,1,27,5.0,4,0,0,49
Technology,27,Bachelors,f,other,1,36,3.0,2,0,0,81
Analytics,22,Bachelors,f,other,2,28,2.0,2,1,0,89
Procurement,2,Masters & above,f,other,2,42,5.0,5,1,0,71
Operations,22,Bachelors,m,other,1,41,4.0,12,0,0,60
Sales & Marketing,11,Bachelors,m,sourcing,1,27,4.0,4,0,0,48
Sales & Marketing,2,Bachelors,m,sourcing,1,45,1.0,15,0,0,51
Technology,25,Bachelors,f,sourcing,1,26,3.0,2,0,0,78
Sales & Marketing,25,Bachelors,m,other,1,31,5.0,7,0,0,61
Procurement,31,Bachelors,m,other,1,37,5.0,7,1,0,73
Procurement,23,Masters & above,f,other,1,32,3.0,7,0,0,70
Sales & Marketing,31,Masters & above,m,sourcing,3,32,3.0,5,0,0,49
Sales & Marketing,26,Bachelors,m,sourcing,1,37,3.0,8,0,0,48
Sales & Marketing,7,Masters & above,m,other,2,31,5.0,2,0,0,49
Procurement,7,Bachelors,f,sourcing,1,30,3.0,5,0,0,66
Technology,5,Bachelors,f,sourcing,1,33,4.0,3,0,0,82
Sales & Marketing,13,Bachelors,m,sourcing,1,29,1.0,8,0,0,49
Sales & Marketing,32,Bachelors,m,other,1,34,1.0,5,1,0,48
Sales & Marketing,31,Bachelors,m,sourcing,3,35,3.0,3,0,0,52
Finance,2,Masters & above,m,sourcing,1,40,5.0,8,0,0,58
Procurement,34,Masters & above,f,sourcing,1,36,3.0,3,1,0,70
Analytics,11,Bachelors,m,other,1,30,3.0,5,0,0,84
R&D,27,Bachelors,m,sourcing,1,32,3.0,4,0,0,88
Procurement,7,Bachelors,f,sourcing,1,32,5.0,6,1,0,68
Procurement,23,Masters & above,f,sourcing,1,35,3.0,3,0,0,70
Operations,7,Bachelors,m,other,2,38,5.0,3,0,1,70
Analytics,22,Bachelors,m,other,2,31,4.0,3,1,0,84
Technology,7,Masters & above,f,sourcing,1,54,3.0,18,1,0,82
Sales & Marketing,22,Masters & above,f,other,1,34,4.0,4,1,0,53
Operations,15,Bachelors,f,other,2,33,3.0,6,1,0,59
Operations,22,Masters & above,m,sourcing,1,50,3.0,7,0,1,71
Operations,27,Bachelors,m,other,1,41,4.0,13,0,0,62
Sales & Marketing,22,Masters & above,m,other,2,47,1.0,6,0,0,50
Procurement,13,Bachelors,m,sourcing,2,28,4.0,3,1,0,67
Procurement,2,Bachelors,f,sourcing,1,37,5.0,9,1,0,70
HR,15,Bachelors,f,sourcing,1,29,4.0,5,1,0,48
Sales & Marketing,2,Bachelors,m,sourcing,3,27,3.0,5,0,0,49
Operations,3,Bachelors,m,sourcing,1,29,2.0,6,0,0,60
Technology,26,Bachelors,m,other,1,30,4.0,7,1,0,80
Technology,15,Bachelors,f,sourcing,1,28,3.0,2,0,0,83
Technology,13,Bachelors,f,other,1,32,3.0,5,1,0,78
Sales & Marketing,4,Bachelors,m,other,1,29,3.0,2,1,0,50
Procurement,8,Masters & above,f,sourcing,1,36,3.0,4,1,0,67
Sales & Marketing,24,Masters & above,m,other,1,31,3.0,4,1,0,52
Technology,2,Bachelors,m,other,1,37,5.0,4,1,0,77
Operations,2,Masters & above,f,other,1,60,5.0,7,1,0,60
Sales & Marketing,13,Bachelors,f,other,4,30,1.0,7,0,0,49
Operations,22,Bachelors,f,sourcing,1,30,2.0,4,0,0,59
Sales & Marketing,15,Bachelors,m,other,1,43,3.0,4,0,0,51
Sales & Marketing,26,Masters & above,m,sourcing,1,39,1.0,5,1,0,52
Sales & Marketing,31,Bachelors,m,other,1,26,1.0,3,0,0,49
Sales & Marketing,16,Bachelors,m,sourcing,1,29,2.0,6,0,0,51
Procurement,25,Bachelors,m,other,1,31,4.0,4,0,0,70
Operations,29,Bachelors,f,sourcing,1,30,5.0,2,1,0,61
Technology,13,Masters & above,m,sourcing,2,34,5.0,7,1,0,72
Operations,4,Bachelors,m,other,1,28,3.0,2,1,0,63
Technology,1,Masters & above,m,other,1,37,5.0,9,1,0,75
Sales & Marketing,22,Bachelors,f,sourcing,5,26,4.0,5,0,0,48
R&D,27,Bachelors,m,sourcing,1,34,5.0,6,1,0,82
Procurement,16,Bachelors,f,sourcing,1,31,5.0,4,1,0,76
Procurement,15,Masters & above,f,other,1,40,5.0,10,1,0,71
Sales & Marketing,10,Bachelors,m,other,1,28,3.0,6,0,0,46
Sales & Marketing,4,Bachelors,m,sourcing,2,27,3.0,3,0,0,47
Sales & Marketing,20,Masters & above,m,other,1,34,4.0,6,0,0,47
Operations,2,Bachelors,m,other,2,34,3.0,7,0,0,58
Analytics,22,Bachelors,m,sourcing,1,31,5.0,5,0,0,84
Technology,3,Bachelors,m,other,1,26,5.0,3,0,0,83
Operations,2,Masters & above,f,other,1,36,1.0,5,0,0,59
Technology,10,Masters & above,m,other,2,36,3.0,10,0,0,73
Sales & Marketing,5,Masters & above,m,other,1,34,2.0,8,0,0,51
Sales & Marketing,33,Masters & above,m,other,2,39,1.0,8,0,0,51
Finance,22,Bachelors,m,other,2,33,5.0,8,1,0,59
Technology,2,Bachelors,m,other,1,33,3.0,5,0,0,79
Operations,23,Masters & above,m,sourcing,1,40,4.0,3,0,0,62
Technology,2,Bachelors,f,sourcing,1,42,4.0,16,0,0,87
Technology,8,Masters & above,m,other,3,35,3.0,8,0,0,78
Operations,20,Bachelors,f,sourcing,1,26,3.0,2,0,0,58
Procurement,2,Masters & above,f,sourcing,1,37,4.0,2,1,0,70
Operations,2,Bachelors,f,sourcing,1,60,3.0,6,0,0,59
Procurement,2,Bachelors,m,other,1,46,3.0,12,0,0,68
Sales & Marketing,22,Masters & above,f,sourcing,1,34,1.0,8,0,0,46
Finance,22,Bachelors,m,other,1,30,4.0,3,1,0,57
Sales & Marketing,15,Bachelors,m,sourcing,1,29,4.0,3,0,0,51
Sales & Marketing,12,Bachelors,m,sourcing,1,34,3.0,5,0,0,45
Analytics,31,Bachelors,m,sourcing,1,27,3.0,6,1,0,87
Procurement,22,Bachelors,m,other,2,23,1.0,2,0,0,70
HR,2,Bachelors,m,other,1,35,3.0,8,0,0,48
R&D,23,Masters & above,m,sourcing,1,36,5.0,9,1,0,82
Operations,16,Bachelors,m,sourcing,1,38,3.0,8,0,0,58
Analytics,19,Bachelors,m,sourcing,1,30,3.0,5,0,0,80
Operations,2,Masters & above,m,other,1,55,3.0,7,0,0,58
HR,2,Below Secondary,m,other,1,20,5.0,1,0,0,48
Technology,28,Bachelors,m,sourcing,2,30,3.0,2,0,0,83
Sales & Marketing,15,Bachelors,f,other,1,38,3.0,10,0,0,50
Sales & Marketing,20,Masters & above,m,sourcing,2,39,1.0,4,1,0,52
Analytics,32,Bachelors,f,other,1,28,5.0,3,1,0,82
Procurement,26,Bachelors,m,other,1,33,3.0,7,0,0,68
Analytics,22,Bachelors,m,sourcing,1,39,4.0,9,0,0,91
Technology,13,Bachelors,f,other,1,49,3.0,16,0,0,80
Technology,2,Bachelors,f,other,1,31,4.0,4,1,0,80
Finance,30,Bachelors,m,other,1,26,4.0,2,0,0,54
Sales & Marketing,30,Bachelors,m,sourcing,1,36,5.0,8,0,0,50
Finance,23,Masters & above,m,other,1,35,3.0,7,0,0,55
Technology,7,Bachelors,m,sourcing,1,53,5.0,7,0,0,77
Technology,8,Bachelors,f,sourcing,1,31,3.0,4,0,0,83
Operations,22,Masters & above,f,other,1,51,4.0,15,1,0,63
Sales & Marketing,14,Bachelors,m,sourcing,1,34,3.0,5,0,0,47
Sales & Marketing,2,Bachelors,f,sourcing,2,34,3.0,6,0,0,45
Analytics,26,Bachelors,m,sourcing,1,28,2.0,4,1,0,86
Sales & Marketing,11,Bachelors,m,sourcing,1,51,5.0,14,0,0,55
Analytics,13,Bachelors,m,sourcing,2,31,3.0,6,0,0,82
Procurement,2,Masters & above,f,sourcing,1,36,5.0,3,1,0,70
Procurement,22,Masters & above,m,other,1,42,5.0,12,1,0,68
Procurement,24,Bachelors,f,sourcing,1,31,3.0,5,0,0,69
Technology,2,Bachelors,m,other,1,42,3.0,8,1,0,78
Sales & Marketing,19,Bachelors,m,other,2,34,1.0,6,0,0,50
Technology,7,Masters & above,m,referred,1,33,4.0,7,0,0,80
Sales & Marketing,22,Masters & above,m,other,1,38,3.0,10,0,0,51
Analytics,16,Bachelors,m,other,1,28,5.0,4,1,0,79
Sales & Marketing,24,Bachelors,m,other,1,31,3.0,4,0,0,48
Operations,7,Bachelors,m,sourcing,1,37,5.0,4,0,0,55
Operations,15,Bachelors,f,other,1,35,3.0,4,1,0,61
Sales & Marketing,29,Bachelors,m,other,1,41,1.0,6,0,0,49
Sales & Marketing,22,Bachelors,m,other,1,56,4.0,14,1,0,50
Sales & Marketing,25,Bachelors,m,sourcing,1,31,5.0,7,1,0,50
Technology,32,Bachelors,m,other,3,26,3.0,3,0,0,81
Legal,2,Masters & above,m,sourcing,1,38,4.0,8,0,0,58
Finance,19,Bachelors,m,sourcing,1,27,2.0,2,0,0,60
Sales & Marketing,11,Bachelors,m,sourcing,1,29,5.0,4,1,0,49
Sales & Marketing,22,Masters & above,f,other,1,43,3.0,10,0,0,54
Sales & Marketing,9,Bachelors,m,other,1,31,1.0,4,0,0,49
Procurement,5,Bachelors,m,other,1,32,3.0,4,0,0,70
Sales & Marketing,22,Bachelors,m,other,2,29,1.0,5,0,0,49
Procurement,2,Masters & above,m,sourcing,1,52,3.0,11,1,0,69
Sales & Marketing,27,Bachelors,m,other,1,31,5.0,3,0,0,55
Sales & Marketing,14,Bachelors,m,other,1,29,1.0,5,0,0,52
Operations,28,Bachelors,m,other,1,39,3.0,10,0,0,61
Sales & Marketing,2,Bachelors,f,other,1,41,1.0,13,0,0,50
Sales & Marketing,1,Bachelors,f,sourcing,1,25,2.0,4,0,0,51
Sales & Marketing,4,Masters & above,m,sourcing,2,43,5.0,6,1,0,53
Operations,8,Bachelors,f,other,1,31,5.0,4,1,0,59
Analytics,7,Bachelors,m,other,1,45,5.0,19,1,0,82
Operations,2,Bachelors,f,sourcing,2,31,4.0,4,0,0,57
Technology,11,Bachelors,f,other,2,26,5.0,1,1,0,78
Procurement,7,Masters & above,m,sourcing,1,31,5.0,4,1,0,71
Operations,19,Masters & above,m,other,1,47,3.0,5,0,0,61
Procurement,2,Masters & above,f,other,1,58,2.0,7,0,0,70
Technology,26,Bachelors,m,other,1,29,3.0,5,0,0,82
Procurement,17,Masters & above,m,sourcing,1,51,3.0,3,1,0,66
Analytics,7,Bachelors,m,other,1,30,5.0,7,0,0,85
Sales & Marketing,28,Bachelors,m,other,1,27,5.0,2,0,0,46
Sales & Marketing,30,Bachelors,m,other,1,35,5.0,2,0,0,47
Procurement,2,Bachelors,m,sourcing,1,53,3.0,19,0,0,69
Technology,22,Masters & above,m,other,2,31,3.0,7,1,0,83
Sales & Marketing,26,Bachelors,m,other,1,44,3.0,4,0,0,47
Sales & Marketing,26,Bachelors,m,other,1,36,3.0,9,0,0,49
Operations,32,Bachelors,f,sourcing,1,30,3.0,10,0,0,58
Operations,31,Masters & above,f,sourcing,1,33,3.0,5,0,0,58
Finance,30,Bachelors,f,other,1,27,5.0,6,1,0,57
Operations,29,Bachelors,m,other,1,32,5.0,5,0,0,62
Sales & Marketing,22,Masters & above,m,other,1,36,4.0,8,0,0,49
Sales & Marketing,15,Bachelors,m,other,1,35,2.0,7,0,0,54
Procurement,22,Masters & above,m,sourcing,1,35,5.0,9,0,0,71
Operations,22,Bachelors,f,sourcing,1,35,5.0,3,1,0,61
HR,2,Bachelors,m,sourcing,1,39,1.0,5,0,0,52
Technology,5,Masters & above,f,other,1,38,3.0,3,0,0,80
Sales & Marketing,2,Bachelors,f,other,2,49,2.0,6,0,0,54
HR,2,Masters & above,m,other,1,49,5.0,18,0,0,50
Operations,22,Masters & above,m,sourcing,2,32,3.0,4,0,0,58
Procurement,11,Bachelors,f,other,1,36,5.0,9,1,0,73
Procurement,13,Bachelors,m,other,1,31,5.0,7,1,0,70
Procurement,13,Bachelors,m,sourcing,1,35,1.0,9,0,0,70
Procurement,2,Masters & above,f,other,1,50,4.0,8,1,0,68
Procurement,7,Bachelors,f,other,2,33,3.0,6,1,0,68
HR,2,Bachelors,m,sourcing,1,30,5.0,6,1,0,51
Procurement,2,Bachelors,f,referred,1,37,4.0,4,1,0,70
Technology,24,Bachelors,f,sourcing,1,31,1.0,6,0,0,80
Sales & Marketing,7,Bachelors,m,other,1,44,1.0,15,0,0,50
Analytics,2,Bachelors,m,other,1,30,4.0,2,0,0,86
Finance,31,Bachelors,m,other,1,29,4.0,5,1,0,60
R&D,2,Masters & above,m,sourcing,2,35,3.0,3,0,0,80
Operations,15,Bachelors,m,sourcing,1,36,3.0,4,1,0,55
Sales & Marketing,2,Masters & above,m,other,1,33,2.0,5,1,0,53
Analytics,10,Masters & above,m,other,2,32,4.0,4,0,0,86
Sales & Marketing,24,Bachelors,m,sourcing,1,34,2.0,2,0,0,50
Technology,15,Bachelors,f,other,1,26,4.0,3,0,0,81
Procurement,2,Masters & above,f,sourcing,1,50,3.0,9,0,0,69
Sales & Marketing,2,Bachelors,m,other,1,41,3.0,7,0,0,64
Procurement,15,Bachelors,m,other,1,34,5.0,9,0,0,69
Sales & Marketing,9,Bachelors,m,sourcing,1,30,5.0,2,0,0,49
Sales & Marketing,2,Bachelors,m,other,1,31,5.0,2,1,0,94
Sales & Marketing,9,Bachelors,m,other,2,29,1.0,4,1,0,52
Procurement,22,Bachelors,m,other,1,24,1.0,2,0,0,69
Technology,15,Masters & above,f,other,1,35,1.0,9,0,0,81
Sales & Marketing,29,Bachelors,m,other,2,26,1.0,5,0,0,50
Operations,7,Bachelors,f,other,1,30,3.0,2,0,0,59
Sales & Marketing,33,Bachelors,m,other,1,39,3.0,5,0,0,50
Finance,2,Bachelors,m,other,1,32,1.0,2,0,0,56
Sales & Marketing,32,Bachelors,m,other,1,27,3.0,2,0,0,45
HR,13,Bachelors,m,sourcing,1,27,5.0,5,0,0,45
Operations,2,Bachelors,f,sourcing,1,59,4.0,16,0,0,60
Sales & Marketing,25,Bachelors,m,other,1,36,3.0,7,1,0,48
Operations,2,Masters & above,m,other,1,43,4.0,4,1,0,49
Procurement,2,Bachelors,f,sourcing,1,32,2.0,7,0,0,79
Procurement,13,Masters & above,f,other,2,38,4.0,12,0,0,68
Operations,29,Bachelors,m,other,1,26,3.0,2,0,0,58
Procurement,19,Bachelors,m,sourcing,1,32,4.0,7,1,0,67
Sales & Marketing,7,Bachelors,f,other,1,38,1.0,2,0,0,49
Operations,13,Bachelors,m,other,1,39,4.0,4,0,0,60
Finance,28,Bachelors,f,sourcing,1,30,5.0,4,0,0,65
Sales & Marketing,15,Bachelors,m,other,4,40,3.0,13,0,0,47
Procurement,30,Bachelors,f,other,1,27,4.0,2,1,0,73
Operations,2,Masters & above,m,other,2,56,3.0,29,0,0,61
Analytics,22,Bachelors,f,other,1,27,1.0,3,0,0,87
Operations,6,Bachelors,m,sourcing,1,31,3.0,3,1,0,57
Sales & Marketing,4,Masters & above,m,other,1,39,3.0,10,0,0,54
Finance,7,Bachelors,m,other,1,30,5.0,4,1,0,61
Sales & Marketing,7,Bachelors,f,other,1,30,3.0,5,0,0,54
Sales & Marketing,20,Masters & above,m,other,1,43,4.0,11,0,0,40
Sales & Marketing,26,Bachelors,m,other,1,31,2.0,5,0,0,44
Sales & Marketing,31,Bachelors,f,sourcing,1,29,4.0,2,0,0,48
Procurement,29,Bachelors,f,sourcing,1,28,5.0,3,1,0,70
Procurement,23,Masters & above,m,sourcing,1,39,3.0,8,0,0,67
R&D,22,Masters & above,m,sourcing,4,29,3.0,4,1,0,84
Finance,32,Bachelors,m,other,3,28,5.0,1,1,0,64
Operations,11,Masters & above,f,other,1,38,1.0,7,0,0,71
Finance,27,Masters & above,m,other,2,34,2.0,6,0,0,61
Technology,5,Masters & above,m,other,3,30,3.0,7,0,0,80
Technology,7,Bachelors,m,referred,1,32,5.0,6,1,0,86
Sales & Marketing,15,Masters & above,m,other,1,41,4.0,11,0,0,46
Sales & Marketing,13,Masters & above,m,other,3,38,3.0,4,0,0,53
Sales & Marketing,2,Bachelors,f,sourcing,2,33,3.0,7,0,0,52
Procurement,7,Bachelors,m,other,1,38,3.0,5,0,0,66
Analytics,22,Bachelors,m,sourcing,2,30,2.0,3,0,0,86
HR,2,Bachelors,m,other,1,45,5.0,8,1,0,50
Sales & Marketing,7,Bachelors,m,referred,1,27,4.0,4,0,0,46
HR,22,Masters & above,f,sourcing,1,31,3.0,6,0,0,45
Procurement,17,Bachelors,m,other,1,29,3.0,6,0,0,69
Procurement,2,Bachelors,m,sourcing,1,41,2.0,6,1,0,63
Sales & Marketing,19,Bachelors,f,sourcing,1,29,3.0,4,0,0,47
Sales & Marketing,26,Masters & above,m,other,1,32,3.0,5,0,0,51
Procurement,15,Bachelors,m,other,1,31,5.0,2,1,0,68
Operations,2,Bachelors,m,other,2,32,3.0,7,0,0,59
Sales & Marketing,16,Bachelors,m,sourcing,3,30,3.0,6,0,0,53
R&D,2,Masters & above,m,other,1,45,3.0,5,0,0,86
Operations,7,Masters & above,m,other,1,38,2.0,5,0,0,57
Sales & Marketing,4,Bachelors,m,sourcing,1,51,1.0,9,0,0,55
Sales & Marketing,9,Bachelors,m,other,1,24,3.0,3,0,0,45
Operations,20,Bachelors,m,sourcing,1,32,1.0,6,0,0,60
Technology,31,Bachelors,f,other,2,29,4.0,5,0,0,72
Operations,15,Masters & above,f,other,1,42,3.0,6,0,0,58
Sales & Marketing,16,Masters & above,m,sourcing,1,36,3.0,7,1,0,56
Sales & Marketing,17,Bachelors,m,sourcing,1,31,3.0,7,0,0,50
Analytics,2,Bachelors,m,sourcing,1,39,3.0,7,0,0,83
HR,13,Bachelors,m,sourcing,1,41,3.0,9,0,0,45
Sales & Marketing,27,Masters & above,m,other,1,44,3.0,10,1,0,51
Legal,2,Bachelors,m,other,1,40,3.0,8,0,0,63
Operations,2,Masters & above,f,other,3,36,3.0,2,1,0,63
R&D,26,Masters & above,m,other,1,40,3.0,6,0,0,81
Sales & Marketing,31,Bachelors,m,other,1,30,1.0,1,0,0,47
Technology,2,Bachelors,m,sourcing,2,36,4.0,7,0,0,80
Analytics,22,Bachelors,f,sourcing,2,28,3.0,3,0,0,86
Sales & Marketing,7,Masters & above,f,sourcing,1,31,3.0,5,0,0,46
Procurement,2,Bachelors,m,other,1,35,4.0,8,0,0,68
Analytics,22,Bachelors,m,other,1,29,4.0,2,1,0,84
Operations,5,Bachelors,m,sourcing,1,34,5.0,10,1,0,58
Sales & Marketing,7,Masters & above,m,other,1,42,4.0,6,0,0,48
Operations,15,Bachelors,m,other,2,40,5.0,13,1,0,60
Technology,27,Bachelors,f,referred,1,30,4.0,8,0,0,79
Technology,11,Bachelors,m,other,1,32,5.0,7,1,0,81
Procurement,4,Bachelors,m,other,1,33,1.0,8,0,0,70
HR,2,Bachelors,f,referred,1,25,5.0,2,1,0,53
Technology,5,Bachelors,m,sourcing,1,31,3.0,6,0,0,76
Finance,2,Bachelors,m,other,2,29,4.0,5,0,0,57
Procurement,17,Bachelors,m,other,2,31,3.0,5,0,0,71
Sales & Marketing,7,Bachelors,m,other,1,30,5.0,2,0,0,55
Operations,15,Bachelors,m,other,1,39,5.0,11,1,0,60
Sales & Marketing,2,Bachelors,f,other,2,36,3.0,8,0,0,48
Sales & Marketing,25,Masters & above,m,other,2,32,1.0,7,0,0,50
Technology,29,Bachelors,m,other,1,30,5.0,6,1,0,77
Analytics,22,Bachelors,m,referred,2,29,5.0,4,1,0,86
Sales & Marketing,2,Masters & above,m,sourcing,1,37,4.0,3,0,0,51
Sales & Marketing,2,Masters & above,m,sourcing,2,34,5.0,6,1,0,53
Technology,7,Masters & above,f,other,1,38,5.0,5,0,0,81
Sales & Marketing,5,Masters & above,m,sourcing,2,36,3.0,10,0,0,45
Sales & Marketing,2,Masters & above,m,other,2,37,1.0,3,0,0,50
Operations,29,Bachelors,f,other,1,34,3.0,7,0,0,62
R&D,20,Bachelors,m,other,1,38,1.0,7,0,0,84
Operations,13,Masters & above,f,other,1,42,3.0,5,0,0,59
Operations,15,Bachelors,m,other,2,42,3.0,11,1,0,60
Technology,4,Masters & above,m,sourcing,1,31,5.0,6,1,0,83
Sales & Marketing,24,Bachelors,f,sourcing,1,31,5.0,5,0,0,46
Operations,14,Bachelors,m,other,1,40,3.0,8,0,0,61
Procurement,11,Bachelors,f,other,1,26,3.0,2,0,0,74
Technology,15,Bachelors,m,sourcing,1,36,2.0,3,1,0,80
Technology,2,Masters & above,f,other,1,44,4.0,13,1,0,82
Operations,15,Masters & above,m,other,1,42,4.0,8,1,0,62
Sales & Marketing,26,Bachelors,m,sourcing,1,39,3.0,15,0,0,52
Sales & Marketing,29,Bachelors,m,sourcing,1,26,3.0,3,0,0,51
Operations,27,Bachelors,f,other,1,29,3.0,2,0,0,62
Sales & Marketing,2,Bachelors,f,other,1,36,4.0,4,0,1,96
Sales & Marketing,6,Bachelors,m,other,1,34,3.0,9,1,0,48
Sales & Marketing,15,Bachelors,m,other,1,46,2.0,11,0,0,49
Sales & Marketing,2,Masters & above,f,sourcing,1,56,1.0,7,0,0,51
Sales & Marketing,2,Bachelors,m,sourcing,1,51,4.0,22,0,0,52
Sales & Marketing,28,Bachelors,m,other,2,37,3.0,5,0,0,55
Procurement,17,Masters & above,m,other,1,51,3.0,24,0,0,69
R&D,26,Bachelors,m,sourcing,1,32,1.0,5,0,0,85
Technology,14,Bachelors,f,other,1,30,3.0,7,1,0,81
Technology,2,Masters & above,m,other,2,38,1.0,4,0,0,83
Procurement,2,Masters & above,f,other,1,35,1.0,4,0,0,69
Operations,31,Bachelors,m,sourcing,1,28,5.0,4,1,0,54
Analytics,29,Bachelors,m,sourcing,1,28,3.0,6,1,1,81
Analytics,32,Bachelors,m,sourcing,1,29,3.0,3,0,0,82
Sales & Marketing,19,Bachelors,m,sourcing,2,35,3.0,5,0,0,51
Technology,23,Bachelors,m,other,1,28,4.0,5,0,0,80
Operations,21,Bachelors,f,other,1,40,5.0,11,1,0,63
Sales & Marketing,31,Bachelors,m,other,1,31,5.0,2,0,0,51
Sales & Marketing,13,Masters & above,m,other,1,54,3.0,19,1,0,47
Sales & Marketing,5,Bachelors,m,other,1,28,3.0,3,0,0,52
Sales & Marketing,11,Bachelors,m,sourcing,1,49,5.0,9,0,0,49
Sales & Marketing,22,Masters & above,m,sourcing,1,39,2.0,8,0,0,50
Sales & Marketing,31,Bachelors,m,other,1,30,5.0,2,1,0,51
Operations,11,Bachelors,f,sourcing,1,30,4.0,4,0,0,55
Sales & Marketing,1,Masters & above,f,sourcing,1,37,5.0,8,0,0,55
Sales & Marketing,10,Bachelors,m,other,2,29,2.0,3,0,0,47
Sales & Marketing,16,Masters & above,m,other,1,45,4.0,5,0,0,46
Sales & Marketing,13,Bachelors,m,sourcing,2,27,3.0,3,0,0,50
Technology,2,Bachelors,f,other,1,32,3.0,4,0,0,77
Sales & Marketing,24,Bachelors,m,sourcing,1,31,2.0,2,0,0,50
Technology,23,Masters & above,f,other,1,37,4.0,10,0,0,82
Sales & Marketing,22,Bachelors,f,other,1,27,5.0,2,0,0,47
Operations,1,Masters & above,m,sourcing,1,36,5.0,3,1,0,57
Sales & Marketing,19,Bachelors,m,other,1,38,2.0,9,0,0,54
Analytics,29,Bachelors,m,sourcing,1,27,2.0,4,1,0,79
Technology,31,Bachelors,f,other,1,30,1.0,7,1,0,84
Legal,13,Bachelors,m,other,1,29,5.0,2,1,0,60
Sales & Marketing,30,Bachelors,m,other,1,38,1.0,7,0,0,51
Operations,20,Masters & above,m,sourcing,1,42,3.0,7,0,0,57
Sales & Marketing,24,Bachelors,m,sourcing,1,34,1.0,6,1,0,45
Sales & Marketing,7,Bachelors,m,sourcing,1,36,3.0,10,0,0,56
Operations,22,Bachelors,m,other,1,35,5.0,3,1,0,58
Analytics,3,Bachelors,m,sourcing,1,28,4.0,3,0,0,84
Sales & Marketing,2,Masters & above,m,sourcing,1,35,5.0,9,0,0,54
Sales & Marketing,13,Bachelors,f,sourcing,1,32,1.0,2,0,0,53
Technology,20,Masters & above,m,other,2,42,5.0,13,1,0,82
Sales & Marketing,26,Bachelors,m,sourcing,1,53,2.0,18,0,0,59
Procurement,7,Bachelors,f,other,1,29,2.0,7,0,0,69
Sales & Marketing,26,Masters & above,m,sourcing,1,44,5.0,7,1,0,49
Technology,23,Bachelors,m,other,1,32,4.0,5,1,0,82
Operations,13,Masters & above,f,sourcing,1,35,5.0,8,1,0,62
Legal,26,Bachelors,m,other,1,34,1.0,6,0,0,60
R&D,22,Masters & above,m,other,1,33,3.0,7,0,0,80
Operations,24,Bachelors,m,other,1,25,3.0,4,0,0,59
Analytics,13,Bachelors,m,sourcing,2,41,5.0,6,1,0,87
Procurement,22,Bachelors,m,other,1,40,4.0,4,1,0,68
HR,20,Bachelors,f,sourcing,1,32,5.0,7,1,0,48
Operations,23,Masters & above,f,other,1,35,4.0,7,1,0,57
Sales & Marketing,12,Bachelors,f,other,1,29,4.0,6,0,0,43
Operations,22,Masters & above,m,other,1,40,2.0,16,0,0,56
Finance,20,Bachelors,m,sourcing,1,27,5.0,2,1,0,56
Procurement,2,Masters & above,m,other,3,49,4.0,19,0,0,69
Analytics,29,Bachelors,m,other,2,30,4.0,6,0,0,80
Technology,2,Bachelors,f,sourcing,1,60,4.0,29,0,0,73
Sales & Marketing,4,Bachelors,f,sourcing,1,30,4.0,5,0,0,48
Sales & Marketing,19,Bachelors,m,sourcing,1,31,3.0,3,1,0,50
Operations,15,Bachelors,m,other,1,33,3.0,6,0,0,56
Procurement,2,Masters & above,f,sourcing,1,50,4.0,7,1,0,67
Sales & Marketing,31,Bachelors,m,sourcing,1,37,4.0,7,1,0,48
Operations,16,Masters & above,m,other,1,32,3.0,4,1,0,59
Analytics,4,Bachelors,m,sourcing,2,31,5.0,6,1,0,86
Technology,13,Masters & above,f,referred,1,38,3.0,9,1,0,85
Operations,2,Below Secondary,m,other,2,24,5.0,2,1,0,62
Operations,32,Bachelors,m,sourcing,1,28,5.0,2,0,0,59
Operations,22,Bachelors,f,sourcing,2,35,3.0,7,0,0,59
Analytics,26,Bachelors,m,sourcing,1,30,3.0,5,0,0,85
Operations,15,Bachelors,f,sourcing,1,31,3.0,7,0,0,62
Sales & Marketing,7,Bachelors,f,other,2,29,3.0,3,0,0,49
Sales & Marketing,8,Bachelors,m,other,1,28,3.0,3,0,0,51
Analytics,19,Bachelors,m,other,1,31,3.0,5,0,0,91
Finance,26,Bachelors,f,other,1,29,3.0,5,1,0,62
Sales & Marketing,25,Bachelors,m,sourcing,2,32,5.0,5,1,0,48
Procurement,22,Bachelors,m,sourcing,4,31,3.0,2,0,0,68
Procurement,17,Bachelors,f,sourcing,1,41,3.0,7,0,0,71
Analytics,2,Masters & above,m,sourcing,2,49,5.0,6,1,0,84
Operations,11,Masters & above,m,other,1,39,2.0,9,0,0,59
Operations,15,Bachelors,m,other,1,34,3.0,7,0,0,55
Operations,14,Bachelors,f,other,1,28,2.0,5,0,0,56
Operations,22,Bachelors,m,sourcing,1,35,4.0,9,0,0,60
Operations,15,Masters & above,m,other,2,33,3.0,7,0,0,57
Operations,7,Masters & above,f,sourcing,1,40,3.0,6,1,0,65
Technology,2,Masters & above,f,other,2,38,3.0,7,1,0,77
Procurement,4,Bachelors,f,sourcing,1,31,3.0,3,0,0,71
Technology,7,Masters & above,f,other,1,33,1.0,7,0,0,80
Sales & Marketing,6,Bachelors,m,other,1,34,4.0,7,0,0,50
Analytics,22,Bachelors,f,other,1,27,4.0,3,1,0,86
Analytics,22,Bachelors,m,referred,1,28,4.0,2,1,0,81
Sales & Marketing,2,Bachelors,m,other,2,33,1.0,6,1,0,46
Technology,5,Below Secondary,f,other,1,22,3.0,2,0,0,79
Sales & Marketing,2,Masters & above,m,other,1,52,2.0,4,0,0,50
Sales & Marketing,2,Masters & above,f,sourcing,1,43,1.0,5,0,0,52
Operations,20,Masters & above,f,other,1,35,5.0,10,1,0,68
Sales & Marketing,8,Bachelors,m,other,1,29,5.0,2,1,0,53
Operations,19,Bachelors,m,other,1,44,1.0,13,0,0,65
Operations,8,Bachelors,m,other,1,26,3.0,2,0,0,60
Finance,13,Bachelors,m,sourcing,4,26,3.0,2,0,0,59
Sales & Marketing,15,Bachelors,m,sourcing,1,33,5.0,6,1,0,50
Sales & Marketing,7,Bachelors,m,other,2,51,3.0,8,1,0,47
Sales & Marketing,29,Bachelors,m,sourcing,1,35,3.0,7,1,0,50
Procurement,2,Masters & above,m,sourcing,1,46,3.0,12,0,0,68
Finance,25,Bachelors,m,other,3,31,3.0,6,1,0,63
Technology,32,Bachelors,m,sourcing,1,33,3.0,4,0,0,80
Sales & Marketing,26,Bachelors,m,other,1,45,3.0,13,0,0,52
Technology,7,Bachelors,m,sourcing,1,28,3.0,5,0,0,79
Operations,16,Bachelors,f,sourcing,1,35,4.0,2,0,0,59
Technology,26,Bachelors,m,referred,3,26,4.0,3,1,0,79
Operations,22,Bachelors,m,other,1,35,4.0,7,0,0,63
Technology,27,Bachelors,f,other,1,28,3.0,1,1,0,80
Operations,2,Masters & above,f,other,2,41,5.0,6,1,0,59
Operations,2,Bachelors,f,other,1,27,3.0,2,0,0,59
Sales & Marketing,2,Bachelors,m,sourcing,2,22,3.0,2,0,0,49
Sales & Marketing,1,Masters & above,m,other,1,36,5.0,10,1,0,49
Operations,7,Bachelors,m,other,1,41,2.0,4,0,0,56
Operations,2,Bachelors,f,other,1,43,5.0,6,1,0,58
Procurement,31,Bachelors,m,sourcing,1,26,3.0,3,0,0,72
Technology,26,Bachelors,m,sourcing,1,36,4.0,4,1,0,79
Procurement,2,Bachelors,m,sourcing,1,58,3.0,27,0,0,67
Finance,16,Masters & above,m,other,1,35,4.0,8,1,0,60
Sales & Marketing,19,Bachelors,m,sourcing,1,31,3.0,5,0,0,47
Analytics,30,Bachelors,m,sourcing,1,28,5.0,3,0,0,86
Procurement,11,Bachelors,f,other,2,31,3.0,5,0,0,72
Sales & Marketing,28,Masters & above,m,sourcing,1,37,5.0,10,0,0,51
Procurement,2,Bachelors,f,other,1,38,3.0,2,0,0,70
Sales & Marketing,2,Bachelors,m,sourcing,1,52,1.0,15,0,0,54
Sales & Marketing,24,Bachelors,m,sourcing,1,30,3.0,3,0,0,51
Analytics,7,Bachelors,m,other,2,34,4.0,7,1,0,84
Sales & Marketing,25,Masters & above,m,sourcing,2,44,3.0,5,1,0,50
Technology,2,Masters & above,m,referred,1,39,3.0,9,0,0,80
Finance,29,Bachelors,m,other,1,26,4.0,4,0,0,59
Operations,4,Bachelors,f,sourcing,1,26,5.0,2,1,0,62
Procurement,2,Bachelors,f,other,1,28,4.0,5,1,0,70
Sales & Marketing,7,Masters & above,m,other,1,34,4.0,9,1,1,93
Sales & Marketing,2,Bachelors,f,sourcing,1,25,5.0,2,1,0,47
Analytics,7,Bachelors,m,other,2,29,3.0,4,1,0,86
Analytics,2,Bachelors,f,other,1,37,3.0,7,0,0,83
Procurement,11,Bachelors,m,sourcing,2,30,1.0,6,0,0,65
Operations,16,Bachelors,m,sourcing,1,29,4.0,5,0,0,59
Operations,15,Masters & above,f,sourcing,1,43,4.0,7,0,0,65
Procurement,13,Bachelors,f,other,2,40,4.0,7,1,0,71
Finance,22,Bachelors,m,sourcing,1,23,3.0,2,1,0,58
Finance,22,Masters & above,f,other,1,36,3.0,7,0,0,62
Finance,2,Bachelors,f,other,1,55,3.0,4,1,0,60
Procurement,7,Masters & above,m,other,1,38,3.0,5,0,0,73
Technology,13,Masters & above,m,other,1,56,3.0,30,0,0,78
Analytics,19,Bachelors,m,other,1,32,5.0,5,0,0,86
Technology,22,Bachelors,m,sourcing,2,29,3.0,4,0,0,84
Finance,22,Bachelors,m,sourcing,1,37,3.0,8,0,0,59
Sales & Marketing,22,Masters & above,m,sourcing,2,31,1.0,6,1,0,55
Legal,2,Masters & above,m,other,1,39,3.0,9,0,0,61
Operations,2,Bachelors,f,sourcing,1,55,5.0,8,0,0,61
Sales & Marketing,28,Masters & above,m,other,1,29,4.0,4,0,0,50
Sales & Marketing,31,Bachelors,m,other,1,41,4.0,9,0,0,54
HR,2,Masters & above,m,other,1,42,5.0,11,0,0,50
Procurement,2,Bachelors,m,sourcing,2,42,3.0,6,0,0,67
Procurement,13,Bachelors,m,other,1,41,1.0,13,0,0,69
Analytics,7,Bachelors,m,sourcing,1,32,1.0,2,0,0,87
Sales & Marketing,22,Masters & above,m,other,1,32,5.0,6,1,0,53
Technology,7,Masters & above,f,other,1,38,5.0,8,0,0,89
HR,4,Bachelors,m,other,2,29,3.0,4,1,0,52
Analytics,29,Bachelors,m,other,2,28,3.0,3,0,0,86
Sales & Marketing,19,Bachelors,f,other,1,32,1.0,4,0,0,49
Operations,7,Bachelors,f,other,3,26,5.0,3,1,0,57
Technology,13,Bachelors,m,other,1,40,4.0,4,0,0,75
Analytics,29,Bachelors,m,other,1,28,5.0,5,1,0,83
Analytics,30,Bachelors,m,other,1,29,5.0,4,1,0,85
Sales & Marketing,25,Masters & above,f,other,1,35,5.0,3,0,0,50
Procurement,13,Masters & above,m,other,1,31,3.0,6,1,0,67
Analytics,24,Masters & above,m,other,1,33,4.0,6,0,0,84
Procurement,26,Bachelors,m,other,1,30,2.0,3,0,0,69
Operations,15,Bachelors,f,other,1,34,4.0,3,1,0,60
Operations,32,Bachelors,m,sourcing,1,31,4.0,9,0,0,62
HR,20,Masters & above,m,sourcing,1,39,5.0,2,0,0,47
Analytics,4,Bachelors,m,sourcing,1,32,5.0,5,1,1,79
Sales & Marketing,2,Masters & above,m,sourcing,1,53,1.0,23,0,0,51
Technology,2,Bachelors,m,other,1,54,1.0,19,0,0,82
Analytics,2,Bachelors,m,sourcing,1,29,4.0,5,1,0,84
Procurement,11,Bachelors,m,other,1,27,3.0,4,1,0,74
Sales & Marketing,26,Bachelors,m,sourcing,1,36,1.0,8,0,0,50
HR,7,Bachelors,m,other,1,31,5.0,4,0,0,50
HR,7,Bachelors,m,other,1,33,3.0,6,0,0,50
Sales & Marketing,22,Bachelors,m,sourcing,1,27,3.0,4,0,0,51
Procurement,30,Bachelors,m,other,1,27,3.0,3,0,0,69
Operations,31,Masters & above,f,other,1,39,3.0,10,0,0,60
Sales & Marketing,6,Bachelors,f,sourcing,1,35,3.0,8,0,0,46
Sales & Marketing,32,Bachelors,m,other,1,32,3.0,4,0,0,49
Analytics,2,Bachelors,m,other,2,54,3.0,5,1,0,82
Sales & Marketing,13,Bachelors,m,sourcing,1,32,3.0,8,0,0,57
Procurement,26,Bachelors,m,sourcing,1,35,2.0,3,0,0,67
Sales & Marketing,2,Bachelors,m,other,1,54,1.0,4,0,0,54
Operations,22,Bachelors,m,other,1,28,5.0,4,1,0,61
Sales & Marketing,29,Bachelors,m,other,2,29,3.0,4,0,0,50
HR,22,Masters & above,m,other,1,35,5.0,8,1,0,54
Sales & Marketing,2,Bachelors,f,other,1,28,1.0,4,0,0,44
Operations,28,Bachelors,m,sourcing,1,35,4.0,6,0,0,59
Sales & Marketing,2,Bachelors,m,other,1,52,3.0,6,1,1,44
Sales & Marketing,22,Bachelors,m,other,5,33,4.0,8,0,0,46
Sales & Marketing,15,Bachelors,m,other,1,35,5.0,9,1,0,51
Legal,2,Bachelors,m,other,1,34,1.0,5,0,0,58
Technology,2,Masters & above,f,other,1,36,2.0,7,0,0,82
Procurement,7,Masters & above,f,sourcing,1,40,5.0,7,0,0,66
Sales & Marketing,7,Masters & above,m,other,1,41,5.0,2,1,0,50
Operations,19,Bachelors,m,sourcing,1,28,5.0,6,1,0,61
Sales & Marketing,27,Bachelors,m,sourcing,1,31,3.0,5,0,0,47
Operations,17,Bachelors,m,other,1,30,5.0,2,1,0,58
Sales & Marketing,2,Bachelors,f,other,1,51,4.0,7,0,0,53
Operations,2,Bachelors,m,sourcing,1,29,3.0,4,0,0,57
Sales & Marketing,15,Masters & above,m,other,1,33,3.0,4,1,0,50
Analytics,9,Masters & above,m,other,1,32,3.0,7,1,1,86
Procurement,15,Bachelors,f,sourcing,1,39,3.0,7,1,0,72
R&D,31,Bachelors,m,sourcing,1,30,1.0,3,0,0,84
Procurement,2,Below Secondary,m,sourcing,1,25,1.0,2,1,0,76
Operations,7,Masters & above,f,other,1,36,4.0,8,1,0,61
Technology,10,Masters & above,f,sourcing,1,36,5.0,4,1,0,80
Technology,2,Masters & above,f,other,1,33,5.0,7,1,0,80
Sales & Marketing,2,Bachelors,m,sourcing,2,34,5.0,6,1,0,48
Operations,22,Masters & above,m,other,1,54,3.0,16,0,0,61
Operations,14,Bachelors,f,sourcing,1,31,5.0,9,1,0,52
Operations,13,Bachelors,m,other,1,45,4.0,11,0,0,64
Technology,5,Bachelors,m,other,1,27,3.0,3,1,0,78
Operations,13,Masters & above,f,other,1,36,3.0,4,0,0,64
Sales & Marketing,21,Masters & above,m,sourcing,1,33,1.0,5,0,0,49
R&D,2,Masters & above,m,other,1,33,3.0,5,0,0,82
Sales & Marketing,13,Masters & above,m,other,1,54,5.0,11,1,0,46
Operations,2,Bachelors,m,sourcing,2,36,4.0,4,1,0,54
Operations,15,Bachelors,m,other,1,46,5.0,19,1,0,62
R&D,2,Masters & above,m,other,1,33,4.0,8,0,0,89
Technology,2,Masters & above,f,sourcing,1,42,3.0,15,0,0,78
Procurement,29,Bachelors,m,other,2,36,3.0,5,1,0,69
Sales & Marketing,32,Bachelors,m,other,2,28,1.0,5,0,0,52
Technology,32,Bachelors,m,sourcing,1,33,1.0,5,0,0,81
Sales & Marketing,2,Bachelors,f,other,2,25,3.0,3,0,0,46
Analytics,26,Bachelors,m,other,1,38,4.0,9,0,0,82
Analytics,7,Bachelors,m,sourcing,1,30,3.0,5,0,0,84
Operations,7,Masters & above,f,other,1,43,4.0,12,0,0,57
Technology,23,Bachelors,f,sourcing,1,25,3.0,3,0,0,79
Analytics,22,Bachelors,f,sourcing,1,29,5.0,3,1,0,84
HR,31,Bachelors,m,other,1,27,5.0,4,1,0,54
Operations,24,Bachelors,f,other,2,31,3.0,5,0,1,58
Finance,29,Bachelors,m,sourcing,1,29,3.0,5,1,1,55
Sales & Marketing,2,Masters & above,f,other,1,36,5.0,7,1,0,47
Operations,2,Bachelors,f,sourcing,1,56,1.0,17,0,0,62
Sales & Marketing,6,Bachelors,m,sourcing,1,30,5.0,4,0,0,50
Procurement,33,Bachelors,m,sourcing,1,27,3.0,2,0,0,68
Operations,24,Masters & above,f,sourcing,1,32,3.0,4,1,0,64
Analytics,31,Bachelors,m,other,2,27,5.0,4,1,0,78
Sales & Marketing,5,Bachelors,f,other,2,30,3.0,9,0,0,52
Sales & Marketing,6,Bachelors,m,other,2,31,2.0,5,0,0,46
Analytics,24,Bachelors,m,other,1,33,1.0,6,1,0,83
Sales & Marketing,2,Bachelors,m,other,1,45,3.0,14,0,0,48
Technology,22,Bachelors,m,referred,2,26,1.0,3,1,0,75
Operations,19,Bachelors,m,sourcing,2,34,5.0,9,1,0,60
Sales & Marketing,7,Masters & above,m,sourcing,1,38,4.0,4,0,0,50
Analytics,6,Bachelors,m,sourcing,1,41,5.0,10,1,0,87
Procurement,2,Masters & above,m,other,2,47,3.0,4,0,0,71
Sales & Marketing,13,Masters & above,m,other,1,43,3.0,16,0,0,50
Technology,14,Bachelors,m,other,1,36,4.0,3,1,0,81
Operations,29,Masters & above,f,sourcing,1,33,4.0,4,0,0,56
Technology,27,Bachelors,f,other,1,27,5.0,3,1,0,81
Procurement,2,Bachelors,f,sourcing,1,30,3.0,7,1,0,67
Sales & Marketing,11,Masters & above,m,other,2,39,5.0,5,1,0,51
Finance,22,Masters & above,m,sourcing,1,34,2.0,9,0,0,59
Sales & Marketing,2,Masters & above,m,sourcing,1,40,5.0,8,1,0,93
Sales & Marketing,27,Bachelors,m,sourcing,1,36,1.0,7,0,0,53
Procurement,15,Bachelors,f,other,1,32,4.0,5,0,0,68
Procurement,14,Bachelors,m,other,1,34,1.0,4,0,0,74
Sales & Marketing,3,Bachelors,m,other,1,39,3.0,4,0,0,47
Sales & Marketing,28,Bachelors,m,sourcing,1,29,2.0,3,0,0,51
Sales & Marketing,13,Bachelors,f,other,1,29,2.0,3,1,0,51
Technology,33,Bachelors,f,other,1,31,1.0,3,0,0,73
Operations,31,Bachelors,m,other,2,27,4.0,3,1,0,62
Technology,2,Bachelors,m,other,1,49,4.0,17,0,0,81
Technology,33,Bachelors,f,sourcing,1,32,2.0,7,0,0,79
Technology,29,Masters & above,f,sourcing,1,34,4.0,5,1,0,80
Analytics,23,Bachelors,m,other,2,31,3.0,4,0,0,84
Operations,12,Bachelors,f,sourcing,1,28,3.0,4,0,0,57
Sales & Marketing,10,Masters & above,m,other,1,46,4.0,4,1,0,59
Operations,29,Bachelors,m,sourcing,1,35,4.0,6,1,0,64
Operations,9,Bachelors,f,sourcing,1,36,5.0,8,1,0,59
Sales & Marketing,22,Masters & above,m,sourcing,1,53,3.0,17,0,0,47
Sales & Marketing,29,Bachelors,m,other,2,33,1.0,6,0,0,49
Operations,2,Bachelors,m,other,1,46,4.0,7,1,0,60
Operations,26,Bachelors,f,sourcing,1,31,4.0,4,0,0,61
Technology,15,Masters & above,m,other,1,44,3.0,5,0,0,79
Procurement,7,Masters & above,f,sourcing,1,33,3.0,5,1,0,84
Sales & Marketing,22,Bachelors,m,sourcing,2,32,3.0,10,0,0,48
Procurement,11,Masters & above,m,other,1,42,3.0,13,1,0,98
Sales & Marketing,26,Masters & above,m,other,2,39,4.0,3,0,0,50
Sales & Marketing,22,Bachelors,f,sourcing,1,30,2.0,3,0,0,46
Operations,4,Masters & above,f,other,1,36,5.0,9,0,0,74
Sales & Marketing,30,Bachelors,m,sourcing,1,24,4.0,2,0,0,50
Sales & Marketing,24,Bachelors,m,other,1,28,3.0,3,0,0,49
Sales & Marketing,22,Bachelors,m,other,2,27,3.0,3,1,0,50
Technology,7,Bachelors,f,sourcing,2,29,4.0,3,1,0,82
Operations,13,Bachelors,m,sourcing,1,36,3.0,3,0,0,65
Procurement,13,Masters & above,f,other,2,45,1.0,3,0,0,65
Sales & Marketing,25,Bachelors,m,other,1,39,5.0,3,0,0,53
Sales & Marketing,29,Masters & above,m,sourcing,1,32,3.0,4,0,0,46
Procurement,13,Bachelors,m,other,1,30,4.0,5,0,0,71
Sales & Marketing,12,Bachelors,m,sourcing,2,26,3.0,4,1,0,50
Procurement,17,Masters & above,f,sourcing,1,32,3.0,4,0,0,71
Operations,15,Bachelors,m,sourcing,1,37,5.0,5,1,0,60
Sales & Marketing,13,Bachelors,f,sourcing,1,26,1.0,3,0,0,48
Sales & Marketing,2,Bachelors,m,referred,1,26,4.0,2,0,0,48
Finance,23,Masters & above,m,sourcing,1,35,3.0,6,0,0,61
Sales & Marketing,15,Bachelors,m,sourcing,1,36,3.0,3,0,0,48
Operations,19,Bachelors,m,sourcing,1,42,3.0,3,0,0,64
Operations,22,Bachelors,m,other,2,27,3.0,3,0,0,59
Sales & Marketing,14,Bachelors,f,other,1,33,5.0,7,0,0,50
Procurement,22,Bachelors,m,other,6,39,2.0,10,0,0,73
Operations,2,Bachelors,m,sourcing,1,42,4.0,13,0,0,60
Sales & Marketing,16,Bachelors,m,other,1,30,1.0,6,0,0,48
Sales & Marketing,13,Bachelors,m,sourcing,1,49,3.0,7,1,0,49
Procurement,30,Masters & above,f,sourcing,1,38,4.0,6,1,0,72
Sales & Marketing,1,Bachelors,m,sourcing,2,25,1.0,2,0,0,53
Technology,23,Bachelors,f,sourcing,1,33,3.0,8,0,0,79
Operations,14,Bachelors,f,sourcing,1,36,4.0,10,1,0,57
Sales & Marketing,32,Bachelors,f,other,1,28,5.0,4,0,0,50
Procurement,7,Bachelors,m,sourcing,1,28,1.0,5,0,0,66
Analytics,31,Bachelors,m,other,2,31,4.0,2,1,0,88
Operations,27,Bachelors,m,sourcing,1,45,5.0,10,0,0,65
Procurement,22,Masters & above,f,other,1,35,1.0,7,0,0,64
Analytics,7,Bachelors,m,other,1,30,1.0,2,0,0,87
Operations,26,Bachelors,m,other,1,34,3.0,4,1,0,59
Technology,23,Bachelors,m,sourcing,1,26,5.0,2,1,0,78
Technology,2,Masters & above,m,other,1,38,4.0,9,1,0,82
Procurement,19,Bachelors,m,sourcing,1,41,4.0,16,1,0,68
Technology,7,Bachelors,m,other,1,38,2.0,10,0,0,80
HR,22,Bachelors,m,sourcing,1,28,1.0,2,0,0,47
Sales & Marketing,7,Bachelors,m,other,1,34,2.0,2,0,0,49
HR,2,Bachelors,f,other,1,52,2.0,16,0,0,51
Technology,26,Bachelors,f,other,1,27,2.0,5,0,0,78
Operations,21,Bachelors,m,other,1,33,3.0,5,0,0,63
Operations,19,Bachelors,f,other,1,41,5.0,5,1,0,60
Technology,19,Bachelors,m,other,1,46,3.0,5,0,0,88
Sales & Marketing,15,Bachelors,f,sourcing,1,35,4.0,4,1,0,49
Sales & Marketing,1,Masters & above,f,other,1,39,5.0,7,1,0,46
Operations,4,Bachelors,m,other,1,29,3.0,5,1,0,55
Analytics,31,Bachelors,m,sourcing,1,28,1.0,4,0,0,85
Operations,19,Bachelors,f,other,1,37,5.0,2,1,0,58
Operations,22,Bachelors,m,sourcing,1,36,3.0,8,0,0,61
Sales & Marketing,20,Bachelors,f,other,1,29,3.0,5,0,0,50
Procurement,2,Bachelors,m,sourcing,2,34,5.0,3,0,0,71
Procurement,23,Masters & above,m,other,1,33,5.0,4,0,0,70
Legal,23,Masters & above,m,other,1,42,5.0,3,1,0,62
Operations,16,Bachelors,m,sourcing,1,32,5.0,6,1,0,59
Technology,4,Bachelors,m,sourcing,2,32,3.0,8,1,0,77
Procurement,8,Bachelors,m,sourcing,2,28,1.0,4,0,0,71
Operations,19,Bachelors,f,sourcing,1,41,3.0,11,0,0,60
Finance,2,Masters & above,m,other,2,41,3.0,13,0,0,56
Operations,15,Bachelors,m,other,2,33,4.0,7,0,0,62
Procurement,4,Bachelors,m,other,1,31,3.0,5,0,0,66
Analytics,25,Bachelors,m,other,2,31,5.0,6,0,0,81
Sales & Marketing,22,Masters & above,m,sourcing,1,38,2.0,10,0,0,55
Operations,31,Bachelors,f,other,1,35,2.0,10,0,0,61
R&D,4,Bachelors,m,sourcing,1,32,5.0,4,1,0,86
Operations,24,Bachelors,m,sourcing,1,35,3.0,3,0,0,56
Operations,20,Bachelors,m,other,1,33,4.0,3,1,0,62
Technology,26,Bachelors,m,other,2,33,3.0,5,0,0,81
Sales & Marketing,2,Bachelors,m,sourcing,1,53,5.0,18,0,0,50
Operations,24,Bachelors,m,other,1,33,1.0,6,0,0,61
Sales & Marketing,2,Masters & above,m,other,1,49,3.0,6,0,0,50
Sales & Marketing,7,Bachelors,m,sourcing,2,34,5.0,8,0,0,53
Sales & Marketing,7,Masters & above,m,sourcing,2,33,1.0,8,0,0,48
HR,2,Bachelors,f,other,1,38,4.0,10,0,0,52
Operations,2,Bachelors,f,other,1,31,2.0,7,0,0,56
Operations,32,Bachelors,f,other,1,32,2.0,2,1,0,62
Technology,34,Bachelors,m,other,2,29,1.0,2,1,0,82
HR,31,Bachelors,f,other,1,36,3.0,4,0,0,54
Operations,11,Bachelors,m,other,1,32,4.0,4,0,0,56
Technology,22,Bachelors,f,sourcing,3,27,4.0,4,0,0,85
Sales & Marketing,11,Bachelors,m,other,1,38,5.0,10,0,0,50
HR,7,Bachelors,f,sourcing,1,32,1.0,6,0,0,46
Technology,15,Masters & above,m,other,2,35,2.0,9,1,0,77
Analytics,22,Masters & above,m,other,2,48,5.0,11,1,0,84
Finance,22,Bachelors,f,other,1,32,3.0,4,0,0,63
Technology,10,Masters & above,f,other,2,34,5.0,8,0,0,78
Technology,22,Bachelors,f,other,1,30,3.0,2,0,0,79
Finance,2,Bachelors,f,sourcing,1,39,5.0,11,1,0,64
Operations,26,Masters & above,m,other,1,37,5.0,3,1,0,61
Sales & Marketing,32,Bachelors,m,other,1,31,4.0,3,0,0,49
Analytics,2,Bachelors,m,other,2,28,5.0,2,0,0,85
Legal,7,Bachelors,m,other,1,37,3.0,10,0,0,64
Finance,32,Bachelors,m,other,1,28,3.0,6,0,0,59
Operations,22,Bachelors,f,sourcing,1,44,3.0,14,0,0,60
Procurement,15,Bachelors,f,sourcing,1,33,5.0,7,1,0,68
Analytics,22,Bachelors,f,other,1,27,4.0,2,0,0,81
Sales & Marketing,13,Bachelors,m,sourcing,1,31,5.0,7,1,0,48
Sales & Marketing,15,Bachelors,f,sourcing,1,27,3.0,4,0,0,50
Sales & Marketing,22,Bachelors,m,sourcing,1,56,5.0,16,0,0,45
Sales & Marketing,29,Bachelors,m,other,4,35,3.0,9,0,0,49
Sales & Marketing,7,Bachelors,m,other,1,44,2.0,14,0,0,46
Procurement,2,Bachelors,m,sourcing,1,27,5.0,3,0,1,93
Technology,28,Masters & above,m,other,1,36,3.0,7,1,0,77
Operations,26,Masters & above,m,other,1,49,5.0,20,1,0,59
Finance,15,Bachelors,m,other,1,37,3.0,9,0,0,61
Procurement,2,Masters & above,m,other,3,60,4.0,11,0,0,74
Operations,15,Bachelors,m,other,2,46,5.0,16,1,0,60
R&D,26,Bachelors,m,sourcing,2,27,3.0,3,0,0,89
Sales & Marketing,2,Bachelors,m,sourcing,4,31,2.0,6,0,0,47
Sales & Marketing,11,Bachelors,m,other,1,30,3.0,3,0,0,44
Technology,13,Masters & above,m,sourcing,1,51,3.0,9,0,0,80
Technology,33,Bachelors,m,other,1,42,1.0,2,0,0,83
Sales & Marketing,7,Bachelors,m,other,2,39,4.0,6,0,0,51
Procurement,2,Bachelors,m,other,1,33,3.0,7,1,0,70
Procurement,2,Masters & above,m,sourcing,1,44,5.0,10,1,0,74
Finance,30,Bachelors,m,sourcing,1,27,5.0,3,1,0,56
Sales & Marketing,13,Masters & above,m,other,1,36,4.0,3,1,0,51
Operations,2,Bachelors,m,other,1,29,3.0,2,0,0,61
Analytics,25,Bachelors,m,other,2,29,5.0,2,0,0,88
Technology,31,Bachelors,m,other,1,33,5.0,8,0,0,81
Operations,2,Bachelors,f,referred,2,31,3.0,9,1,0,59
Operations,14,Bachelors,m,other,1,28,3.0,2,0,0,64
Sales & Marketing,22,Bachelors,m,other,1,26,3.0,3,0,0,50
Analytics,22,Bachelors,m,other,2,30,1.0,5,0,0,90
Procurement,2,Masters & above,f,sourcing,1,32,5.0,4,1,0,68
HR,31,Masters & above,f,sourcing,1,38,3.0,10,0,0,48
Technology,2,Bachelors,f,sourcing,1,34,3.0,7,0,0,81
Procurement,15,Bachelors,m,other,1,34,3.0,9,0,0,75
Sales & Marketing,28,Bachelors,m,sourcing,1,32,3.0,4,1,0,49
Analytics,15,Bachelors,f,sourcing,1,35,3.0,10,0,0,80
Technology,16,Bachelors,m,other,1,27,3.0,4,0,0,82
Sales & Marketing,7,Masters & above,m,other,1,36,1.0,9,0,0,47
HR,22,Masters & above,f,sourcing,1,32,5.0,3,1,0,50
Analytics,23,Masters & above,m,other,1,37,3.0,7,0,0,83
Technology,17,Bachelors,f,other,1,37,2.0,10,0,0,75
Operations,15,Bachelors,m,sourcing,1,53,3.0,15,0,0,63
Operations,7,Masters & above,f,other,1,37,5.0,9,1,0,58
Operations,11,Masters & above,f,sourcing,1,40,5.0,5,1,0,64
Operations,15,Masters & above,f,other,1,32,5.0,8,1,0,62
Procurement,24,Masters & above,f,other,1,37,3.0,10,0,0,65
HR,2,Bachelors,m,sourcing,1,48,3.0,8,0,0,45
Finance,15,Bachelors,m,sourcing,1,36,3.0,4,0,0,59
Finance,23,Masters & above,m,other,1,40,2.0,8,1,0,59
Sales & Marketing,1,Bachelors,f,other,1,31,3.0,2,1,0,52
Analytics,6,Bachelors,m,sourcing,1,29,4.0,3,1,0,84
Sales & Marketing,11,Bachelors,m,sourcing,1,26,4.0,2,0,0,52
Sales & Marketing,4,Bachelors,m,other,1,42,5.0,13,1,0,47
Sales & Marketing,12,Bachelors,m,other,1,40,3.0,7,0,0,47
Technology,23,Bachelors,m,other,2,33,3.0,10,1,0,81
Sales & Marketing,2,Bachelors,f,other,1,33,5.0,4,1,0,50
Technology,2,Bachelors,m,sourcing,1,26,3.0,5,0,0,76
Technology,7,Masters & above,f,other,1,51,3.0,7,0,0,81
Technology,10,Bachelors,m,other,1,28,4.0,5,0,0,83
Operations,22,Masters & above,f,sourcing,1,41,5.0,12,0,0,73
Technology,7,Below Secondary,m,other,2,25,3.0,3,1,0,77
Sales & Marketing,14,Bachelors,m,sourcing,1,29,3.0,7,0,0,46
Sales & Marketing,22,Masters & above,m,other,1,34,4.0,9,0,0,49
Procurement,4,Bachelors,m,other,1,38,1.0,7,1,0,72
Sales & Marketing,11,Masters & above,m,other,1,38,5.0,4,1,0,50
Sales & Marketing,22,Bachelors,m,other,1,20,2.0,2,1,0,51
Operations,7,Bachelors,m,sourcing,1,36,3.0,5,1,0,63
Finance,2,Bachelors,f,other,1,27,5.0,2,1,0,60
Operations,7,Masters & above,m,other,1,34,5.0,9,0,0,59
Sales & Marketing,2,Bachelors,f,sourcing,1,52,1.0,25,0,0,48
Procurement,2,Bachelors,f,sourcing,1,44,3.0,4,0,0,70
Sales & Marketing,27,Bachelors,m,sourcing,1,41,3.0,11,0,0,50
Operations,31,Bachelors,f,other,1,30,4.0,5,1,0,58
Procurement,8,Masters & above,m,sourcing,1,35,3.0,8,0,0,66
Operations,7,Bachelors,f,other,1,37,5.0,7,1,0,55
Operations,4,Masters & above,m,sourcing,1,41,2.0,2,1,0,54
R&D,22,Masters & above,m,other,2,36,5.0,2,1,0,85
Operations,8,Bachelors,m,other,1,33,3.0,5,1,0,55
Analytics,26,Masters & above,m,other,2,42,5.0,5,0,0,88
Operations,31,Bachelors,m,other,2,40,5.0,9,0,0,60
Sales & Marketing,12,Bachelors,m,other,1,34,1.0,7,0,0,51
Operations,10,Bachelors,m,other,1,36,5.0,8,1,0,93
Procurement,16,Bachelors,m,other,1,36,3.0,3,1,0,70
Operations,3,Masters & above,m,other,1,45,4.0,7,0,0,58
Sales & Marketing,28,Bachelors,m,sourcing,1,39,1.0,9,0,0,51
Analytics,26,Bachelors,m,sourcing,1,33,3.0,8,0,0,83
Analytics,2,Bachelors,m,other,1,59,3.0,28,0,0,83
Technology,23,Bachelors,m,other,1,31,5.0,4,1,0,83
Legal,15,Bachelors,m,sourcing,1,33,1.0,7,0,0,59
Operations,22,Bachelors,f,sourcing,3,33,4.0,5,0,0,59
HR,31,Bachelors,m,other,2,30,4.0,4,0,0,49
Sales & Marketing,24,Bachelors,m,other,2,29,1.0,2,0,0,52
HR,25,Bachelors,f,sourcing,1,28,4.0,3,0,0,50
Technology,27,Masters & above,m,sourcing,2,42,5.0,15,0,0,75
Sales & Marketing,7,Bachelors,m,other,1,35,4.0,2,0,0,51
Technology,15,Bachelors,m,other,1,30,1.0,2,0,0,80
Procurement,17,Bachelors,f,other,1,34,2.0,7,0,0,73
HR,13,Bachelors,m,other,1,31,3.0,8,0,0,50
HR,25,Bachelors,m,other,1,29,3.0,6,1,0,50
Sales & Marketing,26,Bachelors,m,other,1,29,5.0,3,0,0,49
Sales & Marketing,25,Masters & above,m,other,1,37,3.0,3,1,0,50
HR,22,Bachelors,m,other,1,31,5.0,5,0,0,52
Operations,6,Bachelors,f,sourcing,1,30,3.0,6,0,0,57
Sales & Marketing,2,Bachelors,m,other,1,49,3.0,3,0,0,48
Analytics,7,Bachelors,m,other,1,32,4.0,4,0,0,80
Operations,26,Bachelors,f,sourcing,1,38,5.0,11,0,0,63
Sales & Marketing,16,Bachelors,m,other,2,31,3.0,6,0,0,52
Sales & Marketing,24,Bachelors,m,sourcing,1,28,3.0,3,0,0,49
Operations,22,Masters & above,m,referred,1,46,5.0,12,0,0,58
Analytics,25,Bachelors,m,other,1,31,5.0,3,1,0,88
Sales & Marketing,2,Masters & above,f,sourcing,2,49,2.0,2,0,0,51
Procurement,13,Bachelors,m,sourcing,1,50,3.0,16,0,0,69
HR,7,Masters & above,m,sourcing,1,39,4.0,8,0,0,46
Analytics,7,Bachelors,m,other,3,40,5.0,10,0,0,86
Technology,10,Masters & above,m,other,1,35,4.0,5,0,0,79
HR,2,Bachelors,m,sourcing,1,34,2.0,5,0,0,49
Technology,2,Bachelors,m,referred,1,28,4.0,4,0,0,79
Sales & Marketing,22,Masters & above,m,sourcing,1,33,5.0,6,1,0,51
Sales & Marketing,22,Bachelors,f,other,1,27,4.0,3,0,0,47
Sales & Marketing,7,Bachelors,m,other,1,47,1.0,5,1,0,51
Operations,30,Bachelors,f,sourcing,1,35,3.0,10,0,0,57
Sales & Marketing,2,Masters & above,f,other,1,41,5.0,9,1,0,51
Operations,22,Bachelors,m,other,2,27,4.0,5,1,0,55
Operations,15,Masters & above,f,other,1,35,4.0,2,1,0,59
Sales & Marketing,7,Bachelors,m,other,1,27,1.0,3,0,0,49
Sales & Marketing,2,Masters & above,m,other,1,56,3.0,9,0,0,47
R&D,22,Bachelors,m,other,1,30,4.0,6,1,0,85
Sales & Marketing,13,Bachelors,m,sourcing,1,41,5.0,11,1,0,52
Operations,32,Bachelors,m,sourcing,2,36,3.0,7,1,0,55
Finance,31,Bachelors,m,sourcing,1,27,4.0,4,1,0,57
Finance,32,Bachelors,m,sourcing,1,38,3.0,4,1,0,62
Technology,29,Bachelors,m,other,2,29,3.0,5,0,0,81
Sales & Marketing,26,Bachelors,m,sourcing,1,59,5.0,7,0,0,47
Operations,15,Masters & above,m,sourcing,1,45,3.0,13,0,0,55
Technology,12,Bachelors,f,other,1,26,4.0,2,0,0,82
Sales & Marketing,27,Bachelors,m,sourcing,1,27,1.0,5,1,0,48
Technology,26,Bachelors,m,other,1,30,2.0,5,0,0,76
Sales & Marketing,23,Bachelors,m,other,1,35,5.0,10,0,0,45
Sales & Marketing,2,Masters & above,m,other,1,44,2.0,13,0,0,46
Sales & Marketing,29,Bachelors,m,other,1,26,5.0,2,0,0,49
Technology,13,Masters & above,f,other,1,44,1.0,17,0,0,78
Sales & Marketing,19,Bachelors,m,other,1,42,3.0,6,0,0,44
Operations,30,Bachelors,m,sourcing,1,30,5.0,8,1,0,60
Procurement,17,Bachelors,m,sourcing,1,36,1.0,10,0,0,72
R&D,22,Masters & above,m,other,2,32,3.0,2,0,0,85
Sales & Marketing,7,Masters & above,f,other,1,38,3.0,11,0,0,55
Sales & Marketing,22,Bachelors,f,other,2,30,1.0,2,1,0,55
Technology,23,Bachelors,m,sourcing,1,34,4.0,7,1,0,81
Procurement,26,Masters & above,m,sourcing,1,50,3.0,21,0,0,66
Operations,22,Bachelors,m,sourcing,1,41,5.0,5,1,0,58
Technology,24,Bachelors,m,other,1,31,2.0,5,1,0,78
Analytics,17,Bachelors,m,other,1,30,5.0,3,0,0,85
Sales & Marketing,25,Bachelors,m,sourcing,1,26,3.0,2,1,0,49
Finance,15,Masters & above,m,other,1,32,3.0,2,0,0,55
Sales & Marketing,4,Masters & above,m,sourcing,1,52,5.0,2,0,0,62
Operations,11,Bachelors,f,other,1,29,4.0,6,0,0,59
R&D,22,Bachelors,m,other,1,26,3.0,2,1,0,78
Sales & Marketing,2,Masters & above,f,sourcing,2,38,3.0,3,0,0,55
Analytics,15,Bachelors,m,other,1,44,3.0,16,0,0,85
Operations,22,Bachelors,m,other,1,34,4.0,4,0,0,59
Sales & Marketing,32,Bachelors,m,sourcing,2,35,1.0,4,0,0,51
Legal,7,Bachelors,m,other,1,32,3.0,5,0,0,57
Analytics,1,Bachelors,m,other,2,28,4.0,4,0,0,80
Sales & Marketing,14,Masters & above,m,sourcing,1,41,5.0,4,0,0,49
Technology,31,Bachelors,m,sourcing,1,30,4.0,5,0,0,86
Procurement,22,Bachelors,m,other,2,33,3.0,4,0,0,66
Sales & Marketing,2,Masters & above,m,sourcing,1,58,4.0,17,0,0,54
Procurement,10,Masters & above,f,other,2,32,1.0,7,0,0,68
Sales & Marketing,26,Bachelors,m,other,1,44,1.0,7,0,0,51
HR,30,Bachelors,f,other,1,30,3.0,3,0,0,46
Operations,16,Bachelors,m,other,1,51,3.0,5,1,0,56
HR,2,Masters & above,m,other,1,37,3.0,3,0,0,51
Technology,25,Masters & above,f,sourcing,1,34,3.0,5,0,0,82
Operations,2,Bachelors,f,sourcing,1,35,5.0,3,0,0,70
Sales & Marketing,2,Masters & above,m,sourcing,1,60,5.0,30,1,0,52
Sales & Marketing,24,Bachelors,m,sourcing,1,29,1.0,2,0,0,51
Finance,2,Bachelors,f,sourcing,1,26,1.0,3,0,0,61
Operations,26,Bachelors,f,sourcing,1,23,4.0,1,0,0,62
Operations,30,Bachelors,m,sourcing,1,30,3.0,5,1,0,63
Sales & Marketing,2,Bachelors,m,other,2,39,5.0,5,1,0,54
Sales & Marketing,4,Masters & above,f,sourcing,1,36,4.0,5,1,0,54
R&D,2,Bachelors,f,other,1,33,3.0,3,0,0,86
Technology,2,Bachelors,f,other,1,58,3.0,31,0,0,78
Sales & Marketing,27,Bachelors,f,other,1,33,3.0,6,0,0,50
Sales & Marketing,7,Bachelors,m,sourcing,1,34,5.0,5,1,0,51
Sales & Marketing,16,Bachelors,m,other,1,29,5.0,5,0,0,60
Technology,28,Masters & above,f,other,1,32,5.0,3,1,0,82
Procurement,13,Masters & above,m,other,1,42,3.0,14,0,0,72
Sales & Marketing,21,Bachelors,m,sourcing,1,27,4.0,5,0,0,53
Sales & Marketing,31,Bachelors,m,sourcing,1,28,1.0,4,0,0,51
Sales & Marketing,19,Bachelors,m,other,2,48,4.0,20,1,0,53
Operations,4,Masters & above,f,sourcing,1,38,3.0,9,1,0,60
Technology,4,Bachelors,f,sourcing,1,29,3.0,6,1,0,82
Procurement,12,Bachelors,m,sourcing,1,31,4.0,5,1,1,84
Analytics,22,Bachelors,m,other,1,29,3.0,2,1,0,80
Analytics,20,Masters & above,m,sourcing,2,33,4.0,7,0,0,81
Technology,11,Bachelors,f,sourcing,1,26,4.0,3,1,0,80
Sales & Marketing,1,Bachelors,f,sourcing,1,26,3.0,2,0,0,52
Sales & Marketing,28,Masters & above,m,sourcing,1,38,2.0,3,0,0,48
Procurement,15,Masters & above,m,sourcing,1,35,4.0,5,0,0,68
Operations,13,Bachelors,f,other,1,36,4.0,8,0,0,59
Operations,10,Bachelors,m,other,1,30,5.0,7,1,0,61
Analytics,28,Masters & above,m,other,1,36,4.0,4,0,0,81
HR,7,Below Secondary,m,other,1,24,5.0,2,0,0,54
Sales & Marketing,16,Bachelors,f,sourcing,1,34,1.0,4,0,0,49
Operations,2,Below Secondary,m,sourcing,1,22,5.0,2,1,0,62
Operations,13,Bachelors,m,other,1,28,5.0,4,1,0,60
Finance,13,Bachelors,m,other,1,34,3.0,7,0,0,63
Finance,22,Bachelors,f,other,2,27,3.0,2,0,0,58
Technology,24,Bachelors,f,sourcing,1,26,5.0,2,1,0,83
Finance,22,Masters & above,m,sourcing,1,36,4.0,10,0,0,60
Sales & Marketing,22,Bachelors,f,other,1,26,3.0,4,0,0,48
Technology,23,Masters & above,m,other,2,34,3.0,8,0,0,80
Sales & Marketing,2,Masters & above,f,sourcing,1,45,5.0,8,1,0,49
Sales & Marketing,26,Masters & above,m,other,1,44,5.0,5,1,0,50
R&D,22,Masters & above,m,other,2,35,4.0,6,0,0,87
Sales & Marketing,28,Bachelors,m,sourcing,1,42,4.0,3,0,0,47
Finance,2,Bachelors,f,sourcing,1,32,4.0,7,0,0,63
Sales & Marketing,11,Bachelors,f,sourcing,1,30,1.0,4,0,0,46
Sales & Marketing,23,Bachelors,f,sourcing,1,32,5.0,7,1,0,50
Finance,2,Bachelors,f,sourcing,1,47,3.0,7,0,0,58
HR,15,Masters & above,m,other,1,31,5.0,2,1,0,49
Finance,5,Bachelors,m,other,1,33,5.0,6,1,0,61
HR,11,Bachelors,m,other,1,27,5.0,6,1,0,51
Operations,22,Masters & above,f,other,1,32,4.0,8,1,0,64
Sales & Marketing,19,Bachelors,m,sourcing,2,36,1.0,8,0,0,50
Operations,20,Masters & above,f,sourcing,1,35,3.0,7,0,0,59
Technology,11,Bachelors,f,sourcing,1,32,3.0,5,0,0,82
Finance,13,Bachelors,m,other,1,29,4.0,7,0,0,58
Technology,26,Masters & above,m,other,1,39,1.0,4,0,0,80
Technology,26,Bachelors,m,sourcing,1,35,3.0,7,0,1,78
Operations,15,Bachelors,m,sourcing,1,45,4.0,4,1,0,73
Technology,2,Bachelors,f,other,1,29,1.0,2,0,0,79
Operations,6,Bachelors,m,sourcing,1,36,4.0,3,0,0,62
Analytics,28,Bachelors,m,other,1,38,5.0,5,1,0,89
Sales & Marketing,6,Bachelors,m,other,1,32,1.0,5,0,0,50
Analytics,2,Bachelors,m,other,1,29,1.0,5,0,0,87
Legal,27,Below Secondary,m,other,1,26,5.0,2,1,0,58
Sales & Marketing,2,Bachelors,m,sourcing,1,23,5.0,2,0,0,49
R&D,7,Masters & above,m,sourcing,1,39,5.0,4,1,0,81
Operations,22,Bachelors,f,sourcing,1,27,3.0,2,1,0,60
Operations,2,Bachelors,m,sourcing,2,33,3.0,9,1,0,63
Technology,5,Masters & above,f,sourcing,2,33,4.0,3,0,0,84
Sales & Marketing,15,Bachelors,m,other,1,37,3.0,5,0,0,50
Sales & Marketing,22,Bachelors,m,other,1,42,4.0,11,0,0,52
Operations,15,Bachelors,m,other,1,40,5.0,4,0,0,61
Technology,7,Bachelors,f,sourcing,1,25,4.0,3,1,0,78
Technology,16,Bachelors,m,sourcing,1,33,3.0,7,0,0,78
Sales & Marketing,14,Masters & above,m,sourcing,2,35,1.0,8,0,0,46
Sales & Marketing,26,Bachelors,m,other,1,31,3.0,6,0,0,52
Operations,27,Masters & above,m,other,1,37,3.0,10,0,0,59
Operations,10,Bachelors,m,other,1,32,4.0,6,0,0,61
Procurement,16,Bachelors,m,sourcing,1,34,3.0,5,1,0,70
Sales & Marketing,8,Bachelors,m,other,1,28,4.0,4,0,0,49
Analytics,29,Bachelors,f,sourcing,1,28,4.0,5,1,0,87
Sales & Marketing,13,Bachelors,m,other,1,30,5.0,2,1,0,51
Operations,2,Bachelors,m,other,1,27,3.0,3,0,0,54
Sales & Marketing,15,Bachelors,m,other,1,49,4.0,2,0,0,52
Sales & Marketing,10,Masters & above,m,sourcing,1,33,4.0,2,0,1,60
Sales & Marketing,26,Bachelors,m,other,1,33,1.0,5,0,0,49
Sales & Marketing,6,Bachelors,f,sourcing,1,29,2.0,2,0,0,46
Operations,19,Masters & above,m,other,1,47,5.0,4,1,0,63
Sales & Marketing,22,Bachelors,m,other,2,29,4.0,5,1,0,44
Operations,2,Masters & above,f,other,1,39,3.0,13,0,0,60
HR,13,Bachelors,f,other,1,33,3.0,7,0,0,65
Procurement,2,Bachelors,m,other,1,41,3.0,11,0,0,65
Technology,12,Bachelors,m,sourcing,1,30,4.0,5,1,0,83
Sales & Marketing,22,Bachelors,m,sourcing,1,29,3.0,3,1,0,52
R&D,11,Bachelors,m,other,1,36,2.0,4,1,0,84
Sales & Marketing,9,Masters & above,m,other,1,28,4.0,4,0,0,46
Sales & Marketing,13,Bachelors,m,other,1,33,4.0,8,1,0,52
R&D,4,Bachelors,m,other,2,33,4.0,7,1,0,87
Analytics,26,Bachelors,m,other,2,27,4.0,5,0,0,88
Operations,15,Bachelors,m,sourcing,1,43,5.0,7,0,0,62
Procurement,11,Masters & above,m,sourcing,1,45,3.0,11,0,0,70
Sales & Marketing,1,Masters & above,m,other,1,36,4.0,3,0,0,51
Legal,31,Bachelors,m,sourcing,1,35,5.0,2,0,0,57
Sales & Marketing,12,Bachelors,m,other,1,29,2.0,5,0,0,50
Analytics,26,Bachelors,m,other,2,31,3.0,4,0,0,87
Sales & Marketing,2,Masters & above,m,other,1,44,5.0,13,1,0,52
Sales & Marketing,26,Bachelors,m,sourcing,1,37,4.0,9,1,0,46
Operations,7,Bachelors,f,other,1,41,5.0,9,1,0,61
Analytics,13,Bachelors,m,other,1,42,5.0,4,1,0,85
Sales & Marketing,22,Bachelors,m,other,2,27,3.0,4,0,0,54
Sales & Marketing,1,Masters & above,f,sourcing,2,33,1.0,7,0,0,56
Operations,23,Bachelors,m,sourcing,2,29,4.0,5,1,0,57
Sales & Marketing,2,Bachelors,m,sourcing,1,56,5.0,17,0,0,47
Sales & Marketing,15,Bachelors,f,other,1,28,1.0,3,1,0,53
Technology,26,Bachelors,m,other,1,30,4.0,3,0,0,78
Sales & Marketing,9,Bachelors,m,other,1,32,4.0,2,0,0,49
Sales & Marketing,16,Masters & above,m,other,1,51,1.0,5,0,0,53
Operations,4,Masters & above,m,other,1,52,3.0,17,0,0,59
Procurement,7,Masters & above,m,other,1,34,3.0,4,0,0,66
Sales & Marketing,7,Masters & above,m,sourcing,1,49,5.0,2,1,1,48
Procurement,2,Bachelors,m,other,3,33,1.0,5,1,1,67
Operations,15,Masters & above,m,sourcing,1,37,4.0,8,0,0,62
Sales & Marketing,7,Bachelors,m,sourcing,2,29,2.0,3,0,0,48
Operations,11,Bachelors,m,sourcing,1,38,3.0,3,1,0,58
Operations,22,Masters & above,m,other,1,46,4.0,3,1,0,71
Sales & Marketing,31,Masters & above,m,other,1,33,3.0,6,0,0,47
Procurement,2,Bachelors,f,other,2,38,3.0,4,0,0,64
Operations,3,Masters & above,m,sourcing,1,32,3.0,5,0,0,63
Sales & Marketing,28,Bachelors,f,sourcing,1,30,1.0,8,0,0,49
HR,2,Bachelors,f,other,1,41,4.0,5,1,0,47
R&D,26,Bachelors,m,sourcing,1,33,5.0,7,1,0,84
Procurement,21,Bachelors,f,other,1,41,5.0,8,1,0,72
Procurement,17,Masters & above,m,sourcing,1,41,4.0,12,1,0,71
Procurement,22,Bachelors,m,other,2,27,4.0,1,1,0,83
Procurement,2,Masters & above,m,other,1,33,2.0,7,0,0,69
Operations,2,Bachelors,m,sourcing,1,42,3.0,14,0,0,77
Sales & Marketing,7,Bachelors,f,sourcing,2,35,2.0,10,0,0,52
Sales & Marketing,2,Bachelors,m,other,1,53,5.0,4,1,0,47
Sales & Marketing,13,Masters & above,m,sourcing,1,51,3.0,7,0,0,53
Technology,2,Bachelors,f,other,2,37,4.0,7,0,0,76
Sales & Marketing,4,Bachelors,m,sourcing,1,31,4.0,6,0,0,49
Sales & Marketing,13,Bachelors,m,other,1,35,4.0,9,0,0,54
Operations,2,Bachelors,f,sourcing,1,30,3.0,3,0,0,64
HR,31,Bachelors,f,other,1,29,5.0,6,0,0,57
Sales & Marketing,2,Bachelors,m,sourcing,1,39,1.0,8,0,0,54
HR,16,Bachelors,m,other,1,31,2.0,4,0,0,54
Sales & Marketing,22,Bachelors,m,sourcing,2,48,3.0,2,0,0,48
Sales & Marketing,17,Bachelors,m,other,1,39,5.0,10,1,0,51
Finance,13,Bachelors,m,other,2,26,3.0,2,0,0,60
Technology,26,Masters & above,m,other,1,43,1.0,7,0,0,84
Operations,19,Bachelors,f,sourcing,1,40,2.0,11,0,0,59
Technology,19,Bachelors,m,other,1,34,1.0,6,0,0,76
Technology,26,Masters & above,m,other,1,47,3.0,8,0,0,79
Operations,31,Bachelors,f,other,1,31,3.0,7,1,0,62
Analytics,4,Bachelors,m,other,1,39,2.0,10,0,0,85
Operations,7,Bachelors,m,other,1,31,4.0,4,1,0,60
Operations,13,Bachelors,m,other,2,39,2.0,9,0,0,69
Operations,22,Masters & above,m,sourcing,2,43,3.0,6,1,0,64
Sales & Marketing,11,Masters & above,m,sourcing,1,50,1.0,4,1,0,53
Finance,27,Bachelors,m,sourcing,2,37,1.0,5,0,0,58
Operations,22,Masters & above,m,other,1,29,1.0,3,1,0,59
Operations,22,Bachelors,f,sourcing,1,35,3.0,8,0,0,62
Finance,2,Bachelors,m,other,2,31,5.0,2,1,0,57
Sales & Marketing,11,Masters & above,m,sourcing,1,31,5.0,9,0,0,49
Operations,22,Masters & above,m,referred,1,37,5.0,10,1,0,62
Operations,22,Bachelors,m,other,1,33,3.0,6,1,0,60
Technology,12,Bachelors,m,other,1,30,3.0,7,0,0,76
Technology,22,Masters & above,m,sourcing,1,34,3.0,6,1,0,80
Operations,21,Masters & above,m,other,1,40,3.0,7,0,0,65
Operations,22,Masters & above,f,sourcing,1,53,1.0,11,0,0,68
Sales & Marketing,27,Bachelors,m,other,1,41,1.0,15,0,0,49
Analytics,25,Bachelors,m,other,1,31,3.0,7,1,1,86
Sales & Marketing,12,Bachelors,f,other,1,28,5.0,2,1,0,49
Sales & Marketing,22,Bachelors,m,other,2,28,4.0,3,1,0,93
Analytics,1,Masters & above,m,other,1,38,1.0,4,0,0,81
Finance,2,Bachelors,m,other,1,53,4.0,14,1,0,54
Procurement,21,Bachelors,m,other,1,31,3.0,7,0,0,64
Operations,8,Bachelors,f,sourcing,1,31,5.0,5,0,0,55
HR,2,Below Secondary,m,other,1,20,4.0,2,0,0,45
Procurement,2,Masters & above,f,other,1,33,1.0,3,1,0,72
Sales & Marketing,4,Bachelors,m,sourcing,2,35,3.0,9,0,0,50
Sales & Marketing,26,Bachelors,m,other,2,28,1.0,2,0,0,51
HR,2,Bachelors,f,referred,1,36,5.0,7,1,0,47
Technology,26,Bachelors,m,sourcing,1,46,3.0,18,0,0,94
Sales & Marketing,22,Masters & above,m,other,1,38,2.0,8,0,0,47
Operations,22,Masters & above,m,other,1,37,3.0,10,1,0,61
Analytics,22,Bachelors,m,other,1,36,3.0,10,0,0,86
Operations,5,Bachelors,f,other,1,38,3.0,9,0,0,58
Analytics,16,Bachelors,m,other,1,33,3.0,4,0,0,82
Sales & Marketing,13,Bachelors,m,sourcing,1,46,5.0,2,1,1,51
Procurement,2,Bachelors,f,other,1,43,4.0,6,0,0,71
Technology,4,Masters & above,m,sourcing,1,37,3.0,6,1,0,78
Operations,27,Masters & above,f,sourcing,1,38,5.0,2,1,0,53
Operations,15,Bachelors,m,sourcing,1,33,3.0,7,0,0,57
Operations,22,Bachelors,m,other,1,37,4.0,3,1,0,60
Sales & Marketing,17,Masters & above,m,other,2,35,1.0,7,0,0,45
Operations,6,Bachelors,m,other,1,27,4.0,2,0,0,60
Sales & Marketing,22,Bachelors,m,sourcing,3,25,3.0,3,0,0,50
Procurement,5,Masters & above,m,other,1,34,2.0,5,1,0,75
Sales & Marketing,27,Bachelors,m,sourcing,1,29,5.0,3,0,0,50
Sales & Marketing,7,Bachelors,f,other,3,33,1.0,6,0,0,52
Operations,2,Bachelors,m,other,3,36,1.0,8,0,0,60
Operations,13,Bachelors,m,other,1,49,5.0,18,0,0,56
HR,2,Masters & above,f,sourcing,1,45,3.0,6,1,0,48
Sales & Marketing,22,Bachelors,m,other,3,33,3.0,8,0,0,53
Sales & Marketing,2,Masters & above,f,sourcing,1,39,1.0,9,0,0,52
Finance,31,Bachelors,m,sourcing,1,28,5.0,3,0,0,61
Finance,2,Bachelors,m,other,2,32,3.0,4,0,0,57
Sales & Marketing,28,Masters & above,m,sourcing,4,37,1.0,3,0,0,50
Sales & Marketing,13,Bachelors,f,other,1,35,1.0,6,0,0,51
Operations,14,Bachelors,m,other,1,34,3.0,7,1,0,63
Technology,22,Bachelors,f,other,4,27,5.0,4,1,0,80
Operations,11,Bachelors,m,sourcing,1,29,5.0,5,0,0,60
Analytics,2,Bachelors,m,sourcing,1,34,5.0,3,0,0,83
Sales & Marketing,14,Masters & above,m,sourcing,1,43,5.0,4,1,0,53
Procurement,24,Masters & above,m,other,1,31,3.0,9,0,0,68
Procurement,2,Bachelors,f,sourcing,1,31,3.0,3,0,0,72
Operations,8,Masters & above,m,sourcing,1,32,3.0,8,0,0,59
Operations,20,Bachelors,f,other,1,36,3.0,5,0,0,59
Technology,22,Masters & above,f,other,1,44,5.0,7,1,0,77
Technology,8,Bachelors,m,sourcing,1,31,3.0,2,0,0,79
Sales & Marketing,2,Masters & above,f,other,1,35,5.0,7,1,0,53
Sales & Marketing,1,Bachelors,m,other,1,27,2.0,2,0,0,51
Sales & Marketing,28,Bachelors,m,other,1,30,5.0,6,0,0,50
Sales & Marketing,9,Bachelors,m,sourcing,1,34,5.0,4,0,0,50
Analytics,22,Masters & above,m,other,1,53,5.0,21,0,0,84
Sales & Marketing,26,Bachelors,m,sourcing,1,32,5.0,5,0,0,53
Sales & Marketing,23,Bachelors,m,other,1,36,5.0,4,0,0,49
Analytics,7,Bachelors,m,other,1,39,4.0,7,1,0,85
Operations,15,Bachelors,m,sourcing,1,34,5.0,4,1,1,58
Operations,15,Masters & above,f,other,1,30,3.0,8,1,0,56
Legal,16,Bachelors,m,other,1,32,3.0,9,0,0,60
Operations,26,Bachelors,m,sourcing,1,26,3.0,5,0,0,60
Sales & Marketing,4,Masters & above,m,sourcing,3,36,1.0,10,0,0,51
Sales & Marketing,7,Bachelors,m,sourcing,1,30,2.0,1,0,0,49
Analytics,21,Bachelors,m,sourcing,1,36,3.0,5,0,0,81
Operations,7,Masters & above,m,other,1,48,4.0,3,1,0,55
Finance,27,Bachelors,m,sourcing,1,34,4.0,10,0,0,59
Sales & Marketing,15,Bachelors,m,other,1,42,5.0,12,0,0,48
Operations,2,Bachelors,f,other,1,29,2.0,4,0,0,56
Sales & Marketing,31,Masters & above,m,sourcing,1,47,3.0,6,0,0,49
HR,22,Masters & above,f,sourcing,1,38,4.0,8,1,0,51
Legal,2,Bachelors,m,other,1,30,5.0,3,1,0,62
Sales & Marketing,24,Bachelors,m,other,1,29,2.0,3,1,0,48
R&D,2,Masters & above,m,other,1,36,4.0,3,1,0,88
HR,28,Bachelors,m,sourcing,1,30,3.0,5,0,0,49
Analytics,2,Masters & above,m,sourcing,1,41,3.0,5,1,0,83
Technology,2,Bachelors,m,other,3,39,4.0,13,0,0,84
Analytics,5,Bachelors,m,sourcing,1,32,3.0,5,1,0,89
Sales & Marketing,10,Bachelors,m,sourcing,1,31,3.0,5,0,0,48
Procurement,2,Bachelors,f,other,1,55,1.0,7,0,0,76
Analytics,2,Bachelors,f,sourcing,3,26,2.0,3,0,0,79
Finance,2,Bachelors,m,sourcing,1,35,4.0,4,0,0,64
Sales & Marketing,25,Masters & above,m,other,1,31,3.0,6,0,0,45
Sales & Marketing,16,Bachelors,m,other,1,24,3.0,2,0,0,57
Procurement,6,Bachelors,f,other,2,35,3.0,9,0,0,67
R&D,22,Masters & above,m,other,3,31,4.0,8,0,0,83
Operations,13,Bachelors,m,sourcing,1,32,3.0,2,0,0,58
Finance,15,Bachelors,m,other,2,28,3.0,3,0,0,59
Sales & Marketing,7,Bachelors,m,other,1,25,3.0,4,0,0,50
Sales & Marketing,3,Bachelors,m,sourcing,1,34,3.0,7,1,0,54
Technology,7,Bachelors,f,referred,2,28,3.0,2,0,0,80
Procurement,31,Bachelors,f,sourcing,2,36,3.0,2,0,0,66
Analytics,31,Bachelors,f,sourcing,1,27,4.0,2,0,0,86
Operations,7,Masters & above,f,other,2,34,3.0,2,0,1,77
Sales & Marketing,23,Bachelors,m,sourcing,1,35,4.0,3,0,0,48
Technology,24,Masters & above,f,other,1,38,3.0,3,0,0,81
Analytics,12,Bachelors,m,sourcing,1,34,1.0,5,0,0,89
Analytics,22,Bachelors,m,sourcing,2,30,5.0,8,0,0,83
Analytics,2,Masters & above,m,other,1,53,1.0,18,0,0,90
R&D,15,Masters & above,m,other,1,34,3.0,7,0,0,84
Procurement,2,Bachelors,f,sourcing,2,24,4.0,3,1,0,71
Analytics,23,Bachelors,m,other,1,36,4.0,2,0,0,89
Technology,29,Masters & above,m,other,1,38,4.0,9,0,0,84
Procurement,11,Masters & above,m,other,1,34,5.0,7,1,0,69
HR,4,Bachelors,f,other,1,32,3.0,3,0,0,54
Finance,4,Masters & above,m,sourcing,1,40,5.0,4,1,0,90
Technology,22,Bachelors,m,other,2,28,4.0,3,1,0,84
Procurement,26,Bachelors,m,other,1,55,3.0,10,0,0,70
Operations,7,Masters & above,m,other,1,38,4.0,9,1,0,60
Sales & Marketing,2,Bachelors,f,sourcing,4,30,4.0,7,0,0,43
Procurement,7,Bachelors,f,other,1,32,4.0,6,0,0,66
Operations,5,Bachelors,m,other,2,35,5.0,7,1,0,60
Technology,11,Bachelors,f,other,1,31,3.0,4,0,0,78
Sales & Marketing,3,Bachelors,m,other,1,29,5.0,2,1,0,48
Sales & Marketing,9,Masters & above,m,other,1,36,3.0,3,1,0,47
Technology,33,Bachelors,m,other,2,32,3.0,6,0,0,88
Technology,28,Bachelors,m,other,1,26,5.0,3,1,0,81
HR,31,Bachelors,f,other,1,31,5.0,2,1,0,48
Sales & Marketing,15,Bachelors,m,sourcing,2,38,1.0,2,1,0,53
HR,7,Bachelors,f,sourcing,1,32,3.0,10,0,0,45
Sales & Marketing,15,Masters & above,m,other,1,37,1.0,10,0,0,50
Procurement,23,Masters & above,m,sourcing,1,36,2.0,6,0,0,72
Technology,15,Bachelors,f,sourcing,1,31,3.0,5,0,0,82
Operations,25,Bachelors,m,other,1,26,4.0,2,0,0,60
Technology,3,Bachelors,m,other,1,28,3.0,5,1,0,80
Procurement,13,Bachelors,m,sourcing,2,35,3.0,2,0,0,70
Technology,2,Masters & above,m,other,2,39,3.0,10,1,0,77
Sales & Marketing,11,Masters & above,m,sourcing,1,39,3.0,3,0,0,46
Operations,30,Bachelors,m,sourcing,1,30,3.0,2,0,0,58
Technology,8,Masters & above,m,sourcing,1,36,2.0,7,0,0,78
Operations,2,Bachelors,m,sourcing,1,47,4.0,7,0,0,63
Sales & Marketing,2,Bachelors,m,sourcing,1,36,5.0,10,1,0,50
R&D,2,Masters & above,m,sourcing,2,45,3.0,14,0,0,80
Operations,2,Masters & above,m,other,1,42,5.0,5,0,1,70
Sales & Marketing,7,Masters & above,m,sourcing,3,39,1.0,6,0,0,47
Sales & Marketing,31,Bachelors,m,other,1,31,3.0,4,0,0,52
Technology,7,Bachelors,m,other,2,36,4.0,8,1,0,76
HR,31,Masters & above,f,other,1,38,5.0,3,1,0,46
Sales & Marketing,22,Bachelors,m,referred,1,29,4.0,3,0,0,51
Sales & Marketing,33,Bachelors,m,sourcing,1,32,5.0,4,0,0,49
Operations,4,Bachelors,f,other,1,30,5.0,3,1,0,95
Operations,26,Bachelors,f,sourcing,2,27,3.0,6,0,0,59
Sales & Marketing,22,Bachelors,m,sourcing,1,35,3.0,2,1,0,49
Finance,7,Bachelors,f,sourcing,1,30,5.0,7,0,0,63
Operations,27,Bachelors,f,sourcing,2,31,5.0,5,1,0,58
Operations,10,Masters & above,f,other,1,31,3.0,6,0,0,58
Technology,2,Bachelors,f,sourcing,1,30,5.0,8,1,0,72
Operations,24,Masters & above,f,sourcing,1,35,3.0,8,0,0,59
Sales & Marketing,28,Masters & above,m,other,2,40,4.0,10,0,0,45
Operations,2,Bachelors,m,sourcing,1,38,2.0,10,0,0,62
Technology,2,Bachelors,m,sourcing,1,57,4.0,7,0,0,74
Technology,21,Bachelors,m,other,1,29,4.0,2,1,0,81
Sales & Marketing,22,Bachelors,m,sourcing,2,31,4.0,6,0,0,48
HR,2,Below Secondary,f,sourcing,1,25,5.0,4,0,0,47
Operations,2,Masters & above,f,other,1,47,5.0,4,1,0,55
Finance,26,Bachelors,m,sourcing,1,30,5.0,5,1,0,61
Finance,2,Bachelors,m,sourcing,1,35,3.0,6,1,0,61
Sales & Marketing,28,Bachelors,m,sourcing,1,46,5.0,18,0,0,45
Finance,15,Masters & above,m,sourcing,1,34,4.0,2,0,0,56
Sales & Marketing,25,Masters & above,m,sourcing,1,43,5.0,4,1,0,46
Sales & Marketing,13,Masters & above,m,other,1,37,5.0,5,1,0,49
Technology,7,Masters & above,f,other,2,38,3.0,13,1,0,77
Technology,4,Bachelors,m,other,1,30,4.0,3,1,0,85
Finance,13,Bachelors,m,sourcing,5,27,5.0,3,0,0,61
Sales & Marketing,30,Bachelors,m,other,2,33,1.0,3,0,0,51
Sales & Marketing,30,Bachelors,m,other,2,39,4.0,9,0,0,53
HR,2,Bachelors,f,sourcing,1,31,4.0,5,1,0,50
Sales & Marketing,22,Masters & above,m,sourcing,7,36,1.0,3,0,0,49
Procurement,2,Bachelors,f,other,1,49,3.0,17,0,0,67
Sales & Marketing,28,Masters & above,f,other,2,33,2.0,7,1,0,89
Operations,7,Bachelors,m,other,1,31,5.0,6,1,0,60
Operations,2,Bachelors,f,sourcing,1,33,3.0,2,0,0,58
Operations,2,Bachelors,f,sourcing,1,40,3.0,3,1,0,59
Operations,22,Bachelors,f,other,1,37,5.0,9,1,0,60
Technology,22,Bachelors,m,referred,1,32,3.0,6,1,0,82
Sales & Marketing,31,Bachelors,m,sourcing,1,27,3.0,2,0,0,42
Operations,23,Masters & above,m,other,1,37,4.0,6,0,0,64
Sales & Marketing,11,Masters & above,m,sourcing,1,43,3.0,9,0,0,46
Sales & Marketing,20,Bachelors,m,sourcing,1,38,3.0,12,0,0,49
Procurement,31,Bachelors,m,other,1,35,3.0,8,0,0,72
Procurement,17,Bachelors,f,other,1,33,4.0,6,1,0,68
Operations,4,Masters & above,f,sourcing,1,35,5.0,7,1,0,57
Technology,14,Masters & above,m,other,1,34,5.0,2,1,0,75
Sales & Marketing,7,Masters & above,m,other,2,40,3.0,12,1,0,49
Finance,7,Below Secondary,m,sourcing,1,25,4.0,3,0,0,60
Analytics,29,Bachelors,m,other,1,31,4.0,3,1,0,84
Sales & Marketing,7,Bachelors,m,sourcing,1,32,5.0,2,1,0,53
Operations,19,Bachelors,m,other,1,47,3.0,5,1,0,60
Technology,7,Masters & above,f,other,2,40,5.0,5,1,0,80
Analytics,22,Bachelors,f,sourcing,1,29,3.0,7,1,0,83
HR,2,Masters & above,m,sourcing,2,39,5.0,4,1,0,52
Technology,2,Bachelors,f,sourcing,2,25,1.0,2,1,0,97
Sales & Marketing,27,Masters & above,m,sourcing,1,39,3.0,7,0,0,50
Operations,27,Bachelors,m,other,1,28,4.0,4,0,0,59
Analytics,24,Masters & above,m,sourcing,1,33,1.0,2,0,0,88
Sales & Marketing,2,Bachelors,f,other,1,57,4.0,3,1,1,47
HR,2,Masters & above,m,sourcing,1,43,3.0,12,0,0,48
Analytics,2,Bachelors,m,other,1,43,4.0,12,1,0,84
Sales & Marketing,28,Bachelors,m,other,1,40,1.0,7,0,0,49
Legal,2,Bachelors,m,sourcing,1,40,1.0,8,0,0,54
Operations,7,Bachelors,f,other,2,36,5.0,7,1,0,64
Technology,31,Bachelors,m,other,1,32,3.0,8,0,0,80
Sales & Marketing,28,Bachelors,m,other,1,35,1.0,3,0,0,48
Technology,2,Bachelors,f,other,1,50,5.0,19,1,0,80
Operations,22,Masters & above,m,sourcing,1,40,3.0,3,0,0,63
Sales & Marketing,12,Bachelors,m,sourcing,2,27,3.0,2,0,0,50
HR,2,Below Secondary,m,sourcing,3,26,3.0,2,0,0,46
Technology,22,Bachelors,m,sourcing,1,27,3.0,2,0,0,74
Sales & Marketing,15,Bachelors,m,sourcing,1,36,5.0,2,1,0,46
Technology,13,Masters & above,f,other,1,36,2.0,7,0,0,86
Procurement,4,Masters & above,f,other,1,37,5.0,9,1,0,70
Analytics,22,Bachelors,m,other,2,26,3.0,1,1,0,82
Operations,2,Masters & above,f,sourcing,1,44,2.0,7,0,0,63
Technology,16,Masters & above,m,other,2,33,1.0,10,0,0,76
Operations,1,Masters & above,m,sourcing,1,37,1.0,3,0,0,65
Sales & Marketing,15,Bachelors,m,other,1,32,3.0,4,1,0,48
Operations,13,Bachelors,f,other,1,38,3.0,10,1,0,60
Sales & Marketing,15,Bachelors,m,sourcing,2,32,3.0,3,0,0,44
R&D,27,Bachelors,m,other,1,29,3.0,1,0,0,84
Operations,17,Bachelors,m,other,1,31,2.0,3,0,0,64
Technology,2,Masters & above,m,other,1,52,3.0,17,0,0,75
Procurement,7,Masters & above,f,sourcing,1,35,4.0,7,0,0,69
Sales & Marketing,17,Bachelors,m,other,1,35,3.0,11,0,0,89
Legal,2,Bachelors,m,other,1,33,5.0,4,0,0,63
Sales & Marketing,22,Bachelors,m,other,2,28,3.0,5,1,0,45
Sales & Marketing,4,Bachelors,m,other,1,44,2.0,3,1,0,51
Operations,11,Bachelors,f,other,1,32,3.0,2,0,0,64
Sales & Marketing,7,Masters & above,m,sourcing,2,32,3.0,6,1,0,51
Sales & Marketing,3,Bachelors,m,other,1,28,3.0,2,0,0,50
Analytics,21,Bachelors,m,other,1,30,3.0,4,0,0,89
Procurement,2,Bachelors,m,other,3,36,2.0,7,0,0,72
Operations,26,Bachelors,f,sourcing,1,31,4.0,3,0,0,57
Finance,2,Bachelors,m,sourcing,1,42,3.0,6,1,0,63
Procurement,2,Bachelors,m,sourcing,1,26,5.0,3,0,0,72
Sales & Marketing,18,Bachelors,m,other,1,32,5.0,4,0,0,44
Analytics,2,Masters & above,m,other,2,50,5.0,4,0,0,81
R&D,2,Masters & above,m,sourcing,1,34,5.0,7,1,0,84
Operations,12,Masters & above,m,sourcing,1,40,4.0,3,0,0,63
Operations,15,Masters & above,m,other,1,43,5.0,16,1,0,56
Sales & Marketing,2,Bachelors,f,sourcing,2,53,5.0,9,1,0,48
Technology,2,Bachelors,m,referred,1,36,5.0,9,1,0,79
Sales & Marketing,26,Bachelors,m,other,2,28,1.0,5,0,0,50
Sales & Marketing,14,Bachelors,f,other,1,36,3.0,8,0,0,50
Finance,31,Bachelors,m,other,1,26,5.0,3,1,0,54
Analytics,4,Masters & above,m,other,1,47,3.0,18,1,0,81
Sales & Marketing,22,Bachelors,m,other,1,29,5.0,8,0,0,52
Finance,2,Below Secondary,m,other,3,25,5.0,3,1,0,58
Sales & Marketing,22,Bachelors,m,sourcing,1,28,3.0,2,1,0,50
Sales & Marketing,4,Masters & above,m,sourcing,1,34,2.0,8,0,0,46
Analytics,27,Bachelors,m,sourcing,2,29,3.0,3,0,0,84
Sales & Marketing,1,Bachelors,f,other,1,28,3.0,2,0,0,46
Operations,23,Masters & above,f,other,1,40,3.0,11,1,0,54
Finance,7,Bachelors,m,sourcing,2,33,3.0,7,0,0,62
Operations,2,Bachelors,m,sourcing,1,55,5.0,24,1,0,61
Sales & Marketing,2,Masters & above,m,other,1,39,5.0,9,1,0,50
Finance,6,Bachelors,f,sourcing,1,27,5.0,3,1,0,65
Sales & Marketing,22,Masters & above,f,other,1,42,3.0,7,0,0,55
Sales & Marketing,31,Bachelors,f,other,1,35,3.0,7,0,0,53
Analytics,1,Masters & above,m,other,1,36,3.0,8,1,0,81
HR,2,Masters & above,f,sourcing,1,43,2.0,4,1,0,48
R&D,2,Masters & above,m,sourcing,1,49,3.0,6,0,0,87
Analytics,2,Bachelors,f,sourcing,2,29,5.0,3,0,0,84
Finance,2,Bachelors,m,sourcing,1,30,5.0,4,0,0,63
HR,2,Bachelors,f,other,1,43,3.0,6,0,1,50
Operations,27,Bachelors,f,sourcing,1,43,3.0,12,0,0,53
Technology,23,Masters & above,m,other,1,41,3.0,6,0,0,79
Finance,31,Bachelors,m,other,1,31,4.0,2,0,0,60
Sales & Marketing,2,Bachelors,m,other,1,29,4.0,2,0,0,52
Sales & Marketing,10,Masters & above,m,sourcing,1,45,3.0,7,0,0,54
Sales & Marketing,10,Bachelors,m,sourcing,1,45,1.0,4,0,0,51
Sales & Marketing,2,Bachelors,m,other,1,51,4.0,17,0,0,51
Sales & Marketing,22,Bachelors,m,sourcing,3,26,1.0,3,0,0,49
Finance,2,Bachelors,m,other,1,41,4.0,6,0,0,55
Procurement,20,Bachelors,m,sourcing,1,35,5.0,7,1,0,69
Procurement,11,Masters & above,m,sourcing,1,36,3.0,4,1,1,71
Technology,11,Bachelors,f,other,1,29,4.0,3,0,0,79
Technology,2,Bachelors,m,other,1,51,1.0,6,1,0,82
Legal,22,Below Secondary,m,other,1,25,5.0,2,1,0,70
HR,2,Masters & above,m,other,1,34,3.0,7,0,0,51
Sales & Marketing,2,Bachelors,m,other,2,45,1.0,19,0,0,50
Operations,7,Bachelors,f,sourcing,1,46,3.0,16,0,0,58
Finance,13,Masters & above,m,sourcing,1,40,5.0,9,1,0,62
Analytics,27,Bachelors,m,sourcing,1,35,3.0,5,1,0,83
Sales & Marketing,2,Masters & above,m,other,1,40,5.0,11,1,0,49
Operations,22,Bachelors,m,sourcing,1,44,3.0,5,1,0,61
Analytics,16,Bachelors,m,other,1,28,4.0,4,0,0,82
Sales & Marketing,7,Bachelors,f,other,1,33,3.0,5,0,0,50
Sales & Marketing,14,Bachelors,m,other,1,50,1.0,19,0,0,53
Analytics,29,Bachelors,m,sourcing,1,27,3.0,3,0,0,88
Technology,16,Bachelors,f,other,1,44,3.0,17,1,0,78
Sales & Marketing,13,Bachelors,m,sourcing,1,27,4.0,4,0,0,51
Sales & Marketing,19,Bachelors,m,other,1,35,5.0,6,0,0,48
Operations,22,Bachelors,f,other,2,34,5.0,4,1,0,58
Procurement,2,Bachelors,m,other,2,38,3.0,7,1,0,72
Operations,15,Masters & above,m,sourcing,1,50,4.0,9,0,0,61
Operations,8,Bachelors,f,sourcing,1,26,3.0,2,1,0,62
Procurement,11,Bachelors,f,sourcing,1,30,3.0,7,1,0,68
Technology,26,Bachelors,f,sourcing,1,36,3.0,7,0,0,78
Sales & Marketing,7,Bachelors,f,sourcing,1,30,3.0,6,0,0,50
Procurement,7,Bachelors,f,other,1,29,1.0,4,0,0,70
Sales & Marketing,14,Bachelors,m,other,1,35,5.0,8,0,0,46
HR,22,Masters & above,m,sourcing,1,37,3.0,8,1,0,53
Sales & Marketing,20,Bachelors,m,other,1,41,5.0,5,1,0,49
Analytics,7,Bachelors,m,sourcing,1,36,5.0,2,1,0,90
Sales & Marketing,26,Bachelors,m,other,1,35,5.0,9,0,0,48
Operations,15,Bachelors,f,other,1,35,5.0,8,1,0,59
Sales & Marketing,22,Bachelors,m,sourcing,1,36,1.0,5,1,0,47
Technology,24,Bachelors,m,other,2,27,3.0,5,0,0,79
Operations,7,Masters & above,m,sourcing,1,43,5.0,6,0,0,59
Operations,19,Bachelors,f,sourcing,1,40,4.0,9,0,0,59
Operations,22,Bachelors,f,other,1,56,3.0,26,1,0,57
Operations,22,Masters & above,f,sourcing,1,38,1.0,8,0,0,62
Analytics,4,Masters & above,m,sourcing,2,39,5.0,11,0,0,83
R&D,11,Masters & above,m,other,1,33,5.0,3,0,0,82
Sales & Marketing,31,Masters & above,m,other,1,47,1.0,7,1,0,50
Technology,2,Bachelors,m,other,2,49,2.0,18,0,0,91
Operations,22,Masters & above,m,sourcing,1,28,4.0,2,0,0,61
Technology,2,Bachelors,m,other,2,49,4.0,6,0,0,75
HR,2,Masters & above,m,other,1,53,3.0,3,1,0,49
Operations,4,Masters & above,m,sourcing,1,27,5.0,2,1,0,56
Sales & Marketing,22,Bachelors,m,other,2,31,3.0,5,0,0,51
Operations,12,Bachelors,m,sourcing,1,26,3.0,3,1,0,58
Sales & Marketing,19,Bachelors,m,other,2,33,1.0,6,0,0,47
Operations,11,Masters & above,f,other,1,39,3.0,5,0,0,62
Technology,7,Bachelors,m,sourcing,2,27,3.0,2,0,0,77
Sales & Marketing,26,Bachelors,m,other,1,27,4.0,4,0,0,48
Procurement,13,Bachelors,f,other,1,35,3.0,7,1,0,62
Sales & Marketing,22,Masters & above,m,other,1,35,4.0,9,0,0,49
Legal,22,Bachelors,m,other,2,35,4.0,4,0,0,57
Technology,2,Masters & above,f,sourcing,1,32,3.0,4,1,0,83
Sales & Marketing,3,Bachelors,m,sourcing,1,31,4.0,7,0,0,46
Procurement,2,Bachelors,m,other,1,35,5.0,10,1,0,70
HR,2,Bachelors,f,other,1,36,3.0,3,0,0,53
Finance,13,Bachelors,f,sourcing,1,26,1.0,3,0,0,61
Sales & Marketing,26,Masters & above,m,sourcing,1,38,3.0,4,0,0,46
HR,2,Masters & above,m,other,1,59,4.0,16,0,0,50
R&D,2,Masters & above,m,sourcing,1,43,4.0,7,0,0,85
Operations,10,Bachelors,m,sourcing,1,31,5.0,4,1,0,60
Finance,13,Bachelors,m,other,1,36,3.0,3,0,0,62
Sales & Marketing,23,Masters & above,m,sourcing,1,35,1.0,2,0,0,50
Operations,2,Bachelors,f,sourcing,1,36,4.0,10,1,0,66
Sales & Marketing,31,Masters & above,m,other,1,35,3.0,3,0,0,49
Procurement,26,Bachelors,f,other,2,29,5.0,5,1,0,66
R&D,7,Masters & above,m,other,2,30,4.0,1,1,0,78
Sales & Marketing,13,Masters & above,m,other,1,45,3.0,17,1,0,56
Analytics,8,Masters & above,m,other,1,31,5.0,5,0,0,84
Operations,16,Bachelors,f,other,1,31,5.0,7,1,0,60
Procurement,2,Bachelors,f,sourcing,1,32,5.0,7,0,0,86
Operations,15,Masters & above,f,sourcing,1,42,3.0,3,1,0,62
Procurement,8,Masters & above,m,other,1,38,3.0,10,1,0,72
Technology,10,Bachelors,m,other,2,28,3.0,4,0,0,84
Sales & Marketing,28,Masters & above,f,sourcing,1,34,5.0,8,1,0,51
Sales & Marketing,2,Bachelors,m,other,1,51,3.0,12,0,0,47
R&D,4,Masters & above,m,sourcing,1,38,4.0,9,1,0,84
Sales & Marketing,30,Bachelors,m,other,1,29,5.0,3,0,0,51
Sales & Marketing,7,Bachelors,m,sourcing,2,46,4.0,4,0,0,52
Operations,2,Bachelors,f,other,1,28,3.0,3,0,0,54
Procurement,2,Bachelors,f,other,1,33,2.0,3,1,0,68
Operations,22,Masters & above,f,referred,1,37,5.0,9,0,0,63
Sales & Marketing,22,Bachelors,m,sourcing,1,40,5.0,6,0,0,48
Finance,7,Bachelors,f,sourcing,1,34,3.0,9,0,0,68
Analytics,11,Bachelors,m,sourcing,1,38,5.0,4,1,0,87
Operations,2,Bachelors,m,other,1,37,5.0,3,0,0,65
Finance,6,Bachelors,m,sourcing,2,32,3.0,8,0,0,61
Technology,2,Bachelors,f,sourcing,1,53,4.0,8,0,0,75
Technology,33,Bachelors,m,other,1,35,5.0,8,1,0,81
Sales & Marketing,2,Bachelors,f,sourcing,3,41,3.0,8,0,0,50
Procurement,13,Bachelors,m,other,1,38,2.0,6,0,0,76
Operations,32,Bachelors,f,sourcing,1,39,5.0,4,0,0,60
R&D,22,Bachelors,m,sourcing,1,37,3.0,3,0,0,85
Sales & Marketing,14,Masters & above,m,sourcing,1,39,4.0,4,1,0,56
Sales & Marketing,2,Bachelors,m,sourcing,2,35,4.0,9,0,0,48
Operations,22,Masters & above,f,other,1,33,3.0,6,1,0,57
Operations,22,Bachelors,m,other,1,41,5.0,11,1,0,61
Analytics,28,Bachelors,m,sourcing,1,37,5.0,10,1,0,86
Analytics,22,Masters & above,m,sourcing,1,34,3.0,8,0,0,82
Operations,19,Bachelors,m,other,1,31,3.0,6,1,0,59
Analytics,2,Bachelors,m,other,1,39,3.0,11,1,0,86
HR,2,Bachelors,f,other,1,33,5.0,5,0,0,61
Technology,2,Masters & above,f,other,1,47,3.0,20,0,0,81
Sales & Marketing,25,Bachelors,m,sourcing,2,27,2.0,5,0,0,52
Finance,2,Bachelors,m,other,1,58,5.0,5,1,0,60
Technology,15,Bachelors,m,other,1,41,1.0,2,0,0,81
Procurement,2,Masters & above,f,other,1,39,2.0,10,1,0,70
Operations,2,Masters & above,m,other,2,40,5.0,6,1,0,61
Sales & Marketing,2,Bachelors,f,sourcing,1,27,3.0,1,0,0,49
Sales & Marketing,22,Masters & above,m,sourcing,1,35,4.0,7,1,0,46
Operations,23,Masters & above,f,other,1,42,4.0,11,1,0,62
Operations,7,Bachelors,f,other,2,33,3.0,2,0,0,58
Sales & Marketing,6,Bachelors,m,other,1,28,3.0,6,0,0,44
Procurement,2,Masters & above,f,sourcing,1,52,3.0,14,1,0,66
Sales & Marketing,27,Bachelors,m,sourcing,1,26,5.0,3,1,0,55
Sales & Marketing,7,Masters & above,m,sourcing,1,43,3.0,2,1,1,48
Operations,25,Bachelors,m,sourcing,1,35,3.0,7,0,1,78
Procurement,2,Bachelors,f,other,1,25,4.0,3,0,0,74
Operations,1,Masters & above,m,sourcing,1,31,3.0,5,0,0,58
Sales & Marketing,31,Bachelors,m,sourcing,1,27,1.0,2,0,0,51
HR,2,Masters & above,m,other,2,38,3.0,5,0,0,48
Operations,15,Bachelors,m,other,1,33,1.0,3,1,1,56
Technology,21,Bachelors,f,other,3,37,3.0,8,1,0,80
Sales & Marketing,22,Bachelors,m,other,1,32,4.0,5,0,0,55
Sales & Marketing,4,Bachelors,m,other,1,28,1.0,3,0,0,45
Operations,15,Bachelors,m,other,1,36,2.0,9,1,0,90
Technology,6,Bachelors,m,other,1,26,5.0,5,1,0,82
Legal,2,Bachelors,m,other,1,48,4.0,16,0,0,60
Sales & Marketing,22,Bachelors,m,other,1,34,3.0,3,0,0,51
Analytics,2,Masters & above,f,other,2,34,3.0,8,0,0,86
Sales & Marketing,12,Bachelors,m,other,1,32,2.0,2,0,0,50
Operations,24,Bachelors,m,other,1,26,3.0,4,0,0,61
Sales & Marketing,7,Bachelors,m,sourcing,1,49,3.0,6,0,0,46
Sales & Marketing,3,Bachelors,m,sourcing,1,38,3.0,9,0,0,48
Analytics,22,Bachelors,m,other,1,40,1.0,3,0,0,84
Operations,27,Bachelors,f,other,1,31,5.0,2,1,0,59
Operations,22,Bachelors,f,other,1,34,4.0,8,1,0,61
Analytics,9,Bachelors,m,sourcing,1,32,5.0,6,0,0,85
Operations,29,Bachelors,m,other,1,33,3.0,7,1,0,65
Operations,15,Bachelors,m,sourcing,1,38,5.0,4,0,0,56
Operations,22,Masters & above,f,sourcing,1,32,2.0,4,0,0,61
Legal,7,Bachelors,m,sourcing,1,37,4.0,2,0,0,63
Operations,22,Bachelors,f,other,1,35,5.0,3,1,0,63
Operations,2,Bachelors,f,other,1,54,4.0,10,1,0,58
Operations,2,Bachelors,f,sourcing,1,31,3.0,7,0,0,59
Sales & Marketing,5,Bachelors,m,sourcing,1,31,1.0,4,0,0,50
Analytics,22,Bachelors,m,sourcing,1,27,4.0,2,1,0,85
Technology,13,Bachelors,f,sourcing,1,25,4.0,2,1,0,85
Operations,2,Bachelors,m,sourcing,1,28,5.0,2,1,0,60
Operations,7,Bachelors,m,sourcing,1,38,5.0,8,0,0,61
Operations,22,Bachelors,f,other,1,27,3.0,5,1,0,60
Sales & Marketing,11,Bachelors,m,other,1,40,3.0,6,0,0,50
Analytics,28,Masters & above,m,other,1,33,5.0,8,1,0,83
HR,2,Bachelors,m,other,1,49,4.0,5,0,0,51
Operations,22,Masters & above,m,other,1,41,5.0,8,0,0,63
Sales & Marketing,2,Bachelors,m,sourcing,1,46,4.0,6,0,0,46
Procurement,2,Masters & above,m,sourcing,2,31,3.0,6,0,0,71
Sales & Marketing,1,Masters & above,m,other,1,40,5.0,4,0,0,61
Sales & Marketing,13,Bachelors,m,sourcing,1,39,3.0,9,0,0,49
Technology,2,Bachelors,f,other,1,25,4.0,1,1,0,83
Operations,7,Bachelors,m,other,2,38,3.0,5,1,1,65
Technology,31,Bachelors,m,sourcing,1,28,1.0,2,0,0,80
Technology,10,Masters & above,f,sourcing,2,30,4.0,4,1,0,80
Sales & Marketing,27,Bachelors,m,sourcing,3,29,5.0,2,1,0,47
Procurement,5,Masters & above,m,sourcing,1,35,1.0,3,0,0,64
Operations,6,Bachelors,m,other,1,34,3.0,3,1,0,60
Sales & Marketing,25,Bachelors,m,sourcing,2,29,3.0,7,1,0,47
Technology,1,Masters & above,m,other,1,31,3.0,5,0,0,77
Technology,13,Masters & above,f,sourcing,1,34,3.0,9,0,0,80
Analytics,7,Bachelors,m,other,1,45,5.0,19,0,0,82
Procurement,10,Bachelors,f,other,1,29,3.0,4,1,0,72
Sales & Marketing,15,Bachelors,m,other,3,34,2.0,7,1,0,47
HR,2,Bachelors,m,sourcing,1,31,5.0,5,0,0,48
Operations,14,Bachelors,m,other,1,28,3.0,2,0,0,59
Analytics,34,Bachelors,m,sourcing,1,29,3.0,3,0,0,86
Operations,15,Bachelors,m,other,1,42,3.0,18,0,0,66
Legal,22,Bachelors,m,sourcing,1,29,1.0,2,0,0,58
Operations,2,Masters & above,m,other,2,43,5.0,3,1,0,59
HR,15,Masters & above,m,sourcing,1,33,1.0,7,0,0,51
Procurement,10,Masters & above,m,other,1,31,1.0,6,1,0,70
Technology,2,Bachelors,m,referred,1,37,3.0,3,0,0,81
Technology,2,Below Secondary,f,sourcing,1,24,4.0,2,0,0,81
Operations,22,Masters & above,f,other,1,42,1.0,4,0,0,59
Operations,7,Masters & above,f,other,1,45,4.0,15,0,0,63
Technology,31,Bachelors,f,other,1,28,3.0,4,1,1,78
Operations,2,Bachelors,m,sourcing,1,40,4.0,4,0,0,62
R&D,15,Masters & above,m,other,1,37,3.0,8,1,0,83
Procurement,15,Masters & above,m,sourcing,1,34,5.0,8,0,0,80
Operations,2,Bachelors,f,sourcing,1,38,5.0,4,1,0,60
Procurement,15,Masters & above,m,other,2,41,2.0,2,0,0,72
Operations,15,Bachelors,m,other,1,42,1.0,12,0,0,61
Analytics,22,Bachelors,m,other,4,34,4.0,5,1,0,84
Finance,2,Bachelors,f,other,1,42,3.0,8,0,0,61
Operations,9,Bachelors,m,sourcing,1,26,3.0,2,0,0,60
Technology,10,Masters & above,m,sourcing,1,30,3.0,4,0,1,84
Finance,28,Bachelors,m,other,1,30,3.0,7,1,0,57
Operations,2,Masters & above,f,other,1,37,1.0,10,0,0,59
Procurement,7,Bachelors,m,other,1,28,3.0,4,0,0,73
Analytics,29,Bachelors,m,other,2,33,4.0,8,0,0,80
Legal,2,Below Secondary,m,other,1,25,5.0,2,1,0,64
Technology,7,Below Secondary,m,other,1,24,5.0,2,1,0,85
Sales & Marketing,8,Masters & above,m,sourcing,1,34,3.0,6,0,0,50
Sales & Marketing,7,Bachelors,m,sourcing,1,33,3.0,6,0,0,49
Technology,13,Bachelors,m,other,1,40,1.0,5,0,0,75
Operations,4,Masters & above,f,sourcing,1,37,4.0,14,0,0,61
Technology,7,Bachelors,f,other,2,36,4.0,4,1,0,84
Sales & Marketing,23,Bachelors,m,other,2,31,3.0,9,0,0,48
Sales & Marketing,7,Bachelors,m,sourcing,1,37,3.0,8,1,0,48
Sales & Marketing,11,Bachelors,m,sourcing,1,28,4.0,3,0,0,50
HR,28,Masters & above,m,other,1,36,2.0,3,1,0,48
Sales & Marketing,2,Masters & above,m,other,1,29,2.0,4,0,0,51
Sales & Marketing,23,Bachelors,m,sourcing,1,34,5.0,6,0,0,50
Technology,31,Bachelors,m,sourcing,1,27,3.0,4,0,0,77
Operations,29,Masters & above,m,sourcing,2,34,4.0,6,1,0,60
Sales & Marketing,4,Bachelors,m,sourcing,1,41,4.0,3,0,0,51
Sales & Marketing,2,Masters & above,m,referred,1,32,5.0,8,1,1,93
Procurement,10,Masters & above,m,other,1,33,5.0,2,1,0,73
Sales & Marketing,13,Masters & above,m,sourcing,1,35,4.0,4,1,0,49
Operations,2,Bachelors,m,other,1,33,1.0,8,0,0,56
Procurement,2,Below Secondary,m,sourcing,2,25,3.0,2,1,1,73
Sales & Marketing,26,Masters & above,m,other,1,44,1.0,17,0,0,50
Operations,22,Bachelors,f,other,1,35,3.0,2,1,0,58
Sales & Marketing,29,Bachelors,m,other,1,42,3.0,10,0,0,45
Analytics,26,Bachelors,m,other,2,25,3.0,3,0,0,85
Technology,1,Masters & above,m,other,1,35,1.0,2,0,0,79
Sales & Marketing,2,Bachelors,m,sourcing,2,33,3.0,5,0,0,52
Sales & Marketing,6,Bachelors,m,sourcing,2,27,3.0,5,0,0,46
Sales & Marketing,27,Bachelors,m,other,1,35,2.0,7,0,0,47
Sales & Marketing,11,Bachelors,m,sourcing,1,49,5.0,4,1,0,49
Finance,11,Bachelors,f,sourcing,1,29,3.0,6,1,0,62
Operations,22,Masters & above,f,other,3,35,5.0,4,1,0,59
Operations,34,Bachelors,m,other,3,36,2.0,7,0,0,63
Technology,7,Bachelors,m,other,1,31,5.0,7,1,0,79
Finance,2,Bachelors,m,other,1,28,2.0,2,1,0,61
Finance,2,Masters & above,m,other,1,41,4.0,12,0,0,58
Procurement,16,Bachelors,m,other,1,29,3.0,4,0,0,73
Operations,7,Masters & above,m,other,1,56,5.0,14,0,0,59
Procurement,2,Masters & above,m,other,1,36,4.0,9,0,0,70
Operations,2,Bachelors,m,other,2,40,4.0,5,0,0,61
Procurement,2,Masters & above,f,other,3,38,3.0,2,1,0,73
Technology,26,Bachelors,m,sourcing,1,38,3.0,5,1,0,78
Technology,22,Masters & above,m,other,1,43,3.0,4,0,0,75
Sales & Marketing,22,Bachelors,m,sourcing,2,31,1.0,2,0,0,49
Sales & Marketing,22,Bachelors,m,sourcing,1,44,1.0,6,1,0,49
Procurement,26,Bachelors,f,other,1,35,3.0,2,1,0,89
Sales & Marketing,31,Bachelors,m,other,1,38,4.0,7,0,0,45
Procurement,17,Bachelors,m,sourcing,1,26,2.0,4,0,0,70
Sales & Marketing,31,Bachelors,m,other,2,30,3.0,6,0,0,52
Sales & Marketing,23,Bachelors,f,other,1,31,5.0,3,0,0,50
Finance,27,Bachelors,m,other,1,37,5.0,5,1,0,61
Sales & Marketing,3,Masters & above,m,other,1,41,1.0,7,0,0,51
Analytics,4,Masters & above,m,sourcing,1,38,3.0,10,1,0,89
R&D,22,Masters & above,f,other,1,26,3.0,3,0,0,84
Legal,13,Bachelors,m,other,1,34,5.0,6,1,0,56
Sales & Marketing,11,Masters & above,m,other,1,29,3.0,4,0,0,51
Operations,6,Bachelors,m,other,1,26,3.0,3,0,0,62
Procurement,2,Bachelors,m,other,1,41,4.0,14,0,0,67
Operations,6,Bachelors,f,sourcing,1,37,5.0,9,0,0,60
Analytics,4,Masters & above,m,other,1,35,2.0,7,1,0,84
Sales & Marketing,25,Bachelors,m,sourcing,1,35,5.0,9,0,0,48
Procurement,23,Bachelors,m,sourcing,2,32,2.0,5,0,0,68
Procurement,13,Masters & above,f,sourcing,1,35,3.0,6,1,0,70
Sales & Marketing,4,Bachelors,m,other,1,38,4.0,3,0,0,50
Sales & Marketing,7,Masters & above,m,sourcing,1,39,4.0,7,1,0,51
Sales & Marketing,22,Bachelors,m,other,1,40,5.0,6,0,0,50
Technology,22,Bachelors,m,referred,1,29,4.0,5,0,0,83
Operations,29,Masters & above,m,other,1,33,1.0,7,0,0,62
Sales & Marketing,22,Masters & above,m,other,1,48,4.0,6,0,0,54
Sales & Marketing,1,Masters & above,m,sourcing,1,42,5.0,6,0,0,49
Technology,7,Bachelors,m,sourcing,1,30,2.0,5,0,0,79
Sales & Marketing,13,Bachelors,m,sourcing,1,29,3.0,4,0,0,47
Procurement,11,Bachelors,f,other,1,29,2.0,5,0,0,73
Sales & Marketing,28,Bachelors,m,other,1,26,4.0,3,1,0,52
Operations,11,Bachelors,m,sourcing,1,29,4.0,4,0,0,57
R&D,22,Bachelors,f,sourcing,1,29,5.0,5,1,0,86
Operations,17,Masters & above,m,sourcing,1,39,2.0,3,0,0,54
Operations,2,Masters & above,m,sourcing,1,36,4.0,7,1,0,59
Procurement,2,Bachelors,f,other,1,44,3.0,14,0,0,69
Procurement,34,Masters & above,m,other,1,40,5.0,7,1,0,71
Technology,22,Bachelors,m,sourcing,1,28,3.0,2,0,0,80
Sales & Marketing,28,Masters & above,m,other,1,38,2.0,10,1,0,48
Analytics,22,Bachelors,m,other,2,29,2.0,3,0,0,82
Technology,5,Masters & above,m,other,1,46,1.0,7,0,0,78
Sales & Marketing,2,Masters & above,f,sourcing,2,33,2.0,10,0,0,49
Analytics,31,Bachelors,m,other,2,27,3.0,2,1,0,84
Operations,24,Bachelors,f,other,1,31,4.0,5,1,0,57
Finance,11,Bachelors,m,other,2,32,3.0,2,0,0,62
Finance,22,Bachelors,m,other,2,27,5.0,4,1,0,56
Sales & Marketing,25,Masters & above,m,other,1,41,3.0,7,0,0,57
Operations,6,Bachelors,f,other,1,34,3.0,7,0,0,65
Sales & Marketing,8,Bachelors,m,other,1,31,5.0,5,0,0,49
Sales & Marketing,6,Bachelors,m,other,2,37,1.0,9,0,0,44
Sales & Marketing,21,Masters & above,m,sourcing,1,46,1.0,17,0,0,52
Procurement,4,Masters & above,m,other,1,48,5.0,7,0,0,71
Operations,17,Bachelors,f,sourcing,1,34,5.0,7,1,0,60
Sales & Marketing,7,Bachelors,m,other,1,33,4.0,10,0,0,49
Operations,13,Bachelors,f,other,1,33,4.0,6,1,0,63
Sales & Marketing,13,Bachelors,f,other,1,32,3.0,6,0,0,53
Operations,27,Bachelors,f,sourcing,1,37,5.0,10,0,0,61
Procurement,27,Bachelors,m,sourcing,3,36,5.0,5,1,0,72
Sales & Marketing,17,Masters & above,m,other,1,39,3.0,3,0,0,48
Technology,31,Bachelors,m,sourcing,1,30,4.0,2,1,0,82
Analytics,15,Bachelors,m,other,1,44,4.0,12,0,0,85
Finance,30,Bachelors,m,other,1,29,5.0,7,1,0,59
Technology,13,Bachelors,f,other,1,29,5.0,6,0,0,99
Sales & Marketing,2,Bachelors,m,other,1,21,3.0,2,0,0,50
Procurement,31,Bachelors,m,sourcing,1,37,3.0,7,1,0,68
Operations,4,Masters & above,m,sourcing,1,48,3.0,16,0,0,61
Technology,2,Bachelors,f,sourcing,1,27,4.0,4,0,0,82
Procurement,4,Bachelors,f,other,3,30,3.0,6,0,0,71
Procurement,31,Bachelors,m,other,1,30,4.0,5,0,0,65
Finance,7,Bachelors,f,other,1,31,3.0,2,0,0,61
Procurement,26,Masters & above,f,other,1,48,4.0,18,0,0,65
Operations,20,Masters & above,m,other,1,36,5.0,10,0,0,54
Sales & Marketing,22,Bachelors,m,sourcing,1,55,3.0,27,0,0,45
Technology,2,Masters & above,m,referred,1,38,3.0,10,0,0,76
Procurement,15,Masters & above,f,other,1,47,4.0,5,0,0,70
Sales & Marketing,4,Masters & above,m,other,1,34,5.0,6,1,0,47
Sales & Marketing,25,Bachelors,m,other,1,31,5.0,5,1,0,49
Operations,4,Bachelors,f,sourcing,1,37,3.0,10,1,0,61
Legal,7,Bachelors,f,other,1,31,5.0,5,1,0,58
Operations,19,Bachelors,m,other,2,34,4.0,4,0,0,59
Operations,21,Masters & above,f,other,2,34,1.0,4,0,0,63
Procurement,22,Bachelors,m,sourcing,1,37,3.0,3,1,0,70
Operations,13,Masters & above,m,sourcing,1,36,3.0,7,0,0,58
Operations,7,Masters & above,m,sourcing,2,39,5.0,13,1,0,67
Sales & Marketing,33,Bachelors,m,sourcing,1,37,5.0,2,1,0,52
Sales & Marketing,9,Masters & above,m,other,1,38,3.0,4,0,0,54
Sales & Marketing,2,Bachelors,m,sourcing,1,37,4.0,10,1,0,46
Sales & Marketing,7,Bachelors,f,other,1,38,3.0,8,0,0,45
Analytics,29,Bachelors,m,other,2,29,5.0,2,1,0,86
Sales & Marketing,31,Bachelors,m,other,1,27,4.0,3,1,0,50
Analytics,4,Bachelors,m,other,2,27,5.0,2,1,0,87
Analytics,22,Bachelors,m,sourcing,2,26,4.0,3,0,0,86
Sales & Marketing,13,Bachelors,m,sourcing,1,33,3.0,4,0,0,49
Operations,26,Bachelors,m,other,1,42,3.0,14,0,0,57
Technology,13,Masters & above,f,other,1,38,3.0,3,0,0,76
Procurement,22,Bachelors,m,other,1,35,1.0,2,0,0,68
Sales & Marketing,2,Masters & above,f,other,1,60,3.0,16,0,0,48
Procurement,5,Bachelors,m,other,1,40,2.0,9,0,0,70
HR,2,Masters & above,f,sourcing,1,35,5.0,7,1,0,50
Sales & Marketing,31,Bachelors,m,other,1,38,5.0,4,0,0,51
Finance,26,Bachelors,m,sourcing,1,26,4.0,4,1,0,60
Sales & Marketing,1,Bachelors,m,sourcing,1,27,3.0,4,0,0,51
Analytics,22,Bachelors,m,other,2,33,1.0,5,0,0,88
Procurement,2,Bachelors,f,other,1,27,4.0,4,1,0,68
Technology,26,Bachelors,m,other,1,29,5.0,4,1,0,80
Sales & Marketing,13,Bachelors,m,other,1,30,3.0,2,1,0,51
Procurement,17,Masters & above,f,sourcing,1,40,3.0,5,0,0,71
Analytics,25,Bachelors,m,other,2,30,4.0,5,0,0,82
Sales & Marketing,11,Masters & above,m,other,1,40,3.0,8,0,0,49
Operations,13,Masters & above,m,sourcing,1,31,4.0,7,1,0,62
Analytics,22,Bachelors,m,sourcing,2,25,4.0,2,1,0,84
HR,2,Masters & above,f,other,1,52,3.0,13,0,0,51
Sales & Marketing,24,Bachelors,m,sourcing,1,30,3.0,4,1,0,45
Finance,15,Bachelors,f,sourcing,1,29,1.0,4,0,0,59
Procurement,17,Masters & above,f,sourcing,1,33,4.0,5,0,0,74
Technology,13,Bachelors,f,other,1,26,5.0,4,1,0,77
Analytics,7,Bachelors,m,sourcing,2,42,4.0,3,0,0,84
Sales & Marketing,2,Bachelors,m,other,1,30,5.0,8,1,0,50
Analytics,7,Masters & above,m,other,1,33,2.0,8,0,0,85
Operations,10,Bachelors,m,other,1,34,3.0,6,0,0,59
Technology,2,Masters & above,m,other,1,44,1.0,11,0,0,77
R&D,2,Masters & above,m,other,1,39,3.0,13,0,0,80
Operations,4,Bachelors,f,sourcing,1,26,3.0,5,0,0,60
Operations,2,Bachelors,f,other,2,29,4.0,5,0,0,59
Sales & Marketing,31,Bachelors,f,other,1,26,3.0,2,0,0,54
Technology,7,Bachelors,m,sourcing,1,54,5.0,17,1,0,74
Technology,4,Masters & above,f,other,1,33,3.0,7,0,0,72
Procurement,17,Bachelors,m,other,1,32,5.0,6,1,0,69
HR,2,Bachelors,m,sourcing,1,50,3.0,6,1,1,48
Technology,33,Bachelors,f,sourcing,1,44,5.0,13,1,0,77
Sales & Marketing,16,Bachelors,m,other,1,32,4.0,6,0,0,48
Sales & Marketing,7,Bachelors,m,sourcing,1,39,2.0,9,0,0,50
Analytics,2,Bachelors,m,other,1,29,3.0,3,1,0,85
Sales & Marketing,9,Masters & above,m,other,3,32,3.0,3,1,1,92
Sales & Marketing,30,Bachelors,m,other,1,36,4.0,9,0,1,50
Sales & Marketing,2,Bachelors,m,other,1,32,5.0,6,0,0,49
Operations,19,Masters & above,f,other,1,42,3.0,14,0,0,62
HR,23,Bachelors,f,other,1,29,4.0,2,0,0,50
Operations,34,Masters & above,f,other,1,35,4.0,9,1,0,64
Procurement,2,Bachelors,f,other,2,32,3.0,6,0,0,70
Sales & Marketing,20,Bachelors,m,other,1,34,3.0,2,0,0,51
Procurement,20,Masters & above,f,other,1,35,1.0,7,1,0,69
Operations,25,Bachelors,m,other,1,26,3.0,3,0,0,58
Sales & Marketing,4,Bachelors,m,other,1,28,4.0,4,1,0,47
Procurement,2,Masters & above,m,other,1,51,4.0,2,0,0,69
Legal,22,Bachelors,f,other,1,30,1.0,2,0,0,59
Sales & Marketing,22,Bachelors,m,other,2,28,4.0,2,0,0,64
Sales & Marketing,13,Bachelors,m,sourcing,1,33,5.0,7,0,0,49
Procurement,2,Bachelors,m,sourcing,4,32,3.0,3,1,0,71
Operations,23,Masters & above,f,other,1,35,3.0,7,1,0,55
Finance,22,Bachelors,m,other,2,31,5.0,2,1,0,63
Operations,11,Bachelors,m,other,1,34,1.0,7,0,0,61
R&D,22,Bachelors,m,other,2,30,5.0,4,0,0,85
Finance,26,Bachelors,m,other,2,33,4.0,6,1,0,62
Legal,26,Bachelors,m,other,1,32,5.0,6,1,0,55
Technology,23,Masters & above,m,other,1,33,3.0,7,0,0,83
Technology,27,Below Secondary,m,other,3,23,5.0,2,1,0,76
Legal,11,Bachelors,m,sourcing,1,33,2.0,5,0,0,59
Finance,2,Bachelors,m,other,1,59,3.0,22,0,0,60
Operations,11,Bachelors,f,other,1,32,4.0,5,0,0,57
Sales & Marketing,22,Masters & above,m,other,1,37,5.0,2,1,0,47
Operations,2,Bachelors,f,sourcing,1,39,5.0,3,1,0,57
Sales & Marketing,2,Bachelors,m,other,1,29,3.0,2,0,0,48
Operations,7,Bachelors,m,sourcing,1,33,3.0,8,0,0,59
Legal,31,Bachelors,m,other,1,26,3.0,2,0,0,55
Sales & Marketing,27,Bachelors,m,sourcing,1,30,3.0,7,1,0,46
Procurement,2,Masters & above,f,sourcing,1,43,4.0,9,0,0,68
Sales & Marketing,4,Masters & above,m,other,2,50,4.0,16,0,0,51
Analytics,2,Masters & above,m,other,1,47,5.0,13,1,1,84
Sales & Marketing,4,Bachelors,f,other,1,27,5.0,3,0,0,52
Sales & Marketing,22,Bachelors,f,other,1,27,3.0,3,0,0,59
Sales & Marketing,15,Bachelors,m,sourcing,1,51,1.0,7,1,0,52
Sales & Marketing,22,Bachelors,m,other,1,25,5.0,1,0,0,50
Operations,19,Bachelors,m,other,1,47,5.0,14,0,0,61
Analytics,2,Bachelors,m,other,1,37,2.0,11,0,0,85
Sales & Marketing,23,Bachelors,m,sourcing,1,39,3.0,5,0,0,51
Technology,13,Bachelors,f,sourcing,1,52,3.0,18,0,0,82
Analytics,23,Bachelors,m,sourcing,2,35,5.0,5,0,0,83
Analytics,23,Masters & above,m,other,1,38,3.0,4,0,0,84
Sales & Marketing,15,Masters & above,m,sourcing,1,32,1.0,8,0,0,53
Analytics,22,Bachelors,f,sourcing,1,28,3.0,4,0,0,87
Technology,15,Bachelors,m,other,2,29,3.0,6,0,0,76
Operations,2,Bachelors,m,other,1,50,4.0,13,0,0,66
Operations,2,Bachelors,f,other,1,29,4.0,6,1,0,58
Procurement,15,Masters & above,m,other,1,37,1.0,9,0,0,73
Technology,5,Masters & above,f,sourcing,1,32,1.0,2,0,0,83
Technology,13,Masters & above,m,other,1,47,3.0,4,0,0,73
Operations,15,Bachelors,m,sourcing,2,34,5.0,7,1,0,59
Sales & Marketing,29,Bachelors,m,other,2,29,1.0,5,1,0,48
Sales & Marketing,11,Bachelors,m,other,1,28,5.0,3,1,0,46
Technology,26,Bachelors,m,other,1,38,3.0,4,0,0,83
Analytics,29,Bachelors,m,sourcing,1,32,5.0,7,1,0,87
Sales & Marketing,9,Bachelors,f,sourcing,1,29,1.0,4,0,0,44
Technology,2,Bachelors,f,other,1,28,5.0,2,1,1,98
Operations,16,Bachelors,m,sourcing,1,39,5.0,3,1,0,57
Operations,32,Bachelors,f,sourcing,1,35,3.0,2,0,0,63
Technology,26,Bachelors,m,sourcing,2,27,4.0,1,0,0,83
Operations,13,Bachelors,m,other,1,31,3.0,8,1,0,59
Operations,14,Bachelors,f,sourcing,1,38,3.0,9,1,0,55
Sales & Marketing,2,Masters & above,f,other,1,32,3.0,6,1,0,43
Sales & Marketing,13,Bachelors,m,other,2,37,1.0,2,0,0,47
Technology,15,Bachelors,m,other,1,31,4.0,7,0,0,80
Sales & Marketing,13,Masters & above,m,sourcing,2,36,3.0,3,0,0,48
Finance,20,Bachelors,m,other,2,30,3.0,3,0,0,62
Procurement,34,Masters & above,m,sourcing,1,40,2.0,5,0,0,65
Sales & Marketing,2,Masters & above,m,sourcing,2,35,4.0,8,1,0,49
Procurement,6,Bachelors,m,sourcing,1,32,3.0,7,0,0,72
Finance,2,Bachelors,m,other,1,49,5.0,16,1,0,56
Sales & Marketing,26,Bachelors,m,other,1,28,3.0,3,0,0,48
HR,2,Bachelors,f,sourcing,1,26,4.0,2,1,0,49
Analytics,34,Bachelors,m,other,1,27,3.0,3,1,0,80
Sales & Marketing,28,Bachelors,f,other,1,36,1.0,8,0,0,51
Technology,26,Bachelors,m,sourcing,1,30,4.0,8,0,0,77
Analytics,8,Bachelors,m,sourcing,1,29,4.0,4,0,0,91
Technology,26,Bachelors,f,other,1,27,3.0,2,0,0,82
Technology,26,Bachelors,m,other,1,32,4.0,5,1,0,84
Operations,19,Masters & above,f,sourcing,1,33,3.0,6,1,0,57
Analytics,2,Bachelors,m,other,1,31,1.0,5,0,0,83
Sales & Marketing,19,Bachelors,m,sourcing,1,35,1.0,8,0,0,48
Procurement,25,Masters & above,f,sourcing,1,32,3.0,5,1,0,74
Operations,4,Bachelors,f,other,1,39,5.0,11,1,0,55
Operations,26,Bachelors,f,other,1,38,3.0,12,0,0,57
Sales & Marketing,22,Bachelors,m,other,2,30,5.0,6,0,0,47
Operations,22,Bachelors,m,sourcing,1,27,3.0,3,1,0,61
Analytics,32,Bachelors,f,sourcing,1,30,1.0,9,0,0,88
Sales & Marketing,22,Masters & above,m,other,3,34,3.0,6,1,1,47
Analytics,22,Masters & above,m,other,1,42,1.0,14,0,0,88
Operations,12,Masters & above,f,other,1,37,5.0,7,1,0,58
Sales & Marketing,7,Bachelors,m,sourcing,1,45,5.0,13,1,0,48
Operations,2,Bachelors,m,other,3,31,5.0,5,1,0,58
Technology,13,Bachelors,m,sourcing,1,54,4.0,5,0,0,82
Operations,32,Bachelors,m,sourcing,1,36,3.0,8,0,0,57
Analytics,15,Bachelors,m,other,2,38,3.0,7,0,0,87
Sales & Marketing,16,Masters & above,m,other,1,33,1.0,3,0,0,48
Sales & Marketing,9,Bachelors,f,other,1,29,1.0,7,0,0,51
Operations,4,Masters & above,m,other,1,42,4.0,4,0,0,58
Operations,34,Bachelors,f,sourcing,1,34,3.0,8,1,0,59
Technology,7,Bachelors,f,sourcing,1,28,3.0,4,0,0,74
Procurement,29,Masters & above,m,sourcing,1,34,3.0,8,0,0,72
Sales & Marketing,22,Bachelors,f,other,1,28,3.0,2,0,0,51
Operations,2,Bachelors,m,sourcing,1,39,3.0,9,1,0,54
Technology,14,Bachelors,m,other,1,28,2.0,2,0,0,77
Analytics,12,Bachelors,m,sourcing,2,33,2.0,6,0,0,82
Procurement,24,Bachelors,f,sourcing,1,30,3.0,5,0,0,72
Finance,11,Masters & above,m,other,2,34,3.0,8,0,0,59
Analytics,26,Bachelors,m,other,1,30,4.0,2,1,0,85
Finance,28,Masters & above,m,other,1,39,4.0,3,1,0,60
Operations,27,Bachelors,f,sourcing,1,32,3.0,3,0,0,59
Sales & Marketing,16,Bachelors,f,other,1,28,1.0,2,0,0,52
Operations,11,Bachelors,f,other,1,33,5.0,8,1,0,55
Finance,27,Bachelors,m,sourcing,1,27,4.0,3,0,0,62
Sales & Marketing,30,Bachelors,m,sourcing,1,44,4.0,3,0,0,47
HR,25,Masters & above,m,other,1,34,4.0,6,0,0,49
Finance,2,Masters & above,m,sourcing,1,42,3.0,9,0,0,61
Procurement,7,Bachelors,f,other,1,35,4.0,5,1,0,69
Procurement,15,Masters & above,m,other,1,53,3.0,7,1,0,71
Procurement,26,Bachelors,f,sourcing,2,26,4.0,4,0,0,68
Technology,7,Bachelors,m,sourcing,1,29,4.0,4,1,0,80
Technology,2,Masters & above,m,other,1,53,5.0,10,0,0,77
Procurement,6,Bachelors,f,other,3,29,3.0,5,0,0,70
HR,7,Masters & above,f,other,1,41,5.0,6,1,0,52
Sales & Marketing,9,Masters & above,f,other,1,33,1.0,2,0,0,51
HR,17,Masters & above,f,other,1,37,5.0,5,1,0,51
Sales & Marketing,2,Masters & above,f,sourcing,2,30,3.0,3,1,0,46
Procurement,2,Masters & above,m,sourcing,3,37,3.0,5,0,0,70
Procurement,26,Bachelors,m,other,2,35,3.0,3,0,0,69
Analytics,32,Bachelors,f,sourcing,1,28,4.0,4,0,0,84
Operations,2,Masters & above,m,other,1,42,3.0,4,0,0,58
Sales & Marketing,14,Bachelors,m,other,1,23,3.0,1,0,0,48
Sales & Marketing,4,Bachelors,m,sourcing,1,28,4.0,1,1,0,45
Technology,7,Bachelors,f,other,1,34,1.0,8,0,0,78
Operations,15,Masters & above,m,other,1,42,5.0,7,1,0,63
Sales & Marketing,24,Bachelors,m,other,1,33,3.0,8,1,0,51
Technology,2,Bachelors,f,referred,1,51,3.0,16,1,0,80
Sales & Marketing,15,Bachelors,m,other,1,50,1.0,2,1,0,56
Procurement,5,Bachelors,f,sourcing,1,30,5.0,3,1,0,63
Operations,19,Bachelors,m,other,1,34,1.0,6,0,0,62
Sales & Marketing,28,Masters & above,m,other,1,35,2.0,4,1,0,49
Analytics,15,Bachelors,m,other,2,28,2.0,4,0,0,89
Sales & Marketing,11,Bachelors,m,sourcing,1,34,4.0,6,0,0,48
Procurement,2,Below Secondary,f,sourcing,4,22,4.0,2,0,0,70
Operations,22,Masters & above,f,sourcing,1,47,4.0,2,0,0,55
Sales & Marketing,6,Bachelors,f,other,1,27,1.0,4,0,1,48
Analytics,8,Bachelors,m,sourcing,1,35,2.0,5,0,0,89
Sales & Marketing,7,Bachelors,m,sourcing,1,31,3.0,6,0,0,61
Procurement,5,Bachelors,f,sourcing,2,26,3.0,3,0,0,67
Technology,2,Masters & above,m,other,1,41,3.0,3,1,1,83
Technology,2,Bachelors,f,other,1,31,5.0,4,0,0,81
Sales & Marketing,2,Bachelors,m,sourcing,1,41,1.0,15,0,0,45
Analytics,28,Masters & above,m,sourcing,1,38,5.0,12,0,0,89
Operations,16,Bachelors,f,other,1,45,5.0,17,0,0,60
Operations,32,Masters & above,f,other,1,37,3.0,10,1,0,60
Analytics,28,Masters & above,m,other,1,32,3.0,3,1,0,85
Operations,27,Bachelors,m,other,1,28,3.0,5,0,0,53
Sales & Marketing,7,Bachelors,f,sourcing,1,34,3.0,7,0,0,51
Technology,11,Masters & above,f,sourcing,1,37,1.0,10,0,0,81
Sales & Marketing,15,Bachelors,f,sourcing,1,30,3.0,2,1,0,52
Sales & Marketing,3,Masters & above,m,sourcing,1,40,4.0,9,0,1,45
Sales & Marketing,22,Bachelors,m,sourcing,1,45,2.0,4,0,0,50
Sales & Marketing,28,Bachelors,f,sourcing,1,29,3.0,2,0,0,47
Analytics,22,Bachelors,f,other,1,36,4.0,7,1,0,85
HR,22,Bachelors,m,other,1,29,2.0,6,0,0,53
Sales & Marketing,2,Bachelors,f,sourcing,1,39,4.0,3,0,0,51
Procurement,13,Bachelors,m,sourcing,1,32,4.0,6,0,0,76
Sales & Marketing,2,Masters & above,m,sourcing,1,56,3.0,8,0,1,61
Procurement,7,Masters & above,f,sourcing,1,54,1.0,4,0,0,68
Operations,19,Bachelors,m,other,1,34,5.0,5,0,0,60
Sales & Marketing,6,Bachelors,m,other,1,52,1.0,15,0,0,51
Operations,4,Masters & above,m,sourcing,1,32,4.0,5,1,0,57
Analytics,22,Bachelors,f,sourcing,1,29,3.0,2,1,0,83
Finance,2,Bachelors,f,other,1,30,5.0,5,0,0,59
Sales & Marketing,16,Bachelors,m,sourcing,1,26,1.0,4,0,0,47
Procurement,2,Bachelors,m,sourcing,5,29,5.0,4,1,0,69
Technology,13,Masters & above,f,other,1,29,3.0,1,0,0,73
Procurement,21,Masters & above,m,other,1,50,3.0,4,0,0,71
Sales & Marketing,11,Masters & above,m,sourcing,1,41,3.0,12,0,0,46
Operations,7,Bachelors,m,sourcing,1,28,2.0,4,1,0,61
Sales & Marketing,20,Bachelors,m,sourcing,1,41,1.0,9,0,0,47
Procurement,2,Bachelors,f,sourcing,1,56,4.0,7,0,0,68
Technology,27,Below Secondary,m,sourcing,3,23,3.0,1,1,0,78
Analytics,22,Bachelors,f,other,1,27,5.0,3,1,0,84
Procurement,13,Bachelors,m,other,1,53,3.0,12,0,0,72
Procurement,19,Bachelors,m,other,1,32,5.0,5,1,0,72
Technology,7,Masters & above,f,other,1,55,4.0,12,0,0,78
Procurement,15,Masters & above,f,sourcing,1,31,3.0,3,1,0,68
Sales & Marketing,28,Masters & above,f,other,1,32,2.0,3,0,0,52
Sales & Marketing,6,Bachelors,f,sourcing,2,24,3.0,2,0,0,48
Technology,2,Masters & above,m,sourcing,2,46,3.0,3,0,0,80
HR,33,Bachelors,m,other,1,32,3.0,6,0,0,51
Operations,2,Bachelors,f,sourcing,1,43,5.0,17,1,0,62
Operations,2,Bachelors,m,sourcing,1,40,1.0,7,0,0,62
Procurement,5,Bachelors,m,sourcing,1,27,5.0,5,0,0,73
Sales & Marketing,2,Bachelors,m,sourcing,1,31,1.0,5,0,0,50
Operations,4,Masters & above,m,other,1,41,3.0,4,1,0,55
Sales & Marketing,1,Bachelors,m,sourcing,2,29,5.0,4,1,0,48
Procurement,24,Bachelors,f,sourcing,1,28,3.0,3,0,0,72
Sales & Marketing,10,Masters & above,m,sourcing,2,32,3.0,7,0,0,50
Operations,13,Bachelors,m,sourcing,1,41,4.0,10,1,0,60
Technology,33,Bachelors,f,other,1,30,4.0,4,1,0,83
Procurement,2,Masters & above,f,other,1,58,3.0,16,0,0,68
Sales & Marketing,13,Bachelors,m,other,1,43,1.0,5,0,0,50
Technology,23,Bachelors,m,other,1,29,4.0,5,1,1,85
Operations,27,Bachelors,f,other,1,30,5.0,3,1,0,60
Technology,13,Bachelors,f,sourcing,1,30,5.0,2,1,0,82
Sales & Marketing,15,Bachelors,f,other,1,32,5.0,5,0,0,55
Procurement,2,Bachelors,f,other,2,47,3.0,14,0,0,70
Sales & Marketing,16,Bachelors,f,other,3,29,3.0,2,0,0,49
Operations,15,Bachelors,m,other,1,37,5.0,7,0,0,59
Sales & Marketing,22,Masters & above,m,sourcing,1,42,3.0,14,0,0,49
Procurement,5,Bachelors,f,other,1,28,1.0,3,0,0,65
Sales & Marketing,20,Bachelors,m,other,1,42,3.0,13,0,0,50
Finance,31,Masters & above,m,other,1,33,1.0,4,0,0,61
Operations,16,Bachelors,f,other,1,39,5.0,8,1,0,58
Sales & Marketing,22,Bachelors,m,other,4,26,2.0,2,0,0,54
Procurement,22,Masters & above,f,sourcing,1,36,4.0,8,0,0,70
Sales & Marketing,26,Bachelors,m,other,1,40,3.0,7,0,0,56
Technology,22,Masters & above,f,other,2,47,4.0,17,1,0,78
Sales & Marketing,13,Bachelors,m,other,1,54,5.0,13,0,0,50
Technology,27,Bachelors,f,other,1,32,2.0,6,0,0,80
Procurement,7,Masters & above,f,other,1,33,5.0,8,1,0,69
Procurement,5,Bachelors,m,sourcing,1,28,3.0,2,0,0,70
Sales & Marketing,1,Bachelors,m,other,1,41,3.0,4,0,0,48
Technology,22,Masters & above,m,other,3,36,4.0,6,1,0,81
Sales & Marketing,20,Masters & above,m,other,1,29,3.0,5,0,0,57
Procurement,4,Masters & above,m,other,1,38,3.0,9,1,0,68
Technology,22,Masters & above,m,other,1,55,4.0,9,1,0,83
Sales & Marketing,13,Bachelors,m,sourcing,1,52,5.0,4,1,0,51
Sales & Marketing,2,Masters & above,m,other,2,40,2.0,16,0,0,48
R&D,26,Bachelors,m,other,1,31,3.0,6,0,0,86
Sales & Marketing,4,Masters & above,f,sourcing,1,34,5.0,8,0,0,44
Procurement,2,Bachelors,m,sourcing,2,41,3.0,10,0,0,71
Sales & Marketing,2,Bachelors,f,sourcing,2,28,5.0,5,1,0,49
Operations,22,Masters & above,f,other,2,45,5.0,6,0,0,65
Operations,13,Masters & above,f,sourcing,1,36,5.0,8,1,0,58
R&D,31,Bachelors,m,sourcing,1,32,3.0,6,0,0,83
Sales & Marketing,2,Bachelors,f,other,1,47,5.0,6,0,0,48
Analytics,2,Bachelors,m,other,1,36,1.0,9,0,0,87
Sales & Marketing,34,Bachelors,m,other,1,27,3.0,5,1,1,53
Procurement,17,Masters & above,f,other,1,50,4.0,7,0,0,67
Operations,13,Bachelors,m,sourcing,1,34,5.0,7,1,0,64
Sales & Marketing,2,Masters & above,m,other,2,32,2.0,7,0,0,49
HR,2,Bachelors,m,sourcing,1,45,1.0,14,0,0,51
Sales & Marketing,15,Masters & above,m,sourcing,2,30,3.0,7,0,0,47
Sales & Marketing,2,Bachelors,m,other,3,42,3.0,18,0,0,53
Sales & Marketing,14,Bachelors,m,sourcing,1,29,5.0,3,0,1,54
Analytics,29,Bachelors,m,sourcing,1,36,2.0,10,0,0,84
Technology,17,Masters & above,m,sourcing,1,46,2.0,13,0,0,76
Sales & Marketing,15,Bachelors,m,other,3,34,1.0,4,0,0,51
Technology,3,Bachelors,f,sourcing,1,30,4.0,2,1,0,81
Analytics,6,Bachelors,m,other,2,30,5.0,6,1,0,89
Legal,7,Bachelors,m,other,1,33,3.0,5,0,0,64
Sales & Marketing,26,Bachelors,m,sourcing,1,42,4.0,5,0,0,50
Procurement,26,Bachelors,m,sourcing,1,30,5.0,3,1,0,65
Procurement,2,Masters & above,f,other,2,54,3.0,7,0,0,73
Operations,13,Bachelors,m,other,1,31,3.0,4,0,0,58
Technology,2,Masters & above,m,other,3,37,3.0,9,1,0,81
Procurement,17,Masters & above,f,other,1,41,4.0,4,1,0,70
Procurement,15,Bachelors,m,sourcing,1,30,4.0,8,1,0,72
Operations,22,Masters & above,f,sourcing,1,46,4.0,4,0,0,60
Procurement,27,Bachelors,f,other,1,32,5.0,6,0,0,85
Legal,22,Bachelors,m,sourcing,1,32,3.0,7,0,0,58
Finance,2,Masters & above,m,sourcing,1,54,5.0,18,1,0,61
Operations,2,Bachelors,m,sourcing,1,52,4.0,7,0,0,62
Operations,22,Masters & above,f,other,1,43,3.0,9,0,0,61
Analytics,21,Bachelors,m,other,1,30,3.0,3,0,0,85
HR,22,Bachelors,m,sourcing,1,30,2.0,5,0,0,48
Sales & Marketing,22,Bachelors,m,other,1,26,4.0,3,1,0,50
Procurement,13,Masters & above,f,sourcing,1,43,3.0,11,0,0,73
Procurement,22,Masters & above,m,sourcing,1,38,1.0,7,0,0,69
Procurement,17,Bachelors,f,other,1,28,1.0,2,0,0,72
Finance,2,Bachelors,m,other,1,32,3.0,5,0,0,56
Procurement,26,Masters & above,m,other,1,35,2.0,6,0,0,66
Finance,22,Bachelors,f,other,1,27,1.0,5,0,0,59
Sales & Marketing,26,Masters & above,m,other,1,51,1.0,5,0,0,52
Operations,23,Bachelors,m,other,1,28,3.0,1,0,0,59
Procurement,2,Masters & above,f,referred,1,38,3.0,5,1,0,68
Sales & Marketing,7,Masters & above,m,other,1,38,2.0,10,0,0,50
Operations,15,Bachelors,m,referred,1,41,4.0,17,0,0,62
Sales & Marketing,16,Bachelors,f,sourcing,1,35,1.0,7,0,0,48
Sales & Marketing,21,Bachelors,m,sourcing,1,33,1.0,6,0,0,46
Technology,4,Masters & above,m,sourcing,2,49,3.0,19,0,0,81
Operations,26,Bachelors,m,other,1,31,4.0,6,1,0,60
Operations,27,Bachelors,f,other,1,24,3.0,2,0,0,59
Technology,8,Masters & above,f,other,1,36,5.0,5,1,0,78
Sales & Marketing,26,Bachelors,m,other,1,49,3.0,7,0,0,53
Analytics,2,Bachelors,m,other,2,32,2.0,5,0,0,83
Procurement,15,Masters & above,f,other,1,36,3.0,8,0,0,84
Finance,2,Below Secondary,m,other,1,22,5.0,2,1,0,61
Operations,15,Bachelors,m,sourcing,1,41,2.0,12,0,0,58
Sales & Marketing,2,Bachelors,m,other,2,41,5.0,4,1,0,48
Sales & Marketing,13,Masters & above,m,sourcing,1,32,5.0,6,1,0,52
Analytics,22,Bachelors,m,other,1,31,3.0,8,0,0,89
Sales & Marketing,2,Bachelors,f,other,1,34,5.0,2,1,0,51
Operations,15,Masters & above,f,other,1,43,4.0,4,1,0,58
Sales & Marketing,2,Bachelors,m,sourcing,1,32,3.0,9,0,0,51
HR,7,Masters & above,f,other,1,32,5.0,5,1,0,54
Sales & Marketing,15,Bachelors,m,other,2,34,1.0,10,0,0,50
Technology,24,Bachelors,m,other,1,36,1.0,4,0,0,80
Sales & Marketing,25,Masters & above,m,other,1,32,2.0,5,0,0,48
Procurement,27,Bachelors,m,other,1,34,3.0,10,0,0,68
Sales & Marketing,14,Masters & above,f,other,1,35,5.0,3,1,0,46
Procurement,11,Bachelors,m,sourcing,1,34,3.0,7,0,0,68
Procurement,7,Bachelors,f,other,1,30,1.0,3,0,0,70
Sales & Marketing,14,Bachelors,m,other,1,50,5.0,7,1,0,52
Finance,29,Bachelors,m,other,2,32,1.0,6,0,0,60
Sales & Marketing,13,Bachelors,m,other,1,31,3.0,7,1,0,49
Technology,16,Bachelors,m,sourcing,1,28,4.0,5,1,0,80
Analytics,31,Bachelors,m,sourcing,2,33,3.0,4,0,0,86
Technology,26,Bachelors,m,sourcing,1,32,4.0,6,1,0,78
Procurement,2,Masters & above,m,sourcing,1,56,3.0,23,1,0,69
Legal,2,Bachelors,m,sourcing,2,39,4.0,5,0,0,60
Sales & Marketing,2,Masters & above,m,sourcing,1,47,3.0,7,0,0,48
Operations,7,Masters & above,f,sourcing,1,46,5.0,6,1,0,55
Procurement,22,Bachelors,m,other,1,26,3.0,2,0,0,70
HR,2,Masters & above,m,other,1,38,3.0,4,0,0,48
Technology,2,Masters & above,m,sourcing,1,39,5.0,3,1,0,81
Sales & Marketing,7,Masters & above,m,sourcing,1,40,3.0,11,0,0,51
Procurement,30,Masters & above,f,sourcing,1,35,4.0,5,0,0,71
Analytics,22,Bachelors,m,referred,1,28,3.0,4,0,0,83
Sales & Marketing,2,Bachelors,m,sourcing,2,33,5.0,4,0,0,53
HR,20,Masters & above,f,sourcing,1,33,3.0,6,1,0,50
Sales & Marketing,16,Bachelors,m,sourcing,1,25,5.0,2,0,0,46
Finance,32,Bachelors,m,other,1,38,3.0,8,1,0,58
Sales & Marketing,22,Bachelors,f,sourcing,1,30,5.0,5,1,0,48
Sales & Marketing,2,Masters & above,m,sourcing,1,40,4.0,6,0,0,48
Procurement,22,Masters & above,m,other,3,34,3.0,7,0,0,72
Technology,26,Bachelors,m,sourcing,1,27,3.0,1,0,0,82
Sales & Marketing,22,Masters & above,m,other,1,50,3.0,3,1,0,47
Sales & Marketing,23,Masters & above,m,other,1,32,5.0,2,0,0,52
Technology,2,Bachelors,f,sourcing,2,34,1.0,8,0,0,83
Sales & Marketing,2,Bachelors,f,other,1,37,5.0,4,1,0,49
Technology,7,Bachelors,f,sourcing,1,46,1.0,18,0,0,80
Sales & Marketing,1,Bachelors,m,other,2,32,1.0,9,0,0,48
Sales & Marketing,22,Bachelors,m,other,1,35,1.0,7,0,0,51
Procurement,26,Bachelors,m,sourcing,2,28,3.0,5,0,0,70
Operations,34,Bachelors,m,other,1,38,3.0,8,0,0,60
Procurement,10,Bachelors,m,sourcing,1,30,1.0,3,0,0,70
Technology,2,Bachelors,m,referred,2,27,3.0,2,0,0,80
Sales & Marketing,28,Masters & above,f,other,1,29,3.0,6,0,0,46
Analytics,7,Masters & above,m,sourcing,1,37,2.0,2,0,0,80
Legal,2,Masters & above,m,sourcing,1,56,5.0,3,0,0,56
Procurement,2,Masters & above,f,other,1,52,3.0,7,0,0,69
Sales & Marketing,13,Masters & above,m,other,1,33,3.0,3,1,0,50
Sales & Marketing,21,Bachelors,m,other,1,37,4.0,8,0,0,48
Operations,7,Masters & above,f,other,1,34,3.0,10,1,0,58
Operations,31,Masters & above,m,sourcing,1,37,1.0,9,0,0,58
Operations,7,Bachelors,f,other,1,35,4.0,6,0,0,58
Operations,27,Bachelors,m,other,1,34,4.0,9,0,0,55
Operations,2,Bachelors,f,other,1,29,3.0,2,0,0,63
Operations,31,Masters & above,f,other,1,33,3.0,8,0,0,65
Sales & Marketing,2,Masters & above,m,sourcing,1,40,5.0,6,1,0,49
HR,20,Bachelors,f,other,1,27,3.0,3,0,0,48
Sales & Marketing,2,Masters & above,m,sourcing,1,32,4.0,3,1,0,53
Sales & Marketing,13,Bachelors,f,sourcing,2,31,4.0,7,1,0,49
Operations,27,Bachelors,m,sourcing,1,35,3.0,8,0,0,62
HR,22,Masters & above,f,other,1,30,5.0,9,1,0,52
Legal,2,Masters & above,m,other,1,38,1.0,3,0,0,57
Procurement,7,Masters & above,m,sourcing,1,33,3.0,7,0,0,69
Sales & Marketing,13,Bachelors,m,sourcing,1,40,3.0,12,0,0,51
Sales & Marketing,22,Bachelors,m,sourcing,1,36,5.0,9,0,0,49
Procurement,12,Bachelors,m,other,2,28,1.0,4,0,0,69
Sales & Marketing,2,Masters & above,m,referred,1,38,3.0,4,0,0,51
Technology,26,Bachelors,f,other,1,34,1.0,5,1,0,80
Operations,31,Masters & above,f,other,1,37,5.0,9,1,0,57
Technology,7,Bachelors,m,other,1,35,5.0,6,1,1,77
Sales & Marketing,2,Masters & above,m,sourcing,1,54,1.0,15,0,0,47
Operations,2,Masters & above,f,sourcing,1,39,4.0,9,1,0,60
Sales & Marketing,15,Bachelors,f,sourcing,1,43,3.0,4,0,0,48
Finance,2,Masters & above,m,other,1,34,5.0,10,0,0,56
Analytics,29,Bachelors,m,other,1,31,3.0,4,1,0,82
Sales & Marketing,13,Bachelors,m,other,1,31,2.0,4,0,0,49
HR,2,Bachelors,m,sourcing,1,43,5.0,4,0,0,53
Technology,27,Masters & above,m,sourcing,1,50,3.0,18,0,0,78
Procurement,2,Bachelors,f,sourcing,1,52,3.0,7,0,0,69
Legal,12,Bachelors,m,other,1,29,3.0,7,0,0,61
Sales & Marketing,15,Bachelors,m,sourcing,1,39,5.0,3,1,0,48
Analytics,7,Masters & above,m,other,1,36,5.0,3,1,0,84
Operations,32,Bachelors,f,other,1,41,4.0,7,1,0,63
Procurement,16,Bachelors,f,other,1,33,3.0,7,1,0,72
Technology,11,Bachelors,m,sourcing,1,29,5.0,5,1,0,77
Legal,7,Bachelors,m,sourcing,1,34,5.0,3,0,0,59
Operations,31,Bachelors,f,sourcing,2,28,5.0,4,1,0,54
Sales & Marketing,16,Bachelors,m,sourcing,1,25,2.0,2,0,0,51
HR,7,Bachelors,f,other,1,31,1.0,2,1,0,48
Operations,2,Bachelors,f,other,1,49,5.0,3,1,0,62
Operations,2,Bachelors,f,other,1,47,2.0,16,0,0,57
Operations,2,Bachelors,f,other,1,49,3.0,17,0,0,64
Sales & Marketing,26,Masters & above,m,other,1,33,3.0,11,0,0,50
Sales & Marketing,2,Bachelors,f,other,1,36,2.0,7,0,0,54
Operations,2,Bachelors,f,sourcing,1,33,5.0,6,1,0,55
Operations,10,Bachelors,f,other,1,30,5.0,4,1,0,57
Procurement,2,Masters & above,f,other,1,60,5.0,10,1,0,75
Operations,32,Bachelors,m,other,1,30,5.0,7,0,0,59
HR,28,Masters & above,m,sourcing,1,40,5.0,4,1,0,89
Sales & Marketing,23,Masters & above,m,other,1,42,5.0,4,0,0,53
Analytics,13,Bachelors,m,sourcing,1,27,5.0,3,1,0,86
Analytics,13,Bachelors,m,other,1,44,5.0,7,1,0,83
Procurement,26,Bachelors,m,sourcing,1,40,4.0,11,1,0,68
Technology,7,Masters & above,m,other,1,35,1.0,7,0,0,81
Procurement,2,Bachelors,m,other,7,30,3.0,4,0,0,68
Operations,34,Bachelors,f,other,1,34,4.0,7,1,0,64
Operations,26,Bachelors,f,sourcing,1,29,4.0,4,1,0,54
Operations,2,Bachelors,m,sourcing,1,57,5.0,29,0,0,57
Operations,2,Masters & above,f,sourcing,1,37,4.0,4,1,0,60
Operations,29,Bachelors,m,other,1,39,5.0,9,0,0,74
Sales & Marketing,29,Bachelors,m,sourcing,1,34,3.0,7,1,0,48
Finance,11,Bachelors,m,other,1,30,4.0,5,0,0,59
Operations,2,Bachelors,f,sourcing,2,30,4.0,4,0,0,60
Sales & Marketing,3,Masters & above,m,sourcing,1,41,3.0,12,0,0,46
Finance,4,Masters & above,m,other,1,40,5.0,12,1,0,54
Analytics,22,Bachelors,m,sourcing,1,28,3.0,2,1,0,83
R&D,22,Masters & above,m,other,1,32,1.0,4,0,0,82
Finance,22,Bachelors,m,sourcing,1,26,2.0,4,0,0,62
Operations,14,Masters & above,m,sourcing,1,39,3.0,9,0,0,57
R&D,28,Masters & above,m,other,3,34,5.0,4,0,0,87
Technology,22,Masters & above,m,other,1,35,2.0,8,0,0,76
Operations,7,Masters & above,m,other,2,35,3.0,7,0,0,75
Sales & Marketing,2,Bachelors,m,sourcing,1,50,2.0,3,0,0,48
R&D,27,Bachelors,m,sourcing,1,32,3.0,2,0,0,85
Technology,7,Bachelors,f,sourcing,1,31,4.0,3,0,0,82
Finance,2,Below Secondary,m,sourcing,3,25,1.0,3,0,0,59
Technology,26,Bachelors,m,other,1,32,5.0,6,1,0,77
Procurement,2,Masters & above,m,other,2,51,3.0,17,0,0,69
Operations,2,Bachelors,m,sourcing,1,36,3.0,4,1,0,91
Procurement,23,Masters & above,f,sourcing,2,40,3.0,6,1,0,73
Sales & Marketing,22,Bachelors,m,sourcing,2,27,2.0,4,1,0,49
Operations,22,Below Secondary,m,other,1,26,4.0,2,1,1,73
Operations,2,Masters & above,m,sourcing,1,40,5.0,4,1,0,58
Technology,26,Masters & above,m,other,1,36,3.0,3,0,0,77
Procurement,4,Masters & above,m,sourcing,1,39,1.0,3,0,0,73
HR,22,Masters & above,f,sourcing,1,32,2.0,6,0,0,48
Sales & Marketing,31,Bachelors,m,other,1,43,4.0,6,1,0,47
Sales & Marketing,26,Bachelors,m,other,1,37,5.0,3,0,0,48
Sales & Marketing,7,Bachelors,m,sourcing,2,28,4.0,5,1,0,45
Operations,23,Bachelors,m,sourcing,2,32,5.0,6,1,0,59
Operations,7,Bachelors,f,sourcing,1,37,3.0,3,1,0,57
Technology,27,Bachelors,m,other,1,32,3.0,8,0,0,88
Operations,4,Bachelors,m,other,1,44,4.0,5,0,0,59
Technology,2,Bachelors,f,sourcing,1,39,4.0,4,1,0,81
Sales & Marketing,11,Bachelors,m,sourcing,1,27,2.0,5,1,0,54
R&D,26,Bachelors,m,other,1,35,3.0,7,0,0,82
Procurement,17,Bachelors,f,sourcing,1,27,3.0,6,0,0,67
Operations,22,Masters & above,f,other,2,34,3.0,4,0,0,60
Analytics,34,Bachelors,m,other,1,29,3.0,4,1,0,83
Operations,6,Bachelors,m,sourcing,1,33,5.0,5,1,0,57
Sales & Marketing,9,Masters & above,m,other,2,32,1.0,4,0,0,50
Operations,12,Bachelors,f,other,1,30,5.0,3,1,0,59
Analytics,5,Bachelors,m,sourcing,1,27,3.0,4,0,0,80
Legal,2,Bachelors,m,sourcing,1,28,5.0,2,0,0,53
Finance,27,Bachelors,m,other,1,24,4.0,4,0,0,55
R&D,7,Masters & above,m,sourcing,1,42,5.0,5,1,0,83
Technology,13,Masters & above,m,other,1,46,3.0,4,0,0,74
Operations,15,Masters & above,m,other,1,41,4.0,3,0,0,60
Sales & Marketing,30,Bachelors,m,other,1,25,3.0,2,0,0,49
Operations,2,Masters & above,m,sourcing,2,41,3.0,4,0,0,62
Sales & Marketing,11,Bachelors,m,sourcing,1,33,1.0,4,1,0,46
Sales & Marketing,19,Bachelors,m,other,1,38,5.0,8,0,0,49
Analytics,22,Masters & above,m,sourcing,1,33,3.0,7,0,0,87
Procurement,11,Bachelors,m,other,1,29,1.0,2,0,0,71
Technology,2,Below Secondary,f,other,1,26,2.0,5,0,0,75
Legal,26,Bachelors,m,other,1,33,4.0,3,0,0,59
Operations,2,Bachelors,f,other,2,39,5.0,3,1,1,59
Sales & Marketing,2,Bachelors,f,other,1,26,5.0,2,0,0,46
Operations,21,Bachelors,m,other,1,27,3.0,4,0,0,62
Sales & Marketing,27,Bachelors,m,sourcing,1,31,5.0,1,1,0,47
Procurement,2,Bachelors,f,sourcing,1,36,3.0,9,0,0,69
Operations,31,Bachelors,m,other,1,23,2.0,2,1,0,61
Operations,2,Bachelors,f,sourcing,1,42,5.0,5,1,0,64
Sales & Marketing,13,Bachelors,m,sourcing,1,57,4.0,14,1,0,54
Technology,27,Bachelors,f,other,1,30,1.0,7,0,0,79
Sales & Marketing,13,Bachelors,m,other,3,40,3.0,3,0,0,53
Technology,2,Masters & above,m,other,1,48,2.0,14,0,0,82
Technology,10,Masters & above,m,other,1,45,3.0,9,0,0,80
Technology,2,Masters & above,f,sourcing,1,37,2.0,10,0,0,79
Procurement,2,Bachelors,f,sourcing,4,49,5.0,16,1,0,69
HR,2,Bachelors,m,sourcing,1,30,4.0,6,0,0,47
Sales & Marketing,25,Bachelors,m,sourcing,1,31,5.0,4,0,0,52
Procurement,2,Below Secondary,m,sourcing,3,25,3.0,3,0,0,69
Analytics,29,Bachelors,m,sourcing,2,35,3.0,4,0,0,82
Technology,26,Bachelors,m,other,1,39,5.0,12,1,0,82
Technology,19,Bachelors,m,sourcing,1,30,1.0,6,0,0,81
Sales & Marketing,7,Bachelors,m,sourcing,1,27,5.0,3,1,0,47
Operations,27,Bachelors,f,sourcing,1,35,5.0,8,0,0,64
Technology,4,Masters & above,m,sourcing,1,37,1.0,2,1,0,84
Analytics,22,Masters & above,m,other,2,37,1.0,2,0,0,82
Sales & Marketing,2,Bachelors,f,other,1,33,2.0,5,1,1,54
Analytics,26,Bachelors,m,sourcing,1,31,3.0,6,1,0,83
R&D,7,Masters & above,m,sourcing,2,38,4.0,7,0,0,86
Sales & Marketing,5,Masters & above,m,other,1,42,4.0,13,0,0,48
Analytics,27,Bachelors,m,other,1,32,3.0,5,0,0,86
HR,22,Bachelors,m,sourcing,1,32,1.0,6,0,0,48
Procurement,26,Bachelors,m,other,1,29,1.0,6,0,0,73
Sales & Marketing,27,Bachelors,m,sourcing,2,31,5.0,5,1,0,50
Sales & Marketing,28,Masters & above,m,other,1,38,2.0,4,1,0,47
Sales & Marketing,1,Masters & above,m,other,1,37,5.0,4,1,0,49
Sales & Marketing,13,Bachelors,m,other,1,37,3.0,3,0,0,48
Sales & Marketing,27,Bachelors,f,sourcing,1,31,5.0,2,1,0,50
Sales & Marketing,11,Bachelors,m,sourcing,1,37,5.0,7,0,0,51
Finance,23,Bachelors,m,sourcing,1,30,4.0,5,1,0,60
Sales & Marketing,7,Masters & above,m,sourcing,1,49,3.0,4,0,0,49
Technology,26,Bachelors,f,other,1,29,3.0,4,0,0,80
Sales & Marketing,31,Masters & above,f,sourcing,1,35,1.0,3,0,0,47
Finance,23,Masters & above,m,sourcing,2,33,3.0,5,0,0,63
Sales & Marketing,4,Masters & above,m,other,1,28,3.0,3,1,0,49
Technology,21,Bachelors,m,other,1,48,4.0,8,0,0,82
Sales & Marketing,27,Bachelors,f,other,1,29,5.0,2,1,0,49
Technology,13,Masters & above,m,other,1,51,4.0,5,0,0,81
Technology,17,Bachelors,m,sourcing,1,26,5.0,2,1,0,81
Technology,27,Bachelors,f,other,2,31,3.0,4,0,0,81
Sales & Marketing,32,Bachelors,m,other,1,39,1.0,10,0,0,51
Analytics,2,Bachelors,m,other,1,31,5.0,8,1,0,85
Sales & Marketing,2,Masters & above,m,other,2,36,3.0,7,0,0,51
Sales & Marketing,17,Bachelors,m,other,2,32,1.0,10,0,0,54
Procurement,13,Masters & above,f,sourcing,1,39,3.0,4,0,0,76
Sales & Marketing,31,Bachelors,m,sourcing,2,41,1.0,11,0,0,48
Analytics,22,Bachelors,m,other,2,27,4.0,2,1,0,83
Procurement,12,Bachelors,f,other,1,29,4.0,9,0,0,72
Operations,23,Masters & above,f,sourcing,1,42,3.0,11,0,0,60
Procurement,19,Bachelors,m,sourcing,1,36,3.0,5,0,0,71
Finance,22,Bachelors,f,other,1,27,3.0,4,0,0,70
Analytics,7,Bachelors,m,other,1,29,4.0,5,0,0,86
Sales & Marketing,7,Bachelors,m,sourcing,2,31,4.0,5,0,0,51
Sales & Marketing,14,Bachelors,f,sourcing,1,33,4.0,8,1,0,49
Sales & Marketing,28,Masters & above,m,referred,1,32,5.0,7,0,0,63
HR,2,Masters & above,m,other,1,36,4.0,3,0,0,50
Procurement,2,Masters & above,f,other,1,49,1.0,2,0,0,67
Operations,2,Bachelors,m,sourcing,1,42,5.0,11,0,0,72
Sales & Marketing,8,Bachelors,m,other,1,28,5.0,2,0,0,51
Sales & Marketing,16,Bachelors,m,sourcing,1,45,5.0,6,0,0,55
Analytics,22,Masters & above,m,sourcing,1,31,5.0,7,0,0,81
Operations,2,Bachelors,m,other,2,36,5.0,8,0,0,57
Analytics,26,Bachelors,m,other,2,25,5.0,2,1,0,89
Operations,22,Bachelors,m,sourcing,1,37,1.0,3,0,0,59
Sales & Marketing,8,Bachelors,m,other,1,35,4.0,7,1,0,51
Technology,2,Bachelors,f,other,2,34,2.0,5,0,0,77
Analytics,2,Masters & above,m,other,2,40,2.0,7,0,0,81
Sales & Marketing,22,Masters & above,m,other,1,37,4.0,9,0,0,47
Operations,6,Bachelors,m,other,1,32,4.0,7,1,0,63
Technology,28,Bachelors,f,sourcing,1,29,5.0,4,1,0,73
Sales & Marketing,31,Bachelors,m,sourcing,4,25,3.0,2,1,0,50
HR,23,Masters & above,m,sourcing,1,38,5.0,12,1,0,52
Procurement,26,Bachelors,f,sourcing,1,33,4.0,7,0,0,68
Analytics,26,Bachelors,m,sourcing,1,31,3.0,3,1,1,85
Technology,14,Bachelors,m,other,1,30,4.0,7,1,0,75
Sales & Marketing,26,Bachelors,f,other,1,31,5.0,9,0,0,44
Operations,17,Bachelors,f,sourcing,1,26,5.0,2,1,0,60
Procurement,2,Bachelors,m,other,2,54,4.0,13,1,0,69
Analytics,2,Bachelors,f,sourcing,1,34,3.0,8,0,0,82
Operations,22,Masters & above,f,sourcing,1,36,5.0,3,1,0,55
Operations,15,Bachelors,m,other,1,36,4.0,5,1,0,58
Sales & Marketing,8,Bachelors,m,other,1,34,3.0,9,0,0,50
Operations,2,Bachelors,m,other,1,26,4.0,6,0,0,63
HR,22,Bachelors,f,other,1,28,4.0,4,0,0,52
Operations,15,Masters & above,m,sourcing,1,34,2.0,4,0,0,68
Sales & Marketing,1,Bachelors,m,other,1,27,4.0,3,0,0,49
Operations,2,Bachelors,m,referred,2,33,3.0,3,1,0,63
Procurement,2,Masters & above,f,other,3,39,3.0,5,0,0,66
Sales & Marketing,16,Masters & above,m,other,2,33,4.0,4,1,0,47
Technology,29,Masters & above,f,other,1,34,2.0,7,0,0,81
Sales & Marketing,16,Bachelors,m,sourcing,1,32,4.0,3,1,1,54
Legal,7,Bachelors,m,other,3,49,3.0,3,0,0,59
Sales & Marketing,11,Bachelors,m,sourcing,1,37,5.0,9,0,0,61
Analytics,29,Bachelors,m,other,1,31,1.0,6,0,0,91
Operations,22,Bachelors,m,other,2,44,5.0,4,1,1,60
R&D,26,Masters & above,m,other,1,35,1.0,6,0,0,85
Sales & Marketing,13,Bachelors,m,other,1,35,3.0,9,0,0,48
Analytics,29,Bachelors,m,other,1,32,4.0,4,1,0,85
Analytics,22,Bachelors,m,other,2,27,3.0,4,1,0,86
Analytics,2,Bachelors,m,sourcing,1,27,4.0,4,0,0,87
Analytics,22,Masters & above,m,sourcing,1,49,3.0,19,0,0,85
Operations,32,Bachelors,m,other,1,39,4.0,7,0,0,63
Procurement,7,Bachelors,f,other,1,53,4.0,3,1,0,67
Technology,12,Bachelors,m,other,1,33,4.0,6,0,0,81
Sales & Marketing,21,Bachelors,m,other,1,38,4.0,5,0,0,50
Operations,22,Masters & above,m,other,3,32,3.0,10,0,0,59
Legal,2,Masters & above,m,other,1,39,1.0,8,0,0,57
Analytics,11,Bachelors,m,sourcing,1,33,3.0,5,0,0,81
HR,28,Masters & above,f,sourcing,1,33,5.0,3,0,0,50
HR,22,Bachelors,m,other,1,23,2.0,2,0,0,45
Finance,31,Bachelors,m,other,1,34,3.0,5,1,0,59
Technology,15,Bachelors,m,other,1,36,3.0,4,0,0,78
Operations,31,Bachelors,f,other,1,30,4.0,3,1,0,61
R&D,2,Bachelors,m,sourcing,3,26,1.0,2,1,0,83
Sales & Marketing,15,Bachelors,m,other,1,30,5.0,2,0,0,53
Operations,26,Bachelors,m,sourcing,1,39,1.0,3,0,0,61
Analytics,31,Bachelors,m,other,1,27,3.0,3,1,0,84
Sales & Marketing,2,Masters & above,m,other,1,34,4.0,10,0,0,46
R&D,2,Bachelors,m,sourcing,1,38,3.0,11,0,0,88
Operations,3,Masters & above,m,sourcing,1,45,3.0,4,0,0,62
HR,30,Bachelors,m,other,1,35,2.0,8,1,0,45
Operations,4,Bachelors,f,other,1,46,5.0,6,1,0,56
Operations,4,Bachelors,m,sourcing,1,44,3.0,2,1,0,57
HR,25,Masters & above,f,sourcing,1,32,5.0,3,1,0,50
Operations,4,Masters & above,f,sourcing,2,34,3.0,7,0,0,63
Sales & Marketing,23,Bachelors,m,other,1,40,3.0,5,0,0,56
Analytics,25,Bachelors,m,sourcing,1,29,5.0,4,0,0,82
Operations,29,Bachelors,f,other,1,32,3.0,5,0,0,62
Sales & Marketing,32,Bachelors,m,other,4,32,3.0,6,0,0,47
Sales & Marketing,22,Masters & above,m,sourcing,1,31,2.0,4,0,0,53
HR,34,Bachelors,m,other,1,31,3.0,4,0,0,48
Operations,22,Masters & above,f,other,1,41,4.0,6,0,0,55
Technology,27,Bachelors,m,other,2,34,5.0,9,0,0,79
HR,5,Bachelors,m,other,1,34,3.0,5,0,0,47
Sales & Marketing,6,Bachelors,m,sourcing,1,40,3.0,5,0,0,52
Sales & Marketing,2,Bachelors,f,sourcing,1,35,5.0,7,0,0,61
Operations,32,Bachelors,m,sourcing,1,39,5.0,6,0,0,62
Analytics,2,Bachelors,m,other,3,42,5.0,15,1,0,88
Finance,16,Below Secondary,m,other,2,25,3.0,3,0,0,61
Procurement,17,Masters & above,m,sourcing,1,56,3.0,18,0,0,69
Technology,7,Masters & above,m,other,5,38,3.0,7,0,0,83
Analytics,31,Bachelors,f,other,2,28,3.0,4,0,0,89
Operations,2,Bachelors,f,sourcing,1,25,3.0,5,0,0,59
Operations,13,Bachelors,f,other,1,44,1.0,4,0,0,66
Sales & Marketing,26,Bachelors,m,other,1,31,1.0,9,0,0,52
Sales & Marketing,1,Bachelors,f,sourcing,1,28,2.0,3,1,0,46
Operations,22,Bachelors,m,sourcing,1,31,3.0,6,1,0,60
Operations,15,Bachelors,m,sourcing,2,38,2.0,4,1,0,58
Operations,13,Bachelors,f,sourcing,1,41,3.0,6,1,0,59
Technology,1,Masters & above,m,other,2,37,4.0,5,0,0,80
Finance,32,Bachelors,m,sourcing,1,33,5.0,7,1,0,62
Operations,16,Masters & above,f,sourcing,1,46,5.0,15,1,0,61
Procurement,7,Masters & above,f,other,1,40,1.0,10,1,0,76
Operations,22,Bachelors,f,sourcing,1,30,5.0,4,1,0,95
Operations,2,Bachelors,m,other,1,60,3.0,34,0,0,56
Sales & Marketing,1,Masters & above,m,sourcing,2,31,3.0,7,0,0,46
Sales & Marketing,16,Masters & above,m,other,1,50,3.0,4,0,0,51
Procurement,10,Masters & above,f,other,1,31,4.0,5,0,0,71
R&D,31,Bachelors,m,other,1,33,4.0,4,0,0,85
Finance,4,Masters & above,m,other,2,31,4.0,6,1,0,58
Technology,8,Bachelors,f,other,1,31,3.0,5,0,1,81
Analytics,2,Bachelors,m,sourcing,1,34,3.0,3,0,0,78
Technology,15,Bachelors,m,other,1,30,3.0,3,1,1,98
Procurement,15,Masters & above,f,sourcing,1,44,3.0,14,0,0,69
Sales & Marketing,7,Masters & above,m,other,3,39,1.0,10,0,0,51
Procurement,2,Bachelors,m,other,2,33,3.0,8,0,0,67
Operations,2,Bachelors,m,sourcing,1,37,5.0,9,1,0,63
Finance,31,Bachelors,f,other,2,31,3.0,5,0,0,55
Sales & Marketing,31,Bachelors,m,other,1,40,5.0,5,1,0,47
Sales & Marketing,2,Bachelors,m,referred,1,31,5.0,10,0,0,49
Procurement,10,Masters & above,m,sourcing,1,42,2.0,10,0,0,64
Operations,22,Masters & above,f,sourcing,1,42,3.0,14,0,0,58
Technology,20,Bachelors,m,other,1,26,3.0,2,0,0,82
Analytics,27,Bachelors,m,other,2,27,3.0,2,0,0,86
Operations,21,Bachelors,m,other,2,34,1.0,3,1,0,58
Technology,16,Bachelors,f,other,1,27,3.0,3,0,0,82
Procurement,22,Bachelors,m,sourcing,3,33,3.0,6,0,0,72
Sales & Marketing,22,Bachelors,m,referred,1,33,1.0,8,0,0,52
Analytics,28,Bachelors,m,other,1,31,4.0,8,1,0,84
R&D,22,Masters & above,m,other,1,42,3.0,12,0,0,80
R&D,27,Bachelors,m,other,1,33,2.0,4,1,0,80
Sales & Marketing,3,Masters & above,m,sourcing,1,42,5.0,10,1,0,53
Technology,7,Bachelors,m,other,2,30,4.0,5,1,0,78
Technology,7,Bachelors,f,other,1,35,5.0,7,1,0,81
Operations,2,Bachelors,f,other,1,48,1.0,20,0,0,60
Operations,7,Masters & above,m,other,1,37,1.0,8,0,0,57
Procurement,5,Bachelors,f,sourcing,1,29,4.0,2,0,0,70
Operations,25,Bachelors,m,other,1,31,1.0,3,0,0,63
Sales & Marketing,13,Bachelors,m,other,1,43,3.0,13,0,0,46
Finance,32,Bachelors,m,sourcing,1,31,1.0,3,0,0,60
Sales & Marketing,13,Bachelors,m,other,1,47,5.0,5,1,0,47
Operations,2,Bachelors,f,other,1,37,5.0,3,0,0,54
Procurement,23,Bachelors,m,other,2,33,3.0,7,0,0,70
Legal,2,Masters & above,m,other,1,37,2.0,4,0,0,73
Procurement,2,Bachelors,f,other,1,30,3.0,5,0,0,70
Operations,4,Masters & above,m,sourcing,1,42,4.0,10,1,0,56
Sales & Marketing,28,Bachelors,m,other,2,26,5.0,2,0,0,47
Operations,23,Masters & above,f,other,2,34,5.0,6,0,0,61
Procurement,22,Bachelors,m,sourcing,1,30,4.0,3,1,0,72
Sales & Marketing,15,Bachelors,m,other,1,36,5.0,7,1,0,47
R&D,23,Masters & above,m,sourcing,1,35,3.0,10,0,0,85
Operations,2,Bachelors,f,sourcing,1,60,5.0,7,1,0,57
Sales & Marketing,22,Masters & above,m,other,1,33,2.0,7,0,0,49
Sales & Marketing,13,Bachelors,f,other,1,37,4.0,4,1,0,49
Analytics,29,Bachelors,m,sourcing,2,35,4.0,8,1,0,83
Technology,13,Masters & above,f,sourcing,1,32,3.0,6,0,0,80
Procurement,25,Bachelors,m,sourcing,1,30,2.0,4,0,0,73
Operations,2,Bachelors,f,sourcing,1,44,3.0,13,0,0,59
Technology,23,Masters & above,m,other,1,44,3.0,4,0,0,76
Technology,2,Bachelors,m,other,1,36,3.0,10,0,0,74
Procurement,2,Bachelors,m,sourcing,3,25,3.0,4,0,0,65
Sales & Marketing,32,Bachelors,m,sourcing,1,32,4.0,2,0,0,52
Procurement,4,Bachelors,m,other,1,33,5.0,3,0,0,78
Operations,22,Masters & above,m,other,2,41,5.0,11,0,0,56
Finance,27,Bachelors,m,other,2,34,3.0,5,0,0,59
Analytics,22,Bachelors,m,sourcing,1,31,2.0,5,0,0,83
Technology,16,Bachelors,m,other,1,28,3.0,1,0,0,80
Operations,15,Masters & above,m,sourcing,1,44,3.0,4,0,0,58
Sales & Marketing,2,Masters & above,f,sourcing,1,38,5.0,8,0,0,48
Sales & Marketing,27,Bachelors,m,other,1,37,4.0,5,0,0,48
Analytics,31,Bachelors,m,sourcing,1,32,5.0,6,0,0,86
HR,2,Bachelors,f,other,1,34,5.0,7,0,0,51
Sales & Marketing,20,Bachelors,m,other,2,31,4.0,7,0,0,46
Procurement,22,Bachelors,f,other,2,25,4.0,4,1,0,69
Operations,15,Bachelors,m,referred,1,39,4.0,3,1,0,60
Operations,14,Bachelors,m,sourcing,1,33,3.0,6,0,0,61
Sales & Marketing,26,Bachelors,f,other,1,26,2.0,4,0,0,50
Technology,13,Masters & above,f,other,1,34,3.0,8,0,0,79
Operations,14,Masters & above,m,sourcing,1,33,4.0,6,0,0,60
Operations,22,Bachelors,m,other,1,36,3.0,8,0,0,60
Sales & Marketing,32,Bachelors,m,sourcing,1,31,3.0,5,0,0,53
Procurement,23,Bachelors,m,sourcing,1,28,4.0,7,0,0,68
Technology,33,Bachelors,m,sourcing,1,41,3.0,11,1,0,81
R&D,16,Bachelors,m,other,1,33,3.0,9,0,0,82
Sales & Marketing,34,Bachelors,m,other,1,32,4.0,5,0,0,49
Analytics,7,Masters & above,f,other,1,35,3.0,7,1,0,88
Sales & Marketing,21,Masters & above,m,other,1,36,3.0,2,0,0,48
Operations,30,Bachelors,f,other,1,36,3.0,3,0,0,62
Operations,30,Bachelors,f,other,1,28,4.0,5,1,0,55
Operations,2,Bachelors,m,other,1,58,3.0,26,1,0,64
Sales & Marketing,11,Bachelors,m,other,1,39,4.0,9,0,0,52
Technology,2,Masters & above,m,other,1,41,3.0,11,1,0,78
Sales & Marketing,4,Bachelors,m,sourcing,1,30,3.0,3,0,0,52
Sales & Marketing,13,Bachelors,m,other,1,37,4.0,7,1,0,48
Sales & Marketing,2,Bachelors,m,referred,1,31,5.0,3,1,0,45
Operations,32,Bachelors,f,other,1,31,5.0,4,1,0,57
Procurement,7,Bachelors,m,other,1,23,3.0,2,0,0,72
Analytics,4,Masters & above,m,other,1,41,3.0,14,0,0,84
Procurement,27,Masters & above,m,other,1,43,1.0,7,0,0,69
Analytics,2,Bachelors,m,other,2,31,3.0,6,0,0,89
Technology,27,Bachelors,m,sourcing,1,25,3.0,2,0,0,78
Technology,7,Masters & above,m,other,1,36,5.0,10,0,0,83
Procurement,2,Bachelors,m,sourcing,2,43,3.0,14,1,0,69
Sales & Marketing,31,Bachelors,m,other,1,30,5.0,7,0,0,48
Sales & Marketing,13,Bachelors,m,sourcing,1,43,5.0,13,0,0,49
Sales & Marketing,9,Bachelors,m,other,2,30,3.0,5,0,0,50
Finance,2,Bachelors,m,sourcing,1,40,5.0,3,0,0,60
Technology,2,Bachelors,f,sourcing,1,42,2.0,10,0,0,82
Sales & Marketing,7,Bachelors,m,other,1,35,5.0,8,0,0,60
Sales & Marketing,6,Bachelors,m,other,1,30,2.0,4,0,0,50
Technology,1,Bachelors,f,sourcing,2,28,4.0,4,0,0,78
HR,31,Bachelors,m,other,1,31,5.0,7,0,0,54
Operations,2,Bachelors,f,sourcing,1,39,3.0,12,1,0,60
Procurement,2,Bachelors,f,sourcing,1,30,2.0,6,0,0,64
Technology,2,Masters & above,f,sourcing,1,52,1.0,7,0,0,81
Operations,16,Bachelors,m,sourcing,2,35,5.0,4,1,0,93
Legal,7,Bachelors,m,other,1,30,2.0,1,0,0,56
Finance,2,Bachelors,m,sourcing,1,37,5.0,10,0,0,60
Operations,2,Bachelors,m,referred,1,33,3.0,4,1,0,55
Operations,13,Masters & above,m,other,1,42,5.0,13,1,0,60
Sales & Marketing,29,Bachelors,m,sourcing,2,33,1.0,8,0,0,53
Technology,22,Masters & above,m,other,2,46,5.0,17,0,0,91
Finance,7,Masters & above,m,other,2,31,2.0,2,0,0,64
Technology,2,Bachelors,m,referred,1,32,3.0,1,1,0,79
Sales & Marketing,7,Bachelors,m,sourcing,1,23,4.0,2,1,0,51
Operations,31,Bachelors,m,other,1,31,3.0,9,1,0,62
Operations,2,Bachelors,f,other,1,47,1.0,6,0,0,61
Operations,2,Bachelors,m,sourcing,1,39,5.0,2,1,0,60
Sales & Marketing,23,Masters & above,m,other,1,35,5.0,6,0,0,51
Sales & Marketing,30,Bachelors,m,sourcing,1,29,2.0,4,0,0,51
Operations,17,Bachelors,f,other,1,26,3.0,2,1,0,61
Technology,5,Bachelors,f,sourcing,1,31,2.0,6,0,0,85
Technology,22,Bachelors,m,other,1,41,3.0,2,0,0,74
Sales & Marketing,7,Masters & above,m,other,1,43,4.0,2,1,0,97
Procurement,13,Masters & above,f,other,1,33,2.0,5,0,0,71
Analytics,22,Bachelors,m,referred,1,26,5.0,4,0,0,88
Technology,7,Masters & above,m,other,1,38,4.0,8,1,0,79
Procurement,2,Bachelors,f,sourcing,1,39,4.0,5,1,0,73
Finance,13,Bachelors,m,other,1,25,5.0,2,0,0,57
Technology,22,Masters & above,m,sourcing,1,43,1.0,15,0,0,79
Operations,15,Bachelors,m,sourcing,1,43,4.0,16,0,0,59
Sales & Marketing,13,Bachelors,m,other,1,36,3.0,9,0,0,50
Sales & Marketing,10,Masters & above,f,sourcing,1,37,4.0,7,1,0,50
Sales & Marketing,14,Bachelors,m,other,1,37,4.0,9,0,0,51
Analytics,16,Masters & above,m,sourcing,1,34,1.0,7,0,0,86
Sales & Marketing,2,Bachelors,m,other,2,55,3.0,11,1,0,51
Sales & Marketing,22,Masters & above,m,sourcing,1,43,2.0,15,0,0,47
Legal,31,Bachelors,m,sourcing,1,35,3.0,7,0,0,61
Operations,2,Masters & above,m,other,1,35,2.0,3,0,0,62
Analytics,11,Bachelors,m,other,2,35,4.0,3,1,0,83
HR,2,Below Secondary,m,referred,1,24,4.0,2,1,0,51
Technology,14,Bachelors,f,sourcing,1,43,2.0,5,1,0,81
Sales & Marketing,34,Bachelors,m,other,1,33,5.0,4,0,0,48
Procurement,2,Bachelors,f,sourcing,1,30,3.0,2,0,0,74
Sales & Marketing,13,Bachelors,m,other,1,42,5.0,9,0,0,50
HR,7,Masters & above,f,sourcing,1,40,3.0,6,0,0,53
Technology,31,Masters & above,m,other,1,32,4.0,10,0,0,80
Sales & Marketing,2,Masters & above,m,other,1,31,1.0,4,0,0,49
Operations,2,Bachelors,f,sourcing,1,49,5.0,2,0,0,70
Analytics,29,Bachelors,f,sourcing,1,28,4.0,6,0,0,84
Technology,31,Bachelors,f,other,1,31,1.0,6,0,0,80
Analytics,2,Bachelors,m,other,2,33,4.0,5,0,0,84
HR,2,Bachelors,m,sourcing,1,29,4.0,6,0,0,52
Operations,31,Bachelors,m,sourcing,1,28,4.0,2,0,0,59
Technology,5,Masters & above,m,other,1,46,3.0,6,0,0,82
Operations,7,Masters & above,m,other,1,44,5.0,4,1,0,63
Sales & Marketing,1,Masters & above,m,sourcing,1,33,5.0,4,0,0,45
Finance,32,Bachelors,f,other,1,29,5.0,5,0,0,63
Procurement,17,Bachelors,m,other,1,45,4.0,12,0,0,64
Sales & Marketing,13,Masters & above,f,other,1,33,4.0,6,1,0,52
Sales & Marketing,2,Bachelors,m,other,1,33,4.0,7,1,0,50
Operations,32,Bachelors,m,other,1,36,3.0,3,0,0,59
Operations,26,Bachelors,f,other,1,36,4.0,2,1,0,55
Operations,2,Masters & above,f,sourcing,1,38,3.0,8,0,0,58
Sales & Marketing,12,Bachelors,m,other,1,38,1.0,5,0,0,46
Sales & Marketing,2,Masters & above,m,other,1,37,4.0,3,1,0,51
Sales & Marketing,22,Bachelors,m,other,1,35,2.0,3,0,0,46
Procurement,16,Bachelors,f,other,1,33,5.0,5,1,0,73
Finance,2,Bachelors,m,sourcing,1,32,3.0,6,0,0,61
Operations,27,Bachelors,m,other,1,34,3.0,8,0,0,72
Sales & Marketing,2,Bachelors,f,sourcing,1,56,4.0,6,1,0,47
Technology,22,Bachelors,m,sourcing,4,30,3.0,5,0,0,79
R&D,2,Bachelors,m,sourcing,1,34,5.0,4,1,0,83
Sales & Marketing,7,Masters & above,m,other,6,40,3.0,4,0,0,52
Operations,4,Masters & above,m,sourcing,1,42,5.0,6,1,0,64
Operations,7,Masters & above,f,other,1,39,4.0,7,1,0,57
Sales & Marketing,5,Masters & above,m,sourcing,1,35,3.0,7,0,0,52
Procurement,17,Masters & above,m,sourcing,1,40,3.0,12,0,0,75
Operations,28,Masters & above,m,other,1,34,3.0,8,1,0,59
Sales & Marketing,23,Bachelors,m,other,4,29,3.0,5,0,0,52
Sales & Marketing,26,Bachelors,m,sourcing,1,49,3.0,16,0,0,50
Procurement,28,Masters & above,f,other,1,34,4.0,8,0,0,66
Procurement,2,Bachelors,f,other,1,37,4.0,4,1,0,74
Procurement,13,Bachelors,m,sourcing,1,32,3.0,4,0,0,64
Operations,23,Masters & above,m,sourcing,2,39,3.0,14,0,0,62
Operations,27,Bachelors,f,other,3,32,5.0,7,1,0,56
Sales & Marketing,2,Masters & above,m,sourcing,1,36,5.0,5,0,0,53
Procurement,22,Bachelors,m,other,4,29,5.0,4,1,0,69
Sales & Marketing,2,Bachelors,m,sourcing,1,27,4.0,5,0,0,45
Operations,4,Masters & above,f,other,1,34,3.0,6,0,0,61
Procurement,2,Masters & above,m,sourcing,1,41,3.0,12,1,0,69
Sales & Marketing,13,Bachelors,m,other,2,35,2.0,7,0,0,51
HR,28,Bachelors,m,sourcing,1,29,5.0,5,1,0,47
Procurement,17,Bachelors,f,other,1,31,5.0,3,1,0,73
Legal,27,Bachelors,f,sourcing,3,26,5.0,2,1,0,64
Operations,2,Bachelors,f,sourcing,1,47,5.0,9,1,0,64
HR,29,Bachelors,f,other,1,28,2.0,3,0,0,46
Technology,23,Bachelors,m,sourcing,1,29,5.0,3,1,0,79
Operations,8,Masters & above,f,sourcing,1,33,5.0,4,0,0,63
Sales & Marketing,2,Masters & above,m,other,1,48,1.0,5,1,0,48
Analytics,7,Bachelors,m,other,2,29,3.0,2,0,0,87
Operations,22,Bachelors,f,other,1,35,2.0,10,0,0,59
Sales & Marketing,4,Masters & above,m,other,1,42,2.0,5,0,0,49
Procurement,34,Masters & above,m,sourcing,1,32,2.0,5,0,0,68
Operations,15,Bachelors,f,sourcing,1,40,3.0,10,1,1,58
Procurement,10,Bachelors,f,other,1,28,4.0,2,0,0,70
Sales & Marketing,19,Bachelors,m,sourcing,1,32,4.0,5,0,0,50
Sales & Marketing,2,Bachelors,f,sourcing,1,38,5.0,7,1,0,50
Operations,22,Masters & above,m,referred,1,33,3.0,4,1,0,57
Finance,32,Bachelors,m,other,1,29,3.0,2,0,0,61
Sales & Marketing,22,Bachelors,m,sourcing,1,47,1.0,13,0,0,48
Technology,22,Bachelors,f,other,1,33,4.0,7,0,0,80
Sales & Marketing,32,Bachelors,m,sourcing,2,34,4.0,3,1,0,50
Sales & Marketing,22,Bachelors,m,other,1,30,4.0,3,1,1,50
Operations,31,Bachelors,f,other,1,31,5.0,5,1,0,62
Operations,2,Bachelors,m,other,1,42,4.0,12,0,0,59
Sales & Marketing,32,Bachelors,m,sourcing,1,26,4.0,3,0,0,51
Operations,24,Masters & above,m,sourcing,1,33,2.0,3,1,0,56
Operations,13,Masters & above,m,sourcing,1,35,5.0,5,0,1,57
Operations,13,Bachelors,m,other,1,41,4.0,4,0,0,60
Sales & Marketing,2,Masters & above,f,sourcing,1,42,5.0,5,1,0,48
Operations,2,Bachelors,m,sourcing,1,40,4.0,3,0,0,59
Sales & Marketing,4,Masters & above,m,other,1,46,1.0,4,0,0,47
Technology,2,Bachelors,f,other,1,48,2.0,7,0,0,83
Technology,22,Masters & above,m,other,1,32,1.0,2,1,0,75
Legal,5,Bachelors,m,other,1,30,5.0,2,0,0,62
Sales & Marketing,22,Bachelors,f,other,1,28,4.0,4,1,0,48
Finance,4,Masters & above,f,other,1,35,5.0,7,1,0,59
Procurement,21,Bachelors,f,other,1,32,3.0,7,0,0,70
Sales & Marketing,2,Masters & above,f,other,1,35,2.0,5,0,0,49
HR,28,Bachelors,m,other,1,34,4.0,10,0,0,53
Operations,2,Bachelors,f,other,1,59,3.0,6,1,0,55
Procurement,17,Bachelors,f,other,5,34,3.0,2,1,1,66
Sales & Marketing,4,Masters & above,m,other,1,36,1.0,7,0,0,50
Technology,8,Bachelors,m,other,1,32,3.0,2,0,0,83
Operations,31,Bachelors,f,sourcing,1,34,4.0,9,0,0,64
Sales & Marketing,34,Masters & above,m,other,1,37,3.0,8,1,0,46
Analytics,20,Bachelors,m,other,1,40,3.0,6,0,0,89
Technology,13,Masters & above,f,other,2,37,4.0,7,0,0,82
Technology,23,Masters & above,f,sourcing,1,36,4.0,4,1,0,75
Technology,16,Bachelors,m,other,1,29,3.0,4,0,0,78
HR,22,Masters & above,f,sourcing,1,33,3.0,5,0,0,46
Analytics,7,Bachelors,m,other,1,31,5.0,6,1,0,83
Operations,27,Bachelors,f,sourcing,1,45,5.0,17,0,0,63
Analytics,2,Bachelors,m,other,1,51,5.0,8,1,0,84
HR,20,Masters & above,m,sourcing,1,33,3.0,4,1,0,53
Operations,19,Bachelors,f,sourcing,1,41,5.0,3,1,0,56
Sales & Marketing,4,Bachelors,m,other,1,33,1.0,3,0,0,54
Sales & Marketing,20,Masters & above,m,sourcing,1,44,3.0,4,0,0,52
Operations,2,Masters & above,f,sourcing,1,38,5.0,10,0,0,64
Operations,31,Bachelors,f,other,1,46,5.0,6,1,0,61
Sales & Marketing,4,Masters & above,f,other,1,36,1.0,3,1,0,47
Procurement,2,Masters & above,m,other,1,41,4.0,5,1,0,65
Sales & Marketing,25,Bachelors,f,other,1,31,3.0,3,0,0,48
Sales & Marketing,30,Bachelors,m,other,1,34,5.0,4,0,0,45
Operations,6,Bachelors,f,other,2,37,3.0,9,0,0,63
Operations,2,Bachelors,m,sourcing,1,32,2.0,5,0,0,59
Analytics,9,Bachelors,m,sourcing,1,26,2.0,4,0,0,82
HR,20,Bachelors,f,other,1,30,4.0,9,0,0,48
Finance,23,Bachelors,m,other,1,26,3.0,5,0,0,59
Technology,18,Bachelors,f,sourcing,1,29,4.0,5,1,0,74
Technology,25,Bachelors,f,other,1,30,4.0,7,1,0,84
Sales & Marketing,15,Bachelors,m,sourcing,1,46,2.0,19,0,0,49
Operations,22,Masters & above,m,other,1,38,5.0,4,1,0,62
Analytics,16,Masters & above,m,sourcing,1,34,3.0,3,0,0,79
Operations,7,Masters & above,m,other,1,50,3.0,11,0,0,59
Operations,29,Masters & above,m,sourcing,1,38,1.0,3,0,0,59
Technology,2,Bachelors,f,other,1,31,3.0,5,0,0,79
Sales & Marketing,27,Bachelors,m,other,1,39,5.0,3,1,0,44
Sales & Marketing,13,Bachelors,m,other,1,28,5.0,3,1,0,51
Procurement,7,Bachelors,m,other,1,31,4.0,5,0,0,67
Procurement,22,Bachelors,f,other,3,34,3.0,4,0,0,75
Procurement,27,Bachelors,m,other,1,27,3.0,2,0,0,69
Sales & Marketing,27,Bachelors,m,other,1,28,1.0,3,0,0,49
Operations,22,Bachelors,m,sourcing,1,39,1.0,3,0,0,62
Operations,22,Masters & above,m,sourcing,2,37,3.0,10,1,0,54
Procurement,22,Bachelors,f,other,1,25,1.0,4,1,0,71
Sales & Marketing,34,Bachelors,m,other,1,27,2.0,4,0,0,51
Technology,23,Masters & above,m,other,1,37,5.0,3,1,0,80
Analytics,26,Bachelors,m,sourcing,1,33,3.0,4,1,0,87
Finance,15,Bachelors,m,other,1,39,2.0,10,0,0,63
Operations,2,Bachelors,f,sourcing,2,35,3.0,7,0,0,54
Sales & Marketing,30,Bachelors,m,other,1,25,2.0,3,0,0,48
Sales & Marketing,15,Bachelors,m,other,2,42,1.0,14,0,0,52
Sales & Marketing,2,Bachelors,m,other,1,60,4.0,32,0,0,49
Procurement,10,Masters & above,f,other,1,37,3.0,9,0,0,71
Analytics,2,Masters & above,m,other,2,52,3.0,7,1,0,80
Sales & Marketing,2,Masters & above,m,sourcing,1,60,3.0,8,0,0,51
Technology,2,Masters & above,f,other,1,33,4.0,9,1,0,84
Analytics,7,Bachelors,m,sourcing,2,35,1.0,7,0,0,88
Procurement,2,Bachelors,f,referred,1,30,3.0,5,1,0,71
Sales & Marketing,12,Bachelors,f,sourcing,1,27,5.0,4,0,0,49
Technology,4,Bachelors,f,sourcing,1,32,1.0,6,1,0,78
Analytics,2,Bachelors,m,sourcing,1,37,2.0,4,0,0,82
Sales & Marketing,14,Bachelors,m,other,1,35,1.0,9,0,0,49
Sales & Marketing,23,Masters & above,f,sourcing,1,34,5.0,7,1,0,48
Operations,15,Masters & above,m,sourcing,2,46,3.0,4,0,0,61
Operations,19,Bachelors,m,sourcing,2,42,5.0,15,1,0,57
Procurement,10,Masters & above,m,sourcing,1,35,5.0,5,1,0,69
Analytics,22,Bachelors,m,sourcing,1,28,2.0,5,0,0,89
Sales & Marketing,2,Bachelors,m,sourcing,1,42,4.0,4,0,0,48
Operations,9,Bachelors,m,other,1,32,1.0,4,0,0,63
Sales & Marketing,22,Masters & above,m,sourcing,2,35,1.0,9,0,0,48
Finance,4,Bachelors,m,sourcing,1,28,5.0,4,0,0,61
Analytics,11,Bachelors,m,sourcing,1,34,5.0,5,1,0,89
Procurement,17,Masters & above,m,sourcing,1,32,3.0,4,0,0,82
Sales & Marketing,27,Bachelors,m,other,2,29,3.0,2,0,0,53
Procurement,8,Bachelors,m,sourcing,1,38,5.0,9,1,0,66
Sales & Marketing,17,Bachelors,m,other,1,38,5.0,4,0,0,47
Finance,2,Masters & above,m,sourcing,1,55,4.0,5,0,0,60
Technology,31,Bachelors,f,other,2,33,3.0,6,0,0,78
Sales & Marketing,2,Bachelors,f,other,2,32,1.0,4,0,0,56
Sales & Marketing,4,Masters & above,m,other,1,38,3.0,13,1,0,47
Sales & Marketing,13,Bachelors,m,sourcing,1,35,2.0,8,0,0,45
R&D,15,Masters & above,m,sourcing,1,27,5.0,4,0,0,81
Analytics,22,Bachelors,m,other,1,27,3.0,4,1,0,83
Technology,2,Masters & above,f,sourcing,1,42,3.0,4,0,0,79
Operations,15,Bachelors,m,other,1,38,5.0,3,1,0,61
Operations,4,Masters & above,f,other,1,39,5.0,10,0,0,63
Finance,2,Bachelors,f,sourcing,1,35,4.0,10,0,0,63
Operations,4,Masters & above,f,other,1,39,4.0,8,1,0,58
Analytics,16,Bachelors,m,other,1,34,5.0,9,1,0,85
Technology,2,Masters & above,f,sourcing,1,39,1.0,2,0,0,78
Operations,2,Bachelors,m,sourcing,3,32,4.0,7,1,0,59
Operations,2,Bachelors,m,other,2,30,4.0,3,1,0,57
Analytics,2,Masters & above,m,other,1,33,4.0,4,0,0,87
Analytics,15,Bachelors,m,other,1,30,4.0,2,1,0,85
Operations,15,Masters & above,m,other,1,41,4.0,2,0,0,60
Sales & Marketing,28,Bachelors,m,sourcing,1,29,3.0,2,0,0,49
Operations,15,Masters & above,m,sourcing,1,36,5.0,7,1,0,57
Analytics,28,Bachelors,m,other,1,36,1.0,2,1,0,91
Technology,15,Bachelors,m,other,2,29,3.0,3,0,0,94
Sales & Marketing,29,Bachelors,m,other,1,31,1.0,5,0,0,48
Sales & Marketing,31,Bachelors,m,other,1,31,1.0,7,0,0,52
Sales & Marketing,7,Masters & above,m,sourcing,2,45,1.0,14,0,0,49
Sales & Marketing,2,Bachelors,m,sourcing,1,33,3.0,9,1,0,52
Sales & Marketing,6,Bachelors,m,other,4,30,5.0,5,1,0,45
HR,22,Bachelors,m,sourcing,1,29,4.0,5,1,0,46
Technology,27,Bachelors,f,sourcing,1,24,4.0,2,1,0,79
Operations,10,Bachelors,f,sourcing,1,30,4.0,2,0,0,58
Technology,14,Bachelors,m,other,2,26,1.0,2,0,0,78
Sales & Marketing,17,Masters & above,m,other,1,34,1.0,2,1,0,51
Finance,22,Bachelors,m,other,3,27,5.0,2,1,0,65
Technology,28,Bachelors,f,other,1,32,3.0,7,1,0,81
Sales & Marketing,32,Bachelors,m,other,2,36,3.0,8,0,0,52
Analytics,22,Bachelors,m,other,1,34,2.0,3,0,0,84
Operations,2,Masters & above,m,other,1,56,4.0,9,0,0,58
Operations,15,Masters & above,m,other,1,36,1.0,8,0,0,69
HR,2,Bachelors,f,other,1,38,3.0,11,0,0,51
Procurement,7,Bachelors,f,other,1,47,3.0,13,0,0,64
Technology,26,Bachelors,m,sourcing,1,39,4.0,3,0,0,81
Sales & Marketing,22,Bachelors,f,sourcing,2,28,4.0,4,0,0,49
HR,2,Below Secondary,m,referred,1,25,5.0,4,1,0,52
Technology,22,Bachelors,m,sourcing,1,32,4.0,8,1,0,81
Technology,6,Bachelors,f,other,1,32,4.0,4,0,0,80
Sales & Marketing,30,Bachelors,m,other,1,28,4.0,5,0,0,48
Technology,2,Bachelors,m,sourcing,1,27,3.0,6,0,0,82
Operations,22,Bachelors,m,sourcing,1,35,5.0,8,0,0,57
Sales & Marketing,19,Bachelors,m,sourcing,3,31,4.0,2,0,0,49
Technology,2,Bachelors,f,sourcing,1,33,3.0,6,1,0,78
Sales & Marketing,2,Bachelors,m,other,2,28,1.0,6,0,0,50
Technology,23,Masters & above,m,sourcing,1,57,5.0,6,1,0,83
Technology,29,Bachelors,f,sourcing,1,28,1.0,3,0,0,82
Procurement,31,Bachelors,m,other,1,29,3.0,6,0,0,68
Technology,13,Bachelors,m,other,1,30,5.0,5,1,0,80
Technology,25,Bachelors,m,other,1,31,3.0,5,0,0,74
Technology,17,Masters & above,f,sourcing,1,36,4.0,8,1,0,79
Technology,10,Masters & above,f,other,1,35,5.0,8,1,0,79
Operations,2,Bachelors,m,other,1,26,4.0,3,0,0,59
Technology,7,Masters & above,m,other,1,49,5.0,19,1,0,79
Analytics,11,Bachelors,m,sourcing,1,48,1.0,15,1,0,83
Operations,7,Masters & above,f,sourcing,1,43,5.0,7,1,0,58
Operations,2,Masters & above,m,other,1,35,3.0,9,1,0,54
Technology,26,Bachelors,m,other,1,30,3.0,5,0,0,80
Operations,22,Bachelors,f,other,1,52,3.0,8,1,0,61
Analytics,2,Masters & above,m,sourcing,2,52,5.0,9,1,0,89
Sales & Marketing,33,Masters & above,m,other,1,34,3.0,10,0,0,48
Sales & Marketing,3,Bachelors,m,other,1,25,3.0,2,1,0,47
Sales & Marketing,2,Bachelors,f,sourcing,1,47,3.0,14,0,0,51
Analytics,22,Bachelors,f,sourcing,1,30,4.0,4,0,0,86
Technology,26,Masters & above,m,sourcing,1,41,3.0,12,1,0,78
Sales & Marketing,30,Bachelors,m,other,1,44,3.0,11,0,0,55
Procurement,31,Bachelors,m,other,2,35,4.0,5,1,0,71
Operations,26,Bachelors,m,other,1,40,5.0,13,0,0,57
Procurement,13,Masters & above,m,sourcing,1,35,5.0,6,1,0,68
Technology,13,Masters & above,f,other,1,31,4.0,4,0,0,81
Operations,21,Masters & above,m,other,1,48,4.0,8,1,0,61
HR,8,Bachelors,f,sourcing,2,28,5.0,2,1,0,47
Sales & Marketing,7,Masters & above,m,sourcing,1,42,3.0,12,0,0,53
Finance,8,Masters & above,m,other,1,33,4.0,3,1,0,57
Procurement,13,Masters & above,f,other,1,39,5.0,9,1,0,72
Operations,29,Bachelors,m,other,1,34,2.0,7,0,0,62
Analytics,28,Masters & above,m,sourcing,1,42,4.0,5,0,0,79
Sales & Marketing,4,Bachelors,m,other,1,44,5.0,15,1,0,48
Operations,2,Bachelors,m,other,1,33,2.0,10,0,0,58
Sales & Marketing,9,Bachelors,m,sourcing,1,30,4.0,5,0,0,51
Operations,19,Bachelors,f,sourcing,1,40,5.0,3,1,0,61
Operations,30,Bachelors,f,sourcing,1,32,1.0,2,0,0,60
Sales & Marketing,7,Bachelors,m,other,1,44,4.0,5,1,0,47
Analytics,22,Masters & above,m,other,1,44,3.0,7,0,0,85
Sales & Marketing,2,Bachelors,f,other,1,58,5.0,13,0,0,54
Operations,23,Bachelors,m,sourcing,1,39,3.0,4,0,0,64
Operations,4,Masters & above,f,sourcing,1,43,1.0,4,1,0,64
Sales & Marketing,20,Bachelors,m,sourcing,1,32,3.0,5,1,0,52
Sales & Marketing,32,Bachelors,m,other,1,28,5.0,2,0,0,53
Finance,7,Masters & above,m,other,1,36,5.0,7,1,0,63
Finance,2,Bachelors,m,other,1,58,5.0,17,0,0,63
Sales & Marketing,28,Masters & above,f,other,1,32,4.0,2,1,0,51
Operations,30,Bachelors,m,other,5,26,3.0,2,0,0,56
Sales & Marketing,13,Bachelors,m,sourcing,1,31,5.0,3,0,0,43
Operations,15,Bachelors,m,other,1,34,2.0,3,0,0,57
Analytics,4,Bachelors,m,other,2,29,3.0,6,0,0,82
Procurement,11,Masters & above,m,other,2,39,4.0,11,0,0,72
Operations,14,Masters & above,m,other,1,48,5.0,8,1,0,57
Sales & Marketing,7,Bachelors,f,sourcing,1,30,1.0,5,0,0,48
Sales & Marketing,26,Masters & above,m,other,2,44,1.0,7,0,0,54
Sales & Marketing,12,Bachelors,f,other,1,27,4.0,2,1,1,90
Sales & Marketing,2,Bachelors,f,other,1,47,3.0,7,0,0,51
Finance,31,Bachelors,f,sourcing,1,31,1.0,7,0,0,62
Procurement,7,Bachelors,m,other,1,58,3.0,6,0,0,73
Sales & Marketing,2,Masters & above,m,sourcing,2,44,3.0,16,0,0,49
Sales & Marketing,28,Bachelors,m,other,1,37,5.0,8,1,0,50
Sales & Marketing,7,Bachelors,m,sourcing,1,40,3.0,7,0,0,52
Finance,20,Bachelors,m,other,1,31,1.0,2,1,0,59
Sales & Marketing,24,Bachelors,m,other,1,32,3.0,7,0,0,44
Operations,25,Bachelors,m,sourcing,1,30,3.0,4,0,0,60
Sales & Marketing,26,Bachelors,m,sourcing,1,33,4.0,4,0,0,50
Operations,23,Bachelors,m,other,2,31,3.0,4,1,0,60
Sales & Marketing,28,Bachelors,m,other,1,27,3.0,4,0,0,48
Technology,26,Masters & above,m,other,1,45,2.0,3,0,0,79
Technology,26,Bachelors,f,other,1,27,3.0,2,0,0,80
HR,12,Bachelors,m,sourcing,1,30,5.0,8,0,0,50
R&D,4,Bachelors,m,other,1,34,5.0,8,1,0,81
Analytics,28,Masters & above,m,sourcing,2,31,4.0,3,0,0,84
Operations,13,Masters & above,f,sourcing,1,48,4.0,19,0,0,61
Operations,7,Masters & above,f,other,1,35,3.0,5,0,0,59
Technology,2,Bachelors,m,other,1,37,4.0,9,1,0,79
Technology,27,Bachelors,m,other,1,32,5.0,2,0,0,89
Analytics,2,Bachelors,f,sourcing,1,37,2.0,7,0,0,86
Sales & Marketing,13,Masters & above,f,sourcing,1,39,1.0,4,0,0,52
HR,26,Masters & above,f,sourcing,1,35,4.0,7,1,0,48
Sales & Marketing,11,Bachelors,m,sourcing,1,44,3.0,4,0,0,55
Sales & Marketing,7,Masters & above,m,other,1,33,5.0,5,1,1,48
Operations,16,Bachelors,m,other,1,34,2.0,8,0,0,57
R&D,2,Masters & above,m,other,1,49,5.0,18,1,0,86
Sales & Marketing,16,Bachelors,m,other,1,36,3.0,3,0,0,51
Sales & Marketing,28,Masters & above,f,sourcing,1,33,5.0,3,0,0,49
R&D,22,Bachelors,m,sourcing,1,30,5.0,5,1,0,83
Technology,15,Masters & above,m,other,1,36,3.0,4,0,0,79
Technology,7,Bachelors,m,referred,1,28,5.0,3,0,0,76
Sales & Marketing,7,Masters & above,m,sourcing,1,52,4.0,25,0,0,50
Finance,13,Masters & above,m,other,1,40,3.0,7,0,0,62
Sales & Marketing,2,Bachelors,m,sourcing,1,42,5.0,14,0,0,46
Analytics,28,Bachelors,m,other,1,28,5.0,3,1,0,83
Procurement,5,Bachelors,f,sourcing,1,30,1.0,5,0,0,68
Sales & Marketing,1,Bachelors,m,other,1,30,3.0,2,0,0,50
Operations,28,Bachelors,f,other,1,30,4.0,10,0,0,61
Operations,23,Bachelors,m,other,1,35,3.0,3,0,0,72
Sales & Marketing,10,Masters & above,m,other,1,45,3.0,3,0,0,51
Operations,2,Masters & above,f,other,1,40,3.0,13,1,0,55
Finance,28,Masters & above,m,sourcing,1,35,3.0,3,1,0,96
Sales & Marketing,4,Bachelors,m,other,1,46,4.0,15,0,0,52
Technology,22,Masters & above,m,other,1,35,4.0,7,0,0,75
Operations,15,Bachelors,f,other,1,35,5.0,7,1,0,60
Sales & Marketing,2,Bachelors,f,sourcing,1,31,5.0,2,1,0,49
Sales & Marketing,7,Bachelors,m,other,1,47,2.0,18,0,0,46
Operations,34,Bachelors,f,sourcing,1,27,3.0,3,0,0,60
Finance,2,Below Secondary,m,sourcing,1,25,2.0,2,1,1,58
Operations,26,Bachelors,m,other,1,43,3.0,13,0,0,55
Analytics,11,Bachelors,m,sourcing,1,27,5.0,6,0,0,89
Sales & Marketing,2,Bachelors,m,other,2,28,5.0,5,0,0,50
Operations,31,Bachelors,m,sourcing,1,26,5.0,3,1,0,59
Operations,26,Bachelors,m,sourcing,1,38,1.0,4,1,0,60
Sales & Marketing,16,Bachelors,m,other,1,41,1.0,11,0,0,48
Finance,22,Below Secondary,f,other,1,25,5.0,2,0,1,69
Sales & Marketing,31,Bachelors,m,other,1,24,4.0,2,1,0,48
Sales & Marketing,2,Bachelors,m,other,1,53,1.0,6,0,0,45
HR,2,Masters & above,f,referred,1,40,5.0,14,0,0,46
Operations,23,Bachelors,m,other,1,34,1.0,5,0,0,61
Procurement,2,Masters & above,f,other,1,56,3.0,17,0,0,66
Technology,2,Bachelors,m,sourcing,1,30,1.0,2,0,0,80
Technology,2,Bachelors,f,sourcing,1,45,3.0,4,1,0,78
Sales & Marketing,15,Bachelors,m,sourcing,1,31,1.0,3,0,0,47
Sales & Marketing,15,Bachelors,f,sourcing,1,34,2.0,7,1,1,47
Sales & Marketing,11,Bachelors,m,other,1,35,5.0,6,0,0,58
Procurement,26,Bachelors,m,sourcing,1,32,3.0,2,0,0,68
Sales & Marketing,7,Masters & above,m,other,1,40,3.0,10,0,0,64
Technology,5,Bachelors,f,sourcing,1,30,4.0,2,0,0,81
Sales & Marketing,26,Bachelors,m,other,1,32,4.0,5,1,0,52
Sales & Marketing,11,Bachelors,m,sourcing,1,39,1.0,4,0,0,50
Sales & Marketing,19,Bachelors,m,sourcing,1,43,5.0,3,0,0,51
Operations,15,Bachelors,m,other,2,40,4.0,7,1,0,62
Operations,32,Bachelors,f,other,2,34,3.0,9,0,0,56
Sales & Marketing,2,Masters & above,f,other,1,42,3.0,16,0,0,50
Operations,22,Masters & above,m,sourcing,1,49,5.0,18,0,0,56
Sales & Marketing,20,Bachelors,m,sourcing,1,30,1.0,3,0,0,48
Finance,2,Bachelors,f,other,1,25,3.0,2,1,0,59
Operations,2,Bachelors,f,other,2,32,5.0,5,1,0,63
Procurement,2,Masters & above,m,sourcing,3,53,3.0,20,0,0,69
Operations,22,Masters & above,m,sourcing,1,42,4.0,15,1,0,57
Analytics,15,Bachelors,m,other,1,31,3.0,6,0,0,81
Operations,2,Masters & above,m,other,1,34,4.0,4,0,0,61
Finance,26,Bachelors,m,sourcing,1,31,3.0,6,0,0,60
Sales & Marketing,21,Bachelors,m,other,1,35,2.0,8,0,0,48
Sales & Marketing,19,Bachelors,m,other,1,42,2.0,5,0,0,52
Operations,2,Bachelors,m,other,1,38,2.0,8,0,0,58
HR,2,Masters & above,f,sourcing,1,32,4.0,3,1,0,48
HR,31,Masters & above,f,other,1,34,5.0,7,1,0,48
Sales & Marketing,3,Bachelors,m,other,1,30,3.0,6,0,0,51
Procurement,22,Bachelors,m,sourcing,2,29,1.0,3,0,0,73
Sales & Marketing,13,Bachelors,m,other,1,48,1.0,6,0,0,51
Technology,26,Bachelors,m,sourcing,1,58,5.0,6,1,0,79
Sales & Marketing,7,Masters & above,m,other,1,29,3.0,5,0,0,49
Sales & Marketing,2,Masters & above,f,sourcing,1,37,4.0,13,0,0,50
Sales & Marketing,19,Bachelors,m,sourcing,1,48,3.0,3,1,0,52
Analytics,31,Bachelors,m,other,2,32,5.0,4,0,0,86
R&D,22,Masters & above,m,sourcing,1,40,4.0,12,0,0,84
Operations,11,Bachelors,f,other,1,33,4.0,9,1,0,58
Sales & Marketing,15,Bachelors,m,sourcing,1,37,4.0,9,1,0,47
Sales & Marketing,24,Masters & above,m,other,1,39,4.0,3,1,0,49
Sales & Marketing,11,Masters & above,m,sourcing,2,30,3.0,3,0,0,48
Procurement,23,Bachelors,f,sourcing,1,32,4.0,5,0,0,69
Sales & Marketing,2,Bachelors,m,sourcing,2,27,3.0,4,1,0,51
Finance,22,Bachelors,m,other,5,26,4.0,1,1,0,61
Procurement,22,Masters & above,m,other,2,37,5.0,4,1,0,74
Operations,15,Bachelors,m,other,1,37,4.0,2,1,0,61
Sales & Marketing,13,Bachelors,m,sourcing,1,27,4.0,3,1,0,49
Technology,7,Masters & above,m,other,1,37,3.0,5,1,0,77
Technology,30,Masters & above,f,other,1,40,4.0,11,0,0,73
Sales & Marketing,26,Bachelors,f,sourcing,1,29,3.0,6,0,0,48
Technology,2,Bachelors,f,other,1,37,2.0,7,0,0,79
Legal,22,Bachelors,m,other,1,28,3.0,3,1,0,59
Sales & Marketing,32,Bachelors,m,sourcing,1,37,1.0,9,0,0,50
Sales & Marketing,2,Bachelors,m,other,2,27,1.0,4,0,0,47
Sales & Marketing,7,Bachelors,m,sourcing,3,28,1.0,5,0,0,52
Sales & Marketing,20,Bachelors,m,sourcing,1,27,3.0,5,0,0,48
Operations,4,Bachelors,f,other,1,47,3.0,19,1,0,56
Operations,2,Bachelors,m,sourcing,2,38,4.0,7,0,0,58
Operations,17,Masters & above,m,other,1,33,4.0,8,0,0,59
Sales & Marketing,26,Bachelors,m,sourcing,2,35,3.0,3,0,0,48
Operations,15,Bachelors,m,referred,1,42,5.0,11,0,0,58
Procurement,13,Bachelors,m,sourcing,1,45,4.0,15,0,0,66
Technology,2,Bachelors,f,sourcing,1,28,3.0,6,1,0,76
Operations,15,Bachelors,f,sourcing,1,27,5.0,2,1,0,60
Sales & Marketing,7,Masters & above,m,other,1,34,1.0,8,0,0,47
Sales & Marketing,7,Bachelors,m,sourcing,2,26,2.0,2,0,0,53
Procurement,14,Bachelors,f,sourcing,1,28,5.0,2,1,0,74
Sales & Marketing,13,Bachelors,m,other,2,43,2.0,18,0,0,47
Sales & Marketing,7,Bachelors,m,sourcing,2,32,2.0,8,0,0,50
Procurement,2,Bachelors,m,other,1,60,3.0,15,0,0,70
Analytics,22,Bachelors,f,other,1,26,2.0,1,1,0,86
Technology,26,Masters & above,m,other,1,34,1.0,10,0,0,80
Legal,2,Bachelors,m,sourcing,1,37,1.0,10,0,0,55
Sales & Marketing,12,Bachelors,f,sourcing,2,27,5.0,3,1,0,52
Technology,26,Bachelors,m,other,1,40,2.0,6,0,0,83
Operations,7,Bachelors,f,other,1,48,3.0,18,0,0,56
Analytics,20,Bachelors,m,sourcing,1,33,2.0,6,0,0,85
Technology,2,Bachelors,m,sourcing,1,25,2.0,2,0,0,84
Operations,19,Bachelors,m,sourcing,1,33,4.0,2,0,0,63
Operations,15,Bachelors,f,other,1,31,3.0,2,0,0,57
Operations,19,Bachelors,f,other,1,36,4.0,8,1,0,60
Sales & Marketing,4,Masters & above,f,other,1,31,4.0,5,0,0,52
Sales & Marketing,2,Bachelors,m,sourcing,2,34,2.0,6,0,0,46
Procurement,17,Bachelors,m,sourcing,2,32,3.0,6,0,0,67
Sales & Marketing,2,Masters & above,m,sourcing,1,41,4.0,10,0,0,49
Procurement,2,Bachelors,m,referred,1,35,3.0,9,1,0,68
R&D,2,Masters & above,m,sourcing,2,31,3.0,5,0,0,88
Sales & Marketing,1,Masters & above,f,sourcing,1,32,5.0,5,1,0,51
Sales & Marketing,22,Bachelors,m,sourcing,1,28,4.0,5,1,0,91
Operations,2,Bachelors,f,other,1,36,4.0,5,1,0,58
Operations,19,Masters & above,m,other,2,42,3.0,5,0,0,62
Procurement,11,Bachelors,f,other,1,34,3.0,7,0,0,67
Sales & Marketing,7,Bachelors,m,sourcing,1,27,4.0,2,0,0,46
Analytics,22,Masters & above,f,sourcing,1,31,4.0,6,0,0,85
Operations,20,Masters & above,f,other,1,39,5.0,7,1,0,57
Sales & Marketing,7,Masters & above,m,other,1,31,2.0,2,0,0,52
Sales & Marketing,15,Bachelors,m,other,1,31,5.0,3,1,0,52
Analytics,2,Bachelors,m,other,2,28,4.0,5,0,0,88
Technology,1,Masters & above,f,other,1,38,3.0,4,1,0,81
Technology,5,Bachelors,f,sourcing,1,36,4.0,4,0,0,79
Operations,11,Bachelors,f,sourcing,1,30,5.0,3,0,0,59
Sales & Marketing,26,Bachelors,f,sourcing,1,28,3.0,4,0,0,49
HR,2,Bachelors,m,referred,1,26,5.0,4,0,0,57
HR,2,Bachelors,m,other,1,56,3.0,16,0,0,51
Legal,7,Bachelors,m,other,1,34,4.0,2,0,0,59
Sales & Marketing,28,Bachelors,f,sourcing,1,30,3.0,7,1,0,49
HR,2,Bachelors,f,other,1,31,3.0,6,0,0,47
Operations,2,Masters & above,f,other,2,40,5.0,11,1,0,60
Sales & Marketing,10,Masters & above,m,other,2,48,4.0,7,0,0,62
Legal,2,Masters & above,m,other,1,59,4.0,14,0,0,56
Sales & Marketing,2,Masters & above,m,sourcing,1,35,3.0,8,0,0,52
Sales & Marketing,7,Bachelors,m,sourcing,2,46,4.0,6,0,0,49
Sales & Marketing,2,Bachelors,f,sourcing,1,34,1.0,6,0,0,49
Procurement,22,Bachelors,m,sourcing,9,29,3.0,3,0,0,67
HR,23,Bachelors,m,other,1,31,3.0,2,0,0,46
Technology,2,Bachelors,f,other,2,28,4.0,4,0,0,77
Procurement,26,Bachelors,m,sourcing,1,33,3.0,7,0,0,69
HR,22,Masters & above,m,sourcing,1,43,4.0,13,0,0,49
Operations,3,Bachelors,m,sourcing,1,35,5.0,4,1,0,56
Procurement,7,Bachelors,f,other,1,31,5.0,5,0,0,69
Operations,8,Bachelors,f,other,1,33,5.0,2,1,1,63
Analytics,15,Masters & above,m,sourcing,1,42,3.0,13,0,0,84
Analytics,2,Bachelors,m,other,1,48,3.0,15,0,0,85
Sales & Marketing,15,Bachelors,m,other,1,36,4.0,4,0,0,45
Operations,2,Bachelors,f,sourcing,1,27,3.0,3,0,0,59
Legal,4,Bachelors,m,other,1,28,3.0,2,0,0,57
Operations,2,Bachelors,m,sourcing,1,50,4.0,18,0,0,62
Procurement,2,Masters & above,f,sourcing,1,34,4.0,4,1,0,73
Technology,23,Masters & above,f,sourcing,1,34,5.0,3,1,0,79
Operations,3,Bachelors,f,sourcing,1,37,5.0,2,1,0,59
Operations,2,Masters & above,m,other,2,35,3.0,4,0,0,63
Procurement,11,Bachelors,m,other,2,30,3.0,5,0,0,71
Operations,7,Masters & above,f,sourcing,1,35,5.0,3,1,1,87
Procurement,17,Bachelors,m,sourcing,1,28,5.0,3,1,0,69
Sales & Marketing,32,Bachelors,m,other,1,30,1.0,4,0,0,53
Sales & Marketing,12,Bachelors,m,sourcing,1,43,1.0,10,0,0,50
Technology,4,Masters & above,m,sourcing,1,31,3.0,7,0,0,84
Sales & Marketing,28,Masters & above,m,sourcing,1,30,3.0,8,1,0,47
Sales & Marketing,19,Bachelors,f,other,1,37,3.0,10,0,0,51
Finance,22,Bachelors,m,other,1,31,1.0,5,0,0,62
Operations,25,Bachelors,m,other,1,35,5.0,7,1,0,60
Operations,31,Bachelors,f,other,1,33,4.0,5,1,0,63
Sales & Marketing,26,Bachelors,m,other,1,35,2.0,6,0,0,52
Sales & Marketing,13,Masters & above,m,other,1,37,3.0,10,1,0,44
Technology,27,Bachelors,m,sourcing,2,32,3.0,7,0,0,79
Procurement,22,Masters & above,m,other,1,34,1.0,4,0,0,68
Legal,7,Bachelors,m,other,1,28,3.0,2,0,0,59
Operations,2,Bachelors,f,other,1,40,4.0,4,1,0,59
Procurement,19,Bachelors,m,sourcing,2,30,3.0,5,1,0,66
Operations,22,Masters & above,m,sourcing,1,57,3.0,26,0,0,58
Sales & Marketing,22,Bachelors,m,sourcing,2,27,5.0,2,1,0,51
Technology,2,Masters & above,f,other,1,54,3.0,2,0,0,78
Sales & Marketing,13,Bachelors,m,other,1,34,5.0,10,0,0,66
Procurement,15,Masters & above,f,sourcing,1,34,1.0,9,0,0,70
Procurement,22,Bachelors,f,other,1,29,3.0,3,0,0,72
Procurement,22,Masters & above,m,sourcing,2,36,3.0,5,1,0,68
Sales & Marketing,14,Bachelors,m,sourcing,1,44,5.0,6,1,0,48
Technology,2,Bachelors,m,other,2,50,4.0,5,0,0,83
HR,2,Bachelors,m,sourcing,1,27,4.0,2,1,0,46
Sales & Marketing,2,Bachelors,m,other,2,33,5.0,2,0,0,48
R&D,32,Bachelors,m,other,2,35,3.0,8,0,0,89
HR,23,Bachelors,m,sourcing,1,30,3.0,7,0,0,46
Sales & Marketing,13,Masters & above,f,other,1,33,2.0,3,0,0,47
HR,2,Bachelors,f,sourcing,1,31,5.0,7,0,0,48
Procurement,2,Masters & above,f,other,2,39,4.0,3,1,0,94
Operations,28,Masters & above,m,sourcing,1,40,2.0,5,1,0,59
Sales & Marketing,7,Bachelors,m,other,1,33,3.0,8,1,0,47
Analytics,11,Bachelors,m,other,1,29,3.0,2,0,0,85
Operations,2,Bachelors,f,sourcing,1,46,4.0,5,1,0,58
Sales & Marketing,22,Masters & above,m,other,1,31,3.0,3,0,0,52
Procurement,15,Masters & above,f,sourcing,1,36,5.0,4,0,0,71
Sales & Marketing,19,Bachelors,m,other,1,39,2.0,9,0,0,50
HR,2,Bachelors,m,sourcing,1,25,5.0,3,1,0,47
Analytics,22,Bachelors,m,referred,2,28,5.0,2,1,0,90
Technology,31,Bachelors,m,other,1,28,4.0,3,0,0,76
Sales & Marketing,2,Masters & above,m,other,1,53,4.0,7,0,0,52
R&D,8,Masters & above,m,other,1,33,3.0,7,0,0,86
Sales & Marketing,27,Masters & above,m,sourcing,1,54,3.0,6,0,0,50
HR,17,Bachelors,m,sourcing,1,28,5.0,3,1,0,50
Procurement,2,Masters & above,f,sourcing,1,41,4.0,11,1,0,71
HR,7,Below Secondary,m,sourcing,1,26,5.0,4,1,0,48
Operations,15,Masters & above,m,other,1,46,5.0,14,1,0,57
Sales & Marketing,2,Bachelors,m,sourcing,1,37,3.0,8,1,0,46
Procurement,22,Bachelors,m,sourcing,2,28,4.0,4,1,0,71
Sales & Marketing,16,Bachelors,m,other,1,45,4.0,6,0,0,54
Sales & Marketing,22,Bachelors,m,other,4,30,1.0,2,0,0,50
Analytics,4,Masters & above,m,other,1,36,3.0,4,1,0,86
Procurement,31,Masters & above,f,other,1,40,4.0,5,1,0,66
Sales & Marketing,23,Bachelors,m,sourcing,1,28,3.0,5,0,0,44
Technology,15,Bachelors,m,other,1,34,2.0,6,0,0,82
Operations,2,Bachelors,m,other,2,27,5.0,5,0,0,77
Sales & Marketing,2,Bachelors,f,other,1,44,4.0,2,0,0,66
Sales & Marketing,20,Masters & above,m,other,1,30,5.0,5,0,0,46
Operations,11,Masters & above,m,other,2,37,4.0,4,1,0,55
HR,2,Masters & above,f,sourcing,1,47,3.0,8,0,0,48
Sales & Marketing,23,Bachelors,m,other,1,38,4.0,10,1,0,51
Sales & Marketing,12,Bachelors,m,sourcing,1,27,2.0,4,0,0,50
Technology,2,Bachelors,m,sourcing,1,35,1.0,5,0,0,80
Sales & Marketing,5,Masters & above,m,sourcing,1,43,5.0,11,0,0,52
Sales & Marketing,7,Bachelors,m,other,1,47,3.0,6,0,0,49
Analytics,16,Bachelors,m,other,1,30,3.0,8,0,0,83
Finance,2,Bachelors,m,other,3,29,2.0,3,0,0,61
Operations,26,Masters & above,m,sourcing,1,43,2.0,13,0,0,61
Operations,2,Bachelors,f,other,1,48,5.0,17,0,1,94
Procurement,27,Bachelors,m,other,1,43,5.0,5,0,0,73
Sales & Marketing,24,Masters & above,m,other,1,38,3.0,9,0,0,49
Procurement,2,Bachelors,f,other,1,36,3.0,4,0,0,65
HR,2,Bachelors,f,sourcing,1,34,5.0,3,0,0,50
Sales & Marketing,32,Bachelors,m,referred,1,28,5.0,5,0,0,48
Sales & Marketing,32,Bachelors,m,sourcing,1,26,3.0,2,0,0,50
Sales & Marketing,4,Bachelors,m,sourcing,1,31,5.0,10,1,0,50
Sales & Marketing,23,Masters & above,f,sourcing,1,40,1.0,7,1,0,51
Sales & Marketing,27,Bachelors,m,sourcing,1,36,3.0,10,0,0,50
Technology,2,Bachelors,m,referred,3,26,5.0,3,1,0,82
Technology,14,Bachelors,f,other,1,31,1.0,6,0,0,84
Procurement,7,Masters & above,f,other,1,37,3.0,9,1,1,73
Operations,29,Bachelors,m,sourcing,1,28,4.0,2,1,0,61
Technology,26,Bachelors,f,sourcing,1,37,3.0,9,0,0,77
Sales & Marketing,22,Masters & above,m,sourcing,1,52,3.0,11,0,0,48
Operations,22,Masters & above,m,other,1,39,4.0,15,0,0,62
Procurement,17,Masters & above,f,other,1,56,3.0,4,1,0,74
Sales & Marketing,25,Masters & above,m,other,1,35,3.0,6,1,0,54
Sales & Marketing,23,Bachelors,m,other,4,38,1.0,8,0,0,48
Sales & Marketing,2,Bachelors,m,other,3,32,3.0,6,0,0,52
Technology,26,Bachelors,f,referred,1,25,5.0,3,1,0,80
Sales & Marketing,33,Masters & above,m,sourcing,1,37,2.0,11,0,0,51
Operations,11,Bachelors,f,sourcing,1,32,1.0,3,0,0,57
Operations,13,Bachelors,f,other,1,33,4.0,7,1,0,60
Sales & Marketing,2,Bachelors,f,sourcing,1,38,5.0,8,1,0,52
HR,7,Masters & above,f,sourcing,1,48,5.0,4,1,0,47
Analytics,4,Masters & above,m,other,1,31,3.0,3,1,0,87
Sales & Marketing,28,Bachelors,m,sourcing,1,32,4.0,5,0,0,48
Sales & Marketing,20,Masters & above,m,other,1,37,3.0,11,0,0,48
Sales & Marketing,16,Bachelors,m,sourcing,1,47,3.0,7,0,0,55
Finance,32,Bachelors,f,sourcing,1,30,2.0,6,0,0,56
R&D,7,Masters & above,m,other,4,36,5.0,3,1,0,84
Procurement,2,Bachelors,f,other,1,53,2.0,15,0,0,67
Sales & Marketing,15,Masters & above,m,other,1,39,1.0,4,0,0,53
Finance,28,Bachelors,m,sourcing,1,29,5.0,3,1,0,60
HR,2,Bachelors,f,referred,1,32,5.0,7,1,0,50
Procurement,5,Bachelors,f,other,1,37,3.0,5,1,0,71
Sales & Marketing,33,Bachelors,m,other,1,27,2.0,4,0,0,49
HR,7,Bachelors,m,other,1,33,4.0,5,1,0,50
Procurement,15,Bachelors,f,sourcing,2,31,3.0,7,0,0,67
Procurement,16,Bachelors,m,other,2,36,3.0,2,0,0,67
Operations,1,Bachelors,f,sourcing,3,27,1.0,2,1,0,65
Operations,26,Masters & above,f,other,1,40,5.0,8,0,0,63
Sales & Marketing,2,Bachelors,m,other,1,31,5.0,5,1,0,47
Procurement,2,Masters & above,f,sourcing,1,59,2.0,7,0,1,69
Technology,26,Masters & above,f,other,1,39,3.0,4,1,0,84
Operations,7,Bachelors,m,other,1,52,4.0,24,0,0,58
Sales & Marketing,26,Masters & above,m,sourcing,1,40,3.0,10,0,0,51
HR,22,Bachelors,m,other,1,35,3.0,8,0,0,49
R&D,11,Bachelors,m,sourcing,3,32,5.0,6,0,0,85
Procurement,5,Bachelors,m,sourcing,3,28,3.0,6,0,0,66
HR,2,Bachelors,f,sourcing,1,39,3.0,13,0,0,54
Procurement,15,Bachelors,m,sourcing,1,31,1.0,5,0,0,74
Operations,5,Bachelors,f,other,1,38,5.0,10,1,0,57
Sales & Marketing,21,Bachelors,f,sourcing,1,31,3.0,6,1,0,52
Analytics,2,Bachelors,m,sourcing,2,34,5.0,8,0,0,89
Analytics,14,Bachelors,m,other,1,29,4.0,5,0,0,85
Sales & Marketing,29,Bachelors,m,other,2,43,3.0,12,0,0,52
Operations,31,Masters & above,f,other,1,41,3.0,11,1,0,64
Sales & Marketing,31,Bachelors,m,sourcing,1,28,5.0,2,1,0,53
Sales & Marketing,22,Bachelors,m,sourcing,1,43,1.0,14,0,0,50
Procurement,2,Bachelors,f,sourcing,1,29,2.0,6,0,0,68
Sales & Marketing,20,Bachelors,m,other,1,31,1.0,7,0,0,55
Technology,24,Bachelors,f,other,2,28,3.0,3,1,0,81
Sales & Marketing,30,Bachelors,m,sourcing,1,39,5.0,5,1,0,49
Technology,11,Bachelors,f,other,1,35,2.0,8,0,0,82
Operations,27,Bachelors,f,other,1,45,3.0,4,0,0,56
Sales & Marketing,22,Bachelors,m,sourcing,2,37,1.0,4,0,0,51
Sales & Marketing,24,Masters & above,m,other,1,31,1.0,4,1,0,52
Sales & Marketing,28,Masters & above,f,sourcing,1,31,4.0,5,0,0,48
Sales & Marketing,3,Bachelors,m,other,2,30,2.0,2,0,0,52
Operations,27,Bachelors,m,other,1,41,3.0,2,1,0,57
Procurement,34,Bachelors,m,other,1,28,2.0,1,0,0,70
Procurement,2,Bachelors,m,other,1,55,1.0,6,1,0,68
Operations,13,Masters & above,m,other,1,39,4.0,6,0,0,63
Sales & Marketing,2,Bachelors,m,other,1,28,4.0,5,0,0,48
Sales & Marketing,11,Bachelors,m,other,1,49,4.0,7,1,0,45
Technology,2,Masters & above,f,other,1,47,1.0,15,0,0,79
Sales & Marketing,9,Bachelors,m,other,1,33,3.0,7,0,0,51
Operations,2,Bachelors,f,sourcing,2,30,2.0,7,1,0,61
Technology,11,Bachelors,m,sourcing,1,32,3.0,4,1,0,77
Sales & Marketing,11,Bachelors,m,other,1,35,4.0,10,0,0,53
Analytics,2,Bachelors,m,other,1,33,4.0,3,1,0,83
Operations,2,Bachelors,m,sourcing,1,39,4.0,3,0,0,61
Sales & Marketing,2,Bachelors,m,other,1,31,4.0,5,1,0,58
Sales & Marketing,28,Masters & above,m,other,1,45,5.0,7,1,0,49
Sales & Marketing,15,Bachelors,f,sourcing,1,41,1.0,7,1,0,47
Technology,8,Bachelors,m,sourcing,1,30,3.0,5,0,0,81
Analytics,13,Masters & above,m,sourcing,1,31,1.0,4,0,0,87
Sales & Marketing,7,Masters & above,f,sourcing,1,34,1.0,7,0,0,50
Analytics,4,Masters & above,m,sourcing,1,33,4.0,7,1,0,83
Sales & Marketing,15,Bachelors,m,sourcing,1,28,4.0,5,0,0,47
Analytics,29,Masters & above,m,other,1,31,5.0,6,0,0,87
Analytics,7,Masters & above,m,other,1,44,4.0,4,1,0,85
Sales & Marketing,2,Bachelors,m,sourcing,2,53,5.0,4,0,0,54
Sales & Marketing,1,Masters & above,m,sourcing,1,30,2.0,2,0,0,49
Operations,31,Bachelors,m,sourcing,2,30,3.0,4,1,0,61
R&D,10,Masters & above,m,sourcing,1,32,3.0,6,0,0,81
Sales & Marketing,1,Masters & above,m,other,2,32,3.0,5,1,0,48
Operations,8,Masters & above,f,other,1,36,3.0,3,0,0,57
Sales & Marketing,17,Bachelors,m,other,1,44,2.0,7,0,0,51
HR,28,Bachelors,f,sourcing,1,34,4.0,7,0,0,45
Sales & Marketing,31,Masters & above,m,other,1,41,1.0,5,0,0,53
Finance,16,Bachelors,m,other,1,31,5.0,5,1,0,62
Operations,2,Masters & above,m,other,1,54,3.0,11,0,0,57
Technology,27,Masters & above,m,other,1,46,4.0,7,1,0,79
Sales & Marketing,27,Bachelors,m,other,2,29,1.0,5,0,0,51
Sales & Marketing,15,Bachelors,m,sourcing,1,46,3.0,19,0,0,51
Sales & Marketing,19,Bachelors,m,sourcing,1,32,1.0,6,0,0,50
Procurement,31,Bachelors,f,sourcing,1,37,3.0,7,0,0,72
HR,24,Bachelors,f,sourcing,1,27,3.0,5,0,0,50
Analytics,1,Masters & above,m,other,2,37,3.0,5,1,0,85
R&D,22,Bachelors,m,other,2,30,2.0,3,1,0,81
Sales & Marketing,22,Bachelors,m,other,1,29,5.0,2,0,0,51
Sales & Marketing,2,Masters & above,m,other,1,31,5.0,4,0,0,49
Sales & Marketing,13,Masters & above,m,other,1,56,5.0,16,0,0,51
Procurement,5,Bachelors,m,sourcing,3,25,5.0,2,1,0,70
Procurement,2,Bachelors,m,other,1,50,1.0,20,0,0,70
Sales & Marketing,26,Bachelors,m,other,1,39,3.0,4,0,0,49
Sales & Marketing,27,Bachelors,m,other,3,30,1.0,4,0,0,52
Sales & Marketing,7,Bachelors,m,sourcing,1,32,1.0,6,0,0,51
Analytics,32,Bachelors,m,sourcing,1,35,2.0,3,0,0,82
Analytics,2,Masters & above,m,sourcing,1,46,4.0,5,1,0,84
Sales & Marketing,29,Masters & above,m,sourcing,1,31,2.0,2,1,1,50
Operations,16,Masters & above,m,other,1,49,4.0,11,0,0,54
Operations,2,Bachelors,f,other,1,30,5.0,8,1,0,62
Analytics,2,Bachelors,m,sourcing,2,27,5.0,2,0,0,85
Procurement,20,Bachelors,m,other,1,35,4.0,6,1,0,66
Procurement,2,Masters & above,m,other,5,40,4.0,10,0,0,65
Sales & Marketing,32,Masters & above,m,other,1,28,3.0,4,0,0,49
Sales & Marketing,7,Bachelors,m,sourcing,1,51,5.0,20,1,0,46
HR,2,Bachelors,m,sourcing,1,33,5.0,6,1,0,56
Technology,27,Bachelors,m,sourcing,1,27,3.0,3,1,0,78
Finance,15,Bachelors,m,other,1,30,3.0,2,1,0,63
Operations,29,Bachelors,m,sourcing,1,30,3.0,3,1,0,59
Finance,4,Masters & above,m,other,1,40,4.0,3,1,0,61
Sales & Marketing,2,Bachelors,f,sourcing,2,29,5.0,4,1,0,48
Technology,2,Bachelors,f,sourcing,1,28,4.0,2,1,0,77
Operations,14,Bachelors,m,other,1,38,3.0,10,0,0,57
Analytics,26,Bachelors,m,sourcing,1,30,5.0,4,1,0,85
Analytics,11,Bachelors,m,sourcing,2,31,3.0,4,0,0,82
Sales & Marketing,7,Bachelors,m,other,2,30,5.0,3,0,0,63
Procurement,22,Masters & above,m,other,1,32,4.0,4,1,0,69
Sales & Marketing,4,Masters & above,m,sourcing,1,39,5.0,4,0,0,50
Procurement,11,Bachelors,f,sourcing,1,32,3.0,7,1,0,70
Operations,15,Bachelors,m,sourcing,2,44,5.0,6,1,0,55
Procurement,31,Masters & above,m,other,1,38,3.0,10,0,0,67
Sales & Marketing,15,Bachelors,f,other,1,30,5.0,6,1,0,51
Procurement,2,Bachelors,f,other,1,40,4.0,14,1,0,71
Technology,2,Bachelors,m,sourcing,1,37,3.0,3,1,0,75
Sales & Marketing,1,Masters & above,m,other,1,41,5.0,10,1,0,52
Sales & Marketing,4,Masters & above,m,sourcing,1,46,4.0,21,0,0,54
Operations,2,Bachelors,m,other,2,36,4.0,7,0,0,60
Operations,20,Masters & above,f,other,1,40,5.0,12,1,0,63
Legal,22,Bachelors,m,sourcing,2,29,3.0,6,0,0,55
Procurement,28,Masters & above,m,sourcing,2,34,3.0,10,0,0,66
Procurement,15,Masters & above,f,sourcing,1,34,5.0,6,0,0,68
Technology,7,Masters & above,f,other,1,46,4.0,5,1,0,79
Technology,13,Bachelors,f,sourcing,1,30,3.0,3,0,0,78
Sales & Marketing,28,Masters & above,m,other,2,39,3.0,10,0,0,50
Legal,22,Masters & above,m,other,1,34,5.0,6,1,0,61
Finance,28,Bachelors,m,other,1,28,3.0,2,1,0,60
Operations,4,Bachelors,m,sourcing,1,44,5.0,15,0,0,62
Procurement,33,Bachelors,m,sourcing,1,31,5.0,4,1,0,70
Finance,22,Bachelors,m,other,1,28,3.0,2,1,0,60
Procurement,2,Masters & above,f,sourcing,1,37,5.0,4,1,0,71
Procurement,22,Masters & above,m,other,1,39,4.0,13,0,0,72
Sales & Marketing,2,Bachelors,m,other,1,30,2.0,4,0,0,52
Procurement,7,Bachelors,m,other,2,27,3.0,3,0,0,72
Operations,6,Bachelors,m,other,1,28,3.0,4,0,0,61
Operations,4,Masters & above,m,other,3,38,3.0,8,1,0,56
Analytics,28,Masters & above,m,sourcing,1,30,5.0,5,1,0,87
Procurement,13,Masters & above,m,sourcing,1,39,4.0,8,1,0,69
Sales & Marketing,7,Bachelors,f,other,2,30,1.0,5,0,0,48
Procurement,2,Bachelors,f,sourcing,2,25,3.0,2,1,0,66
Finance,22,Masters & above,m,sourcing,1,33,4.0,6,0,0,58
Operations,13,Bachelors,f,other,2,34,4.0,9,1,0,65
Sales & Marketing,2,Masters & above,f,other,1,56,5.0,16,0,0,97
Analytics,2,Bachelors,m,other,1,45,3.0,12,0,0,83
Sales & Marketing,28,Bachelors,m,sourcing,1,30,2.0,6,0,0,49
Sales & Marketing,26,Bachelors,m,other,1,27,1.0,3,0,0,51
Operations,2,Bachelors,m,sourcing,1,52,5.0,17,1,0,58
Legal,22,Bachelors,m,other,1,32,4.0,3,0,0,58
Sales & Marketing,10,Bachelors,m,sourcing,1,28,3.0,1,0,0,47
Analytics,29,Bachelors,f,sourcing,2,30,4.0,4,0,0,86
Technology,5,Masters & above,f,other,1,33,1.0,9,0,0,77
Sales & Marketing,7,Masters & above,m,other,1,33,2.0,6,0,0,50
Procurement,19,Bachelors,f,other,1,36,3.0,10,0,0,65
Operations,7,Bachelors,f,other,1,42,4.0,4,0,0,63
Operations,8,Bachelors,m,sourcing,1,28,5.0,3,0,1,64
HR,15,Bachelors,f,other,1,30,4.0,3,0,0,51
Finance,2,Bachelors,m,sourcing,1,59,5.0,6,1,0,57
Operations,22,Bachelors,m,sourcing,1,46,5.0,6,0,0,61
Analytics,32,Bachelors,m,sourcing,1,29,4.0,2,0,0,86
Operations,2,Bachelors,m,other,1,60,4.0,5,0,0,53
Operations,2,Masters & above,f,sourcing,1,43,5.0,6,0,0,57
R&D,10,Masters & above,m,sourcing,2,32,3.0,6,0,0,82
Sales & Marketing,15,Bachelors,m,sourcing,1,43,5.0,17,0,0,47
Operations,15,Bachelors,f,other,1,37,1.0,10,0,0,57
Sales & Marketing,2,Bachelors,f,other,1,33,5.0,10,0,0,48
Technology,2,Bachelors,f,other,1,33,3.0,5,0,0,81
Procurement,8,Bachelors,m,other,1,29,5.0,3,1,0,69
Operations,2,Bachelors,f,other,1,41,5.0,4,0,0,73
Technology,2,Bachelors,m,referred,1,33,4.0,3,0,0,76
HR,2,Bachelors,m,sourcing,1,31,3.0,9,0,0,48
Operations,7,Bachelors,m,other,1,34,1.0,4,0,0,60
Finance,7,Bachelors,m,sourcing,1,33,3.0,9,0,0,60
Sales & Marketing,28,Bachelors,m,sourcing,2,35,3.0,8,0,0,48
Operations,31,Masters & above,f,sourcing,2,36,3.0,7,1,0,59
Sales & Marketing,2,Bachelors,m,sourcing,1,42,1.0,12,0,0,51
Sales & Marketing,32,Bachelors,m,sourcing,1,32,4.0,7,0,0,47
Technology,26,Masters & above,m,sourcing,1,34,2.0,10,0,0,76
Procurement,13,Bachelors,f,other,1,28,4.0,2,1,0,69
Technology,2,Bachelors,m,sourcing,1,31,4.0,7,0,0,84
Finance,26,Bachelors,m,sourcing,1,34,5.0,5,0,0,60
Technology,26,Bachelors,m,other,1,36,1.0,10,0,0,76
Operations,6,Bachelors,m,other,1,36,4.0,10,0,0,63
Sales & Marketing,11,Bachelors,m,sourcing,4,31,3.0,8,0,0,48
Operations,8,Masters & above,m,other,1,45,3.0,15,0,0,58
Sales & Marketing,7,Bachelors,m,other,2,44,3.0,7,1,0,50
Sales & Marketing,19,Masters & above,m,other,2,35,2.0,6,0,0,46
Technology,11,Bachelors,f,sourcing,1,33,4.0,3,1,0,78
Operations,19,Bachelors,f,sourcing,1,41,4.0,10,1,0,57
Analytics,11,Bachelors,m,other,1,31,5.0,4,0,0,84
R&D,15,Bachelors,m,other,1,28,5.0,2,0,0,84
R&D,4,Bachelors,m,other,1,38,5.0,7,1,0,88
Legal,26,Masters & above,m,other,1,34,3.0,6,0,0,57
Sales & Marketing,26,Bachelors,m,other,1,30,1.0,5,0,0,48
Legal,13,Bachelors,m,other,1,32,4.0,3,1,0,57
Sales & Marketing,26,Bachelors,m,other,1,29,5.0,2,1,0,48
Finance,13,Bachelors,m,other,1,32,3.0,7,1,0,60
Finance,2,Bachelors,m,other,2,27,2.0,4,0,0,63
Operations,2,Bachelors,m,sourcing,2,34,4.0,6,1,0,59
Sales & Marketing,22,Masters & above,m,sourcing,1,44,2.0,3,0,0,51
Analytics,34,Bachelors,m,sourcing,1,32,3.0,4,1,0,87
Sales & Marketing,2,Masters & above,f,other,1,42,5.0,4,1,0,50
Operations,22,Bachelors,f,sourcing,1,27,3.0,4,1,0,61
Sales & Marketing,25,Bachelors,m,other,3,31,1.0,3,0,0,48
Sales & Marketing,2,Bachelors,f,other,1,50,4.0,3,0,0,46
Sales & Marketing,13,Masters & above,m,other,1,38,2.0,10,0,0,49
Sales & Marketing,31,Bachelors,m,sourcing,1,23,1.0,2,1,0,49
HR,13,Bachelors,m,other,1,32,3.0,7,0,0,51
Operations,4,Masters & above,m,other,1,36,5.0,6,1,0,60
Analytics,34,Bachelors,m,other,2,34,1.0,7,0,0,84
Sales & Marketing,1,Masters & above,m,sourcing,1,33,2.0,8,0,0,50
Operations,2,Bachelors,m,other,1,38,4.0,2,0,0,55
Analytics,2,Bachelors,m,sourcing,2,27,2.0,6,0,0,86
Operations,2,Masters & above,m,sourcing,1,55,5.0,5,1,0,62
Operations,2,Bachelors,f,other,1,31,4.0,3,1,0,62
Operations,19,Bachelors,m,sourcing,1,31,5.0,8,0,0,57
HR,13,Masters & above,m,other,2,38,5.0,2,0,0,48
Operations,2,Masters & above,f,sourcing,1,55,5.0,6,1,0,59
Operations,23,Bachelors,m,sourcing,1,31,4.0,3,1,0,59
Operations,22,Bachelors,m,sourcing,2,32,5.0,6,1,0,54
Technology,2,Bachelors,m,other,2,35,5.0,3,0,0,84
Sales & Marketing,28,Bachelors,m,sourcing,1,36,5.0,3,1,0,52
Sales & Marketing,31,Bachelors,m,other,1,45,3.0,4,0,0,47
Sales & Marketing,2,Masters & above,m,other,4,47,1.0,16,0,0,50
Sales & Marketing,28,Masters & above,m,sourcing,1,32,2.0,7,0,0,49
Operations,5,Bachelors,m,other,1,31,5.0,7,0,0,61
Operations,2,Masters & above,f,sourcing,1,34,5.0,10,1,0,63
Sales & Marketing,11,Bachelors,m,sourcing,2,30,5.0,3,0,0,48
Sales & Marketing,15,Masters & above,m,sourcing,3,32,1.0,5,0,0,51
Sales & Marketing,2,Bachelors,m,sourcing,1,41,5.0,8,1,0,52
Operations,2,Masters & above,f,other,1,37,2.0,10,0,0,58
Sales & Marketing,17,Bachelors,m,sourcing,1,37,5.0,10,1,0,48
R&D,26,Bachelors,m,sourcing,2,31,5.0,4,1,0,84
Operations,7,Bachelors,m,sourcing,1,30,5.0,8,1,0,59
Procurement,11,Bachelors,f,sourcing,1,30,2.0,2,0,0,67
Operations,2,Bachelors,m,sourcing,1,33,1.0,3,1,0,61
Sales & Marketing,13,Bachelors,m,sourcing,1,34,5.0,5,0,0,54
Operations,15,Masters & above,f,other,1,37,3.0,4,0,0,61
Sales & Marketing,2,Bachelors,f,sourcing,1,31,1.0,3,0,0,51
Technology,7,Masters & above,f,sourcing,1,31,3.0,7,0,0,81
Sales & Marketing,31,Masters & above,f,sourcing,1,33,3.0,3,0,0,50
Analytics,22,Bachelors,m,sourcing,2,31,5.0,6,1,0,84
Sales & Marketing,13,Bachelors,m,sourcing,1,34,1.0,7,0,0,52
Technology,13,Bachelors,m,other,2,40,5.0,7,0,0,82
Sales & Marketing,23,Masters & above,m,sourcing,1,46,3.0,7,1,0,51
Technology,2,Bachelors,f,other,2,28,1.0,4,0,0,81
HR,7,Bachelors,m,sourcing,1,28,5.0,4,1,0,51
Legal,22,Bachelors,m,sourcing,3,39,4.0,4,1,0,59
Sales & Marketing,30,Bachelors,m,other,1,33,1.0,6,0,0,49
Finance,31,Bachelors,m,sourcing,2,34,3.0,8,0,0,59
Sales & Marketing,16,Masters & above,m,other,1,58,3.0,3,1,0,48
Analytics,2,Masters & above,m,other,1,36,3.0,11,1,0,80
Procurement,26,Bachelors,m,other,1,37,3.0,7,0,0,73
Sales & Marketing,22,Bachelors,m,sourcing,2,37,3.0,2,1,0,45
Sales & Marketing,28,Bachelors,m,other,2,33,3.0,2,0,0,50
HR,2,Bachelors,m,other,1,40,3.0,7,0,0,45
Analytics,22,Bachelors,m,sourcing,1,29,2.0,5,1,0,84
Technology,26,Masters & above,f,sourcing,2,36,3.0,8,0,0,80
Analytics,22,Masters & above,m,sourcing,1,33,4.0,8,1,0,86
Operations,27,Bachelors,f,other,1,36,4.0,7,1,1,74
Finance,27,Bachelors,m,other,1,37,3.0,2,1,0,58
Technology,2,Bachelors,m,other,1,29,4.0,4,0,0,79
Operations,22,Bachelors,m,other,1,33,3.0,5,1,0,56
Sales & Marketing,4,Bachelors,m,other,1,31,5.0,3,0,0,49
Sales & Marketing,2,Bachelors,f,sourcing,1,49,5.0,9,0,0,54
Procurement,2,Bachelors,f,other,1,28,5.0,2,1,0,72
Sales & Marketing,27,Bachelors,m,other,4,29,1.0,4,0,0,53
Procurement,8,Masters & above,f,other,1,39,5.0,3,1,0,67
Technology,31,Bachelors,f,other,1,31,3.0,3,0,0,83
Sales & Marketing,7,Bachelors,m,other,1,30,2.0,4,0,0,51
Finance,2,Masters & above,m,other,1,41,3.0,7,1,0,57
Sales & Marketing,15,Masters & above,m,other,1,30,1.0,3,0,1,47
Technology,17,Bachelors,f,sourcing,1,33,3.0,6,0,0,78
Sales & Marketing,2,Bachelors,m,referred,1,33,3.0,6,1,0,87
Operations,26,Bachelors,m,sourcing,1,25,3.0,2,1,0,62
Procurement,23,Masters & above,m,other,1,32,3.0,7,0,0,68
Sales & Marketing,14,Bachelors,m,other,1,38,3.0,3,0,0,49
Sales & Marketing,13,Bachelors,f,sourcing,1,30,1.0,5,1,0,47
Sales & Marketing,2,Bachelors,m,other,1,52,3.0,4,0,0,46
Procurement,17,Bachelors,m,other,1,31,3.0,3,1,0,70
Analytics,13,Bachelors,m,other,2,27,3.0,3,1,0,88
Sales & Marketing,28,Masters & above,m,sourcing,4,34,3.0,4,0,0,49
Sales & Marketing,2,Masters & above,f,sourcing,1,46,3.0,11,0,0,57
Sales & Marketing,2,Bachelors,m,sourcing,1,20,3.0,2,0,0,51
Technology,26,Bachelors,f,other,1,38,4.0,5,0,0,83
Sales & Marketing,2,Masters & above,m,sourcing,2,39,5.0,2,0,0,47
Operations,5,Bachelors,m,other,1,34,5.0,3,0,1,56
Procurement,5,Bachelors,m,other,1,37,5.0,8,0,0,67
Procurement,22,Masters & above,f,other,1,33,3.0,5,0,0,67
Operations,14,Bachelors,f,sourcing,2,32,4.0,5,1,0,54
Operations,22,Masters & above,f,sourcing,2,34,3.0,9,0,0,58
Sales & Marketing,13,Bachelors,f,other,1,24,1.0,2,0,0,50
Procurement,13,Bachelors,m,other,2,29,3.0,3,1,0,72
Analytics,7,Bachelors,m,sourcing,1,37,1.0,8,0,0,85
Analytics,13,Masters & above,m,other,1,39,4.0,9,0,0,84
Legal,27,Below Secondary,m,sourcing,1,27,5.0,2,1,0,56
HR,21,Bachelors,m,sourcing,1,30,4.0,9,1,0,44
Operations,28,Masters & above,f,sourcing,1,39,3.0,4,0,0,57
R&D,2,Bachelors,m,sourcing,1,45,5.0,6,1,0,84
Operations,6,Bachelors,f,other,1,24,5.0,2,1,0,64
Procurement,15,Masters & above,m,other,1,44,5.0,2,1,0,70
Sales & Marketing,16,Bachelors,m,other,1,35,4.0,8,0,0,50
Operations,2,Bachelors,m,sourcing,1,30,5.0,3,0,0,61
Technology,33,Masters & above,m,sourcing,1,40,3.0,15,0,0,76
Sales & Marketing,12,Bachelors,m,other,2,28,3.0,5,0,0,46
Operations,3,Masters & above,f,sourcing,1,33,5.0,6,1,0,59
Procurement,19,Masters & above,m,other,1,45,4.0,17,0,0,72
Technology,7,Masters & above,f,other,1,40,3.0,7,1,0,81
Sales & Marketing,22,Bachelors,m,other,1,51,4.0,13,0,0,49
Sales & Marketing,2,Bachelors,m,other,1,23,5.0,2,1,0,47
Sales & Marketing,15,Masters & above,m,other,1,38,2.0,10,0,0,51
Sales & Marketing,31,Bachelors,f,sourcing,1,32,3.0,3,0,0,49
Sales & Marketing,13,Bachelors,m,sourcing,1,26,4.0,2,1,0,51
Operations,2,Bachelors,f,sourcing,1,35,5.0,7,1,0,58
Operations,15,Bachelors,f,other,1,41,2.0,5,0,0,60
Procurement,20,Masters & above,m,sourcing,1,40,3.0,5,0,0,68
Operations,13,Masters & above,f,sourcing,2,49,5.0,20,1,0,60
Technology,22,Masters & above,m,sourcing,1,56,3.0,17,0,0,82
Operations,10,Bachelors,m,other,1,32,5.0,2,1,0,56
HR,22,Bachelors,f,other,1,28,3.0,3,0,0,54
Sales & Marketing,10,Bachelors,m,other,1,41,3.0,11,0,0,48
Procurement,6,Bachelors,f,sourcing,1,33,2.0,4,0,0,66
Sales & Marketing,8,Masters & above,m,other,1,31,3.0,5,1,0,52
Procurement,2,Masters & above,f,other,2,36,2.0,3,1,0,65
Finance,13,Bachelors,m,sourcing,1,24,3.0,2,1,0,53
Operations,2,Masters & above,m,other,1,33,4.0,5,1,0,57
Analytics,22,Bachelors,m,referred,1,31,4.0,5,0,0,86
Sales & Marketing,31,Bachelors,m,other,1,44,4.0,3,0,0,49
Operations,2,Bachelors,m,other,1,55,3.0,16,0,0,61
Operations,19,Bachelors,m,other,1,32,1.0,5,1,0,57
Sales & Marketing,17,Bachelors,m,other,1,29,4.0,3,0,1,46
Sales & Marketing,8,Bachelors,m,other,1,34,4.0,3,1,0,46
Operations,23,Bachelors,m,sourcing,1,34,3.0,8,0,0,57
Analytics,2,Bachelors,m,other,1,28,2.0,2,0,0,84
Legal,2,Masters & above,m,other,1,59,5.0,19,1,0,60
Procurement,2,Below Secondary,f,sourcing,2,23,5.0,2,1,0,68
Procurement,2,Masters & above,m,sourcing,1,38,1.0,9,0,0,68
Technology,13,Masters & above,f,sourcing,1,44,3.0,17,0,0,82
Technology,31,Masters & above,m,other,1,46,4.0,14,0,0,80
Procurement,11,Bachelors,m,other,1,30,5.0,4,1,0,68
Sales & Marketing,7,Bachelors,m,sourcing,1,48,1.0,4,0,0,49
Technology,14,Bachelors,f,sourcing,1,41,3.0,11,0,0,78
Operations,20,Bachelors,f,other,1,32,4.0,3,0,0,57
Operations,19,Bachelors,m,sourcing,1,34,5.0,7,0,0,62
Sales & Marketing,16,Bachelors,m,other,1,43,4.0,14,0,0,46
Operations,2,Masters & above,f,sourcing,2,44,3.0,17,0,0,63
Sales & Marketing,24,Bachelors,m,sourcing,1,24,1.0,2,0,0,47
Sales & Marketing,28,Masters & above,m,other,2,38,3.0,8,0,0,51
Analytics,22,Bachelors,f,other,3,27,1.0,5,0,0,90
Technology,22,Bachelors,m,other,1,30,1.0,5,0,0,83
Sales & Marketing,1,Masters & above,f,sourcing,2,33,5.0,8,0,0,53
Operations,22,Bachelors,f,other,1,30,4.0,7,1,0,63
Operations,4,Bachelors,m,other,1,29,5.0,7,1,0,58
Procurement,2,Bachelors,f,other,2,34,1.0,5,0,0,70
Finance,15,Masters & above,m,sourcing,1,35,3.0,9,0,0,58
Operations,21,Bachelors,f,sourcing,1,32,4.0,4,0,0,61
HR,13,Masters & above,m,other,1,37,3.0,9,0,0,51
Sales & Marketing,26,Masters & above,m,sourcing,1,47,3.0,4,0,0,46
Sales & Marketing,20,Bachelors,m,other,3,32,3.0,3,0,0,54
Procurement,2,Masters & above,f,sourcing,1,52,3.0,14,0,0,70
Operations,2,Bachelors,f,sourcing,2,37,3.0,3,0,0,52
Sales & Marketing,22,Bachelors,m,sourcing,3,27,3.0,2,0,0,49
Sales & Marketing,7,Masters & above,f,other,1,31,1.0,4,0,0,50
Technology,2,Masters & above,m,sourcing,1,36,3.0,7,0,0,81
Operations,22,Masters & above,m,referred,1,36,5.0,9,0,0,61
Sales & Marketing,23,Masters & above,m,other,1,34,4.0,10,0,0,47
Finance,7,Masters & above,f,other,1,32,5.0,7,1,0,58
Technology,5,Bachelors,m,other,1,25,1.0,2,0,0,80
Operations,22,Bachelors,f,other,1,42,5.0,5,1,0,58
Procurement,4,Masters & above,m,other,2,37,3.0,3,0,0,73
Operations,11,Bachelors,m,other,1,37,4.0,8,0,0,62
Operations,2,Bachelors,m,other,2,30,5.0,6,1,0,58
Sales & Marketing,13,Masters & above,m,sourcing,1,46,1.0,14,0,0,48
Analytics,1,Masters & above,m,other,1,37,5.0,9,1,0,87
Technology,2,Bachelors,f,other,1,58,4.0,12,0,0,82
Analytics,21,Bachelors,m,other,1,33,4.0,7,0,0,87
Operations,32,Bachelors,f,sourcing,1,41,3.0,9,1,0,60
Procurement,2,Bachelors,m,other,1,51,2.0,5,0,0,70
Procurement,17,Masters & above,m,sourcing,1,52,3.0,8,0,0,71
Operations,23,Bachelors,m,other,1,31,5.0,3,1,0,60
Procurement,26,Masters & above,m,sourcing,1,39,4.0,8,0,0,73
Operations,22,Bachelors,f,other,2,37,4.0,7,1,0,63
Sales & Marketing,9,Masters & above,m,other,1,37,3.0,4,0,0,50
Analytics,23,Bachelors,m,other,1,30,5.0,4,0,0,82
Sales & Marketing,9,Bachelors,m,sourcing,1,29,3.0,5,0,0,52
Technology,8,Bachelors,m,sourcing,2,28,3.0,4,0,0,79
Sales & Marketing,2,Bachelors,m,other,1,59,1.0,2,0,0,52
Operations,7,Masters & above,m,sourcing,1,46,4.0,3,0,0,60
Procurement,17,Bachelors,f,other,1,29,4.0,9,1,0,69
Analytics,9,Bachelors,m,other,2,32,5.0,7,1,0,80
Operations,15,Bachelors,m,other,1,33,3.0,5,1,0,60
Analytics,28,Bachelors,m,other,1,30,3.0,4,0,0,86
R&D,4,Masters & above,m,sourcing,2,43,5.0,13,1,0,87
HR,2,Masters & above,f,sourcing,1,46,3.0,3,0,0,50
HR,2,Masters & above,f,other,1,53,3.0,8,0,0,51
Sales & Marketing,3,Bachelors,m,other,1,32,5.0,3,1,0,51
Operations,2,Bachelors,f,other,2,43,3.0,5,1,0,60
Operations,2,Masters & above,f,other,1,33,3.0,9,1,0,63
Operations,2,Masters & above,f,sourcing,1,46,1.0,14,1,0,56
Technology,33,Bachelors,f,other,1,44,5.0,7,1,0,78
Technology,7,Bachelors,f,referred,1,30,4.0,4,0,0,77
Sales & Marketing,2,Bachelors,m,sourcing,1,31,4.0,6,1,0,46
R&D,7,Masters & above,m,sourcing,1,37,5.0,4,1,1,87
Operations,7,Bachelors,m,sourcing,1,53,3.0,6,0,0,60
Sales & Marketing,2,Masters & above,m,sourcing,2,36,1.0,10,0,0,52
Sales & Marketing,8,Masters & above,m,other,1,42,1.0,3,0,0,49
Sales & Marketing,13,Bachelors,m,other,2,33,5.0,7,0,0,47
Analytics,22,Bachelors,m,other,1,29,2.0,2,0,0,84
Sales & Marketing,2,Bachelors,f,sourcing,1,42,4.0,10,0,0,45
Sales & Marketing,22,Masters & above,m,other,1,32,1.0,6,0,0,50
Sales & Marketing,6,Bachelors,m,sourcing,1,30,4.0,4,0,0,46
Sales & Marketing,23,Masters & above,m,other,3,41,1.0,5,0,0,49
Operations,27,Bachelors,m,sourcing,1,33,4.0,4,0,0,53
Operations,4,Masters & above,m,other,1,35,4.0,5,0,0,60
Procurement,2,Bachelors,m,sourcing,1,43,2.0,6,1,0,67
Procurement,2,Bachelors,m,other,3,30,1.0,8,0,0,70
Sales & Marketing,13,Bachelors,f,other,2,31,1.0,5,0,0,51
Sales & Marketing,7,Masters & above,f,sourcing,1,33,5.0,8,1,0,51
Sales & Marketing,27,Bachelors,f,other,1,31,5.0,5,1,0,54
Technology,16,Bachelors,m,other,1,32,3.0,2,0,0,77
Operations,31,Bachelors,m,other,1,40,3.0,12,0,0,59
Technology,26,Bachelors,f,other,1,33,3.0,7,0,0,80
Operations,15,Bachelors,m,referred,2,35,3.0,7,1,0,60
Technology,2,Bachelors,m,sourcing,1,58,4.0,17,1,0,77
Operations,14,Bachelors,m,sourcing,1,40,3.0,4,0,0,59
Technology,2,Bachelors,f,sourcing,2,38,3.0,10,0,0,81
Operations,32,Bachelors,m,sourcing,1,26,3.0,3,0,0,57
Operations,7,Bachelors,m,sourcing,1,44,3.0,16,1,0,62
Sales & Marketing,1,Bachelors,m,other,2,31,1.0,8,0,0,47
R&D,7,Bachelors,m,other,1,33,3.0,6,0,0,80
Sales & Marketing,7,Bachelors,m,sourcing,1,36,1.0,8,0,0,51
Sales & Marketing,7,Bachelors,m,sourcing,1,32,4.0,5,1,0,52
Operations,31,Bachelors,f,other,1,40,4.0,7,0,0,56
Sales & Marketing,25,Bachelors,f,other,1,32,5.0,8,0,0,53
Operations,31,Masters & above,m,sourcing,1,39,4.0,5,0,0,63
Operations,2,Masters & above,f,sourcing,1,56,4.0,15,0,0,63
Technology,2,Below Secondary,f,other,1,24,3.0,2,1,0,84
Technology,4,Masters & above,f,other,1,32,5.0,5,1,0,80
Analytics,34,Bachelors,m,other,1,30,5.0,3,1,0,90
Technology,7,Masters & above,m,sourcing,2,40,5.0,10,1,0,79
Procurement,17,Bachelors,f,other,1,30,4.0,4,1,0,70
Technology,5,Masters & above,m,other,1,47,1.0,7,0,0,76
Operations,13,Bachelors,m,sourcing,1,34,4.0,5,1,0,60
Analytics,7,Masters & above,m,sourcing,2,34,3.0,8,0,0,83
Procurement,20,Masters & above,m,other,1,34,4.0,10,1,0,68
Procurement,13,Bachelors,f,other,1,39,3.0,7,0,0,73
Technology,7,Masters & above,m,sourcing,3,34,3.0,7,0,0,83
Sales & Marketing,34,Bachelors,f,sourcing,1,31,1.0,7,0,0,50
Sales & Marketing,6,Bachelors,f,other,1,28,5.0,6,1,0,54
Analytics,22,Bachelors,f,other,1,33,5.0,3,1,0,82
Sales & Marketing,2,Masters & above,m,other,3,52,3.0,17,0,0,43
Procurement,23,Bachelors,m,other,2,30,3.0,3,0,0,67
Procurement,26,Bachelors,m,other,3,33,4.0,5,1,0,68
Sales & Marketing,20,Bachelors,m,other,3,26,2.0,2,0,0,47
Operations,30,Bachelors,f,other,1,41,3.0,6,0,0,63
Analytics,2,Bachelors,m,other,1,59,4.0,7,0,0,84
Procurement,31,Masters & above,m,sourcing,1,37,3.0,7,0,0,73
R&D,4,Masters & above,m,other,1,34,3.0,7,0,0,86
Procurement,11,Bachelors,m,other,1,27,3.0,2,0,0,69
Technology,2,Masters & above,f,sourcing,1,52,1.0,18,0,0,83
Sales & Marketing,15,Bachelors,m,sourcing,2,45,3.0,3,0,0,52
Sales & Marketing,4,Masters & above,f,sourcing,1,43,5.0,10,0,0,61
Procurement,2,Bachelors,f,other,1,32,2.0,4,0,0,69
Procurement,22,Bachelors,f,sourcing,1,26,3.0,2,0,0,66
Procurement,2,Masters & above,f,other,1,60,2.0,9,0,0,71
Sales & Marketing,2,Bachelors,f,other,1,38,5.0,4,1,0,50
Procurement,20,Bachelors,m,other,2,40,3.0,10,0,0,73
Sales & Marketing,13,Bachelors,m,referred,1,31,5.0,4,1,0,51
Sales & Marketing,7,Bachelors,m,other,1,38,4.0,5,0,0,50
Technology,23,Bachelors,m,other,1,35,5.0,4,1,0,77
Sales & Marketing,4,Masters & above,m,other,1,54,5.0,18,1,0,48
Procurement,6,Bachelors,m,other,2,28,3.0,4,0,0,64
Operations,31,Masters & above,m,other,1,32,3.0,5,0,0,60
HR,26,Bachelors,f,sourcing,1,26,5.0,2,0,0,48
Procurement,10,Masters & above,f,sourcing,1,36,3.0,3,0,0,70
Operations,15,Masters & above,m,sourcing,1,43,5.0,3,0,0,55
Sales & Marketing,7,Bachelors,m,other,1,35,5.0,6,1,0,53
Analytics,7,Masters & above,m,other,1,30,5.0,7,0,0,87
Sales & Marketing,23,Bachelors,m,other,2,37,1.0,8,0,0,54
Sales & Marketing,2,Bachelors,m,other,1,43,4.0,14,0,0,52
Analytics,13,Bachelors,f,sourcing,1,28,4.0,6,0,0,88
Sales & Marketing,15,Masters & above,m,sourcing,1,31,5.0,3,1,0,48
Sales & Marketing,16,Masters & above,f,sourcing,1,34,3.0,2,1,0,49
Sales & Marketing,23,Masters & above,m,sourcing,1,40,3.0,11,0,0,49
Operations,4,Masters & above,m,sourcing,1,48,5.0,6,1,0,63
Sales & Marketing,29,Bachelors,f,other,1,28,3.0,4,0,0,47
Sales & Marketing,20,Bachelors,m,other,1,32,3.0,6,0,0,48
Analytics,2,Bachelors,m,sourcing,2,39,2.0,5,0,0,84
Operations,15,Masters & above,m,other,1,38,4.0,5,1,0,61
Operations,19,Bachelors,f,other,1,36,5.0,4,0,0,55
R&D,27,Bachelors,m,other,1,33,4.0,4,0,0,85
HR,2,Bachelors,f,referred,1,30,4.0,4,0,0,51
Sales & Marketing,2,Masters & above,f,sourcing,1,54,3.0,3,1,0,57
Sales & Marketing,31,Bachelors,m,other,3,31,1.0,3,1,0,43
Finance,7,Bachelors,m,other,2,27,3.0,3,0,0,59
Procurement,26,Bachelors,f,other,1,29,1.0,4,0,0,71
Technology,22,Masters & above,m,sourcing,1,35,5.0,10,1,0,77
Operations,15,Bachelors,m,other,1,46,5.0,18,1,0,59
Sales & Marketing,11,Bachelors,m,sourcing,1,24,3.0,2,0,1,49
Operations,6,Bachelors,f,sourcing,1,49,5.0,4,1,0,62
Procurement,7,Bachelors,m,other,1,38,3.0,5,1,0,65
Sales & Marketing,18,Bachelors,m,sourcing,1,25,5.0,2,0,0,49
Sales & Marketing,7,Bachelors,f,sourcing,1,31,4.0,5,0,0,50
Sales & Marketing,8,Masters & above,m,other,1,41,2.0,13,0,0,47
Sales & Marketing,16,Bachelors,m,other,1,33,3.0,7,0,0,68
Sales & Marketing,6,Bachelors,f,sourcing,1,35,4.0,2,0,0,53
Sales & Marketing,28,Bachelors,f,other,1,28,5.0,2,1,0,51
HR,22,Bachelors,f,sourcing,1,26,2.0,3,0,0,50
Analytics,2,Masters & above,m,sourcing,1,45,5.0,17,1,0,82
HR,28,Masters & above,m,other,1,35,4.0,9,0,0,49
Legal,26,Bachelors,m,other,1,31,3.0,5,0,0,61
HR,7,Masters & above,m,other,1,44,3.0,5,0,0,92
Operations,22,Bachelors,f,referred,1,29,3.0,4,0,0,72
Operations,22,Masters & above,m,sourcing,1,53,3.0,23,0,0,62
Operations,2,Bachelors,f,other,1,59,3.0,18,0,0,62
Analytics,13,Masters & above,m,sourcing,1,40,5.0,5,1,0,84
Finance,7,Bachelors,m,other,3,26,3.0,2,0,0,57
Operations,16,Bachelors,m,sourcing,1,30,2.0,6,0,0,58
Operations,15,Bachelors,m,sourcing,1,39,5.0,8,1,0,55
Sales & Marketing,3,Bachelors,m,sourcing,1,38,1.0,6,1,0,46
Operations,31,Bachelors,m,other,2,32,4.0,2,0,0,57
Operations,15,Bachelors,m,sourcing,1,40,1.0,6,0,0,54
Technology,14,Bachelors,m,other,1,32,3.0,7,0,0,78
Analytics,2,Bachelors,m,other,2,40,3.0,11,0,0,86
Operations,20,Bachelors,m,other,1,26,3.0,2,0,0,58
Sales & Marketing,26,Bachelors,m,other,2,34,1.0,8,0,0,50
Sales & Marketing,2,Bachelors,f,other,1,44,2.0,16,0,0,53
HR,22,Masters & above,m,other,1,31,2.0,4,0,0,49
R&D,2,Masters & above,m,other,1,42,3.0,6,0,0,84
Procurement,31,Masters & above,f,other,1,37,3.0,6,0,0,73
HR,2,Masters & above,m,other,1,57,4.0,26,0,0,51
Operations,32,Bachelors,m,sourcing,1,30,2.0,3,0,0,61
Operations,3,Bachelors,f,sourcing,1,33,2.0,5,1,0,58
Sales & Marketing,26,Bachelors,f,other,1,23,2.0,2,0,0,49
Technology,2,Masters & above,f,other,1,43,3.0,6,0,0,72
Sales & Marketing,2,Bachelors,f,other,1,41,4.0,9,0,0,50
Procurement,4,Masters & above,m,sourcing,1,48,5.0,3,1,0,73
Operations,20,Bachelors,m,other,1,29,4.0,2,0,0,61
Legal,2,Masters & above,m,other,1,56,4.0,4,0,0,51
Procurement,8,Bachelors,m,other,1,32,2.0,6,0,0,72
Sales & Marketing,28,Masters & above,m,other,3,32,4.0,5,0,0,51
Operations,15,Bachelors,m,sourcing,2,44,3.0,9,0,0,59
Sales & Marketing,31,Bachelors,m,other,4,33,1.0,3,1,0,49
Finance,2,Bachelors,m,other,1,38,3.0,10,1,0,56
Operations,22,Masters & above,m,sourcing,2,48,5.0,18,1,0,57
Analytics,22,Bachelors,m,other,2,39,5.0,9,1,0,82
Sales & Marketing,30,Bachelors,m,other,1,28,5.0,2,1,0,49
Operations,34,Bachelors,m,sourcing,1,30,3.0,5,0,0,60
Finance,4,Bachelors,m,other,1,31,5.0,7,1,0,63
R&D,7,Bachelors,m,other,1,35,1.0,5,0,0,87
Operations,11,Masters & above,m,sourcing,2,33,3.0,7,0,0,58
HR,22,Bachelors,m,other,1,33,4.0,1,0,0,55
Operations,22,Bachelors,m,sourcing,1,32,5.0,3,0,0,60
Sales & Marketing,7,Bachelors,m,other,1,38,1.0,4,0,0,51
Operations,16,Masters & above,m,sourcing,1,43,3.0,6,0,0,60
Procurement,5,Bachelors,m,other,1,35,3.0,2,0,0,64
Technology,1,Masters & above,m,other,1,32,5.0,5,1,0,84
Operations,20,Bachelors,m,other,1,28,3.0,4,0,0,60
Technology,27,Bachelors,f,other,1,39,4.0,12,1,0,82
Technology,30,Bachelors,m,other,1,35,3.0,2,0,0,84
Finance,2,Masters & above,m,sourcing,1,37,4.0,10,0,0,58
Technology,4,Masters & above,f,sourcing,1,39,4.0,12,1,0,72
Operations,26,Bachelors,f,sourcing,1,43,4.0,6,1,0,61
Sales & Marketing,32,Bachelors,m,sourcing,1,33,4.0,5,0,0,50
Operations,22,Masters & above,m,other,1,52,4.0,24,0,0,62
Legal,5,Bachelors,m,sourcing,1,30,3.0,3,0,0,64
Operations,31,Bachelors,m,other,1,27,3.0,3,1,1,64
Sales & Marketing,13,Bachelors,f,other,1,32,2.0,2,0,0,53
Finance,13,Bachelors,f,sourcing,1,34,3.0,7,0,0,57
Finance,2,Masters & above,m,other,1,57,4.0,18,1,0,56
Sales & Marketing,10,Masters & above,m,other,1,32,2.0,3,0,0,47
Analytics,4,Bachelors,m,other,1,31,5.0,2,1,0,85
R&D,27,Bachelors,m,other,1,29,5.0,4,1,0,83
Finance,13,Masters & above,f,sourcing,1,39,4.0,7,0,0,63
HR,20,Masters & above,m,sourcing,1,36,3.0,5,0,0,56
Sales & Marketing,34,Bachelors,m,other,1,29,5.0,5,1,0,54
Technology,13,Bachelors,f,other,2,29,3.0,4,0,0,83
HR,4,Bachelors,f,other,1,38,2.0,7,0,0,46
Technology,2,Bachelors,m,sourcing,1,29,3.0,3,1,0,93
Sales & Marketing,1,Masters & above,f,other,1,32,5.0,7,0,0,51
Legal,22,Bachelors,m,sourcing,1,38,3.0,7,0,0,65
Analytics,11,Bachelors,m,other,2,28,5.0,2,0,0,82
Operations,31,Bachelors,f,other,1,39,3.0,10,0,0,56
Sales & Marketing,7,Bachelors,m,sourcing,1,37,3.0,4,1,0,47
Operations,2,Bachelors,m,sourcing,1,33,3.0,5,0,0,57
Legal,2,Bachelors,m,other,1,33,3.0,2,0,0,53
Technology,2,Bachelors,m,sourcing,1,29,4.0,3,1,0,82
Procurement,7,Masters & above,m,sourcing,1,39,4.0,12,1,0,64
Sales & Marketing,33,Bachelors,m,other,1,35,3.0,6,0,0,51
Procurement,22,Bachelors,f,other,2,28,3.0,4,0,0,84
Technology,13,Masters & above,m,other,1,36,3.0,8,0,0,83
Analytics,22,Bachelors,m,other,2,34,5.0,5,1,0,85
Analytics,31,Bachelors,m,other,1,46,5.0,7,1,0,84
Procurement,15,Masters & above,m,sourcing,1,43,5.0,7,1,0,74
R&D,24,Masters & above,m,sourcing,1,30,3.0,4,0,0,82
Sales & Marketing,31,Bachelors,m,sourcing,1,38,2.0,7,0,0,48
Procurement,2,Bachelors,f,other,1,36,5.0,5,1,0,69
Operations,27,Masters & above,m,other,1,38,3.0,5,1,0,59
Operations,16,Bachelors,f,sourcing,1,49,3.0,21,0,0,59
Operations,3,Bachelors,f,other,1,30,3.0,7,1,0,57
Sales & Marketing,19,Bachelors,m,other,1,33,1.0,6,0,0,49
Technology,26,Bachelors,f,other,1,30,2.0,2,0,0,80
HR,31,Bachelors,f,other,1,28,4.0,3,0,0,45
Procurement,10,Masters & above,m,sourcing,2,31,3.0,5,0,0,66
Procurement,17,Bachelors,m,sourcing,1,30,3.0,6,0,0,70
Sales & Marketing,2,Bachelors,f,referred,1,32,5.0,5,0,0,48
Sales & Marketing,31,Bachelors,m,sourcing,1,34,4.0,7,0,0,50
HR,2,Bachelors,f,sourcing,1,58,3.0,14,0,0,44
Operations,27,Bachelors,m,sourcing,1,41,5.0,15,1,0,64
Procurement,16,Masters & above,m,other,1,34,5.0,9,1,0,72
Sales & Marketing,16,Bachelors,m,other,1,32,3.0,5,1,0,46
Operations,23,Bachelors,f,other,1,37,3.0,2,0,0,54
Sales & Marketing,7,Masters & above,m,other,1,40,3.0,7,0,0,48
Sales & Marketing,16,Bachelors,m,sourcing,1,39,1.0,2,0,0,49
Technology,26,Bachelors,m,other,1,26,3.0,3,0,0,78
Technology,22,Masters & above,m,other,1,34,4.0,7,0,0,77
Operations,4,Masters & above,m,other,1,42,3.0,7,1,0,57
Sales & Marketing,2,Bachelors,m,other,2,42,4.0,5,0,0,53
R&D,17,Masters & above,m,other,1,30,5.0,4,1,0,96
Analytics,22,Bachelors,f,sourcing,1,33,4.0,5,0,0,83
Finance,27,Bachelors,m,other,1,29,4.0,7,0,0,57
Analytics,26,Bachelors,m,other,1,39,3.0,12,0,0,82
Operations,22,Masters & above,f,other,1,48,3.0,14,0,0,59
Sales & Marketing,4,Bachelors,m,other,3,31,1.0,7,1,0,46
Sales & Marketing,2,Bachelors,m,sourcing,2,32,4.0,3,1,0,64
Sales & Marketing,7,Bachelors,m,other,1,33,5.0,4,1,0,51
Technology,24,Bachelors,m,other,1,25,2.0,4,0,0,74
Operations,22,Bachelors,m,other,1,44,4.0,14,1,0,60
Technology,2,Bachelors,f,sourcing,3,42,4.0,5,1,0,78
Sales & Marketing,20,Bachelors,f,other,1,29,3.0,2,0,0,44
Operations,7,Bachelors,f,sourcing,1,34,4.0,7,1,0,58
Operations,2,Bachelors,f,sourcing,1,60,1.0,14,0,0,62
Procurement,2,Bachelors,f,other,1,30,3.0,7,0,0,71
Operations,23,Masters & above,m,other,1,43,1.0,5,0,0,58
Analytics,13,Bachelors,m,other,1,31,3.0,2,0,0,89
Operations,13,Bachelors,m,sourcing,1,39,5.0,12,1,0,59
Technology,6,Bachelors,m,other,1,31,5.0,8,1,0,79
Procurement,11,Bachelors,f,other,1,29,5.0,2,1,0,71
Analytics,22,Masters & above,m,other,2,35,5.0,4,1,0,87
Operations,7,Masters & above,f,other,1,42,3.0,14,0,0,58
Operations,4,Bachelors,f,sourcing,1,27,5.0,6,1,0,61
Sales & Marketing,24,Bachelors,m,other,2,29,3.0,5,0,0,53
Sales & Marketing,2,Bachelors,m,sourcing,1,44,3.0,2,0,0,50
HR,31,Bachelors,m,sourcing,1,31,3.0,6,0,0,45
Sales & Marketing,18,Bachelors,m,sourcing,1,32,3.0,6,0,0,44
Sales & Marketing,2,Bachelors,m,other,2,26,5.0,3,0,0,49
Operations,8,Bachelors,m,sourcing,1,33,3.0,9,0,0,61
Sales & Marketing,7,Bachelors,m,other,1,37,5.0,4,1,0,50
Technology,7,Bachelors,m,other,1,51,5.0,10,1,0,79
Analytics,29,Bachelors,f,other,1,28,5.0,1,0,0,88
Sales & Marketing,4,Masters & above,m,sourcing,1,33,5.0,9,1,0,51
Operations,11,Masters & above,m,other,1,35,4.0,7,0,0,59
Sales & Marketing,33,Bachelors,m,sourcing,2,33,1.0,7,1,0,48
Procurement,26,Bachelors,m,sourcing,1,53,5.0,5,1,0,77
Sales & Marketing,19,Bachelors,m,other,1,42,3.0,9,0,0,43
Procurement,15,Bachelors,m,sourcing,1,27,3.0,4,1,0,68
Sales & Marketing,16,Masters & above,m,other,1,34,3.0,5,0,0,50
Operations,2,Bachelors,m,other,3,34,5.0,3,1,0,58
Procurement,17,Bachelors,f,other,1,41,3.0,3,0,0,71
Sales & Marketing,2,Bachelors,f,sourcing,1,60,3.0,17,0,0,48
Operations,2,Bachelors,f,other,2,38,5.0,12,1,0,63
Operations,2,Masters & above,m,sourcing,2,44,4.0,15,0,0,60
Operations,2,Bachelors,m,sourcing,1,47,3.0,12,0,0,57
Sales & Marketing,2,Bachelors,m,other,4,52,1.0,20,0,0,53
Legal,4,Bachelors,m,sourcing,1,30,5.0,3,1,0,58
Operations,25,Bachelors,m,other,1,28,5.0,5,1,0,60
Operations,11,Bachelors,f,other,1,30,5.0,6,1,0,60
Sales & Marketing,7,Bachelors,m,other,1,52,5.0,18,0,0,49
Operations,15,Bachelors,m,sourcing,1,23,1.0,2,0,0,58
Sales & Marketing,31,Bachelors,f,other,1,29,1.0,2,0,0,50
Sales & Marketing,34,Bachelors,m,other,1,33,4.0,3,0,0,47
Sales & Marketing,17,Bachelors,m,other,1,33,3.0,6,0,0,48
Operations,22,Bachelors,m,sourcing,1,25,5.0,2,1,0,90
Procurement,2,Masters & above,m,other,1,56,5.0,3,1,0,71
Operations,2,Masters & above,m,referred,2,34,4.0,8,1,0,58
Technology,16,Masters & above,m,other,1,34,3.0,3,1,0,78
Operations,22,Bachelors,f,sourcing,1,31,3.0,7,1,0,58
Sales & Marketing,20,Masters & above,m,other,1,44,5.0,17,1,0,47
Operations,16,Bachelors,f,sourcing,1,35,5.0,3,1,0,63
Analytics,22,Bachelors,f,other,1,28,5.0,5,0,0,81
Operations,22,Masters & above,f,sourcing,1,35,5.0,7,1,0,62
Operations,4,Masters & above,f,other,1,35,5.0,9,1,0,58
Procurement,15,Bachelors,m,sourcing,1,35,2.0,7,1,0,69
Operations,23,Masters & above,f,sourcing,1,35,3.0,8,0,0,58
Analytics,28,Bachelors,m,other,1,33,2.0,4,0,0,82
Procurement,10,Bachelors,f,sourcing,1,34,3.0,7,0,0,72
Sales & Marketing,2,Bachelors,m,sourcing,1,40,4.0,4,1,0,53
Sales & Marketing,13,Bachelors,f,other,1,30,5.0,6,0,0,51
Sales & Marketing,22,Masters & above,m,sourcing,2,37,1.0,4,0,0,50
Procurement,24,Bachelors,f,sourcing,1,33,3.0,4,0,0,71
Procurement,7,Bachelors,f,other,1,29,3.0,2,0,0,80
Procurement,22,Bachelors,f,sourcing,1,29,1.0,2,0,0,70
Sales & Marketing,31,Bachelors,f,sourcing,1,33,4.0,9,0,0,51
Sales & Marketing,19,Bachelors,m,sourcing,1,27,3.0,4,0,0,49
Procurement,2,Bachelors,f,sourcing,1,33,1.0,7,0,0,65
Analytics,22,Bachelors,m,other,1,29,3.0,3,1,0,82
Procurement,2,Bachelors,f,sourcing,1,31,5.0,7,1,0,75
Procurement,26,Bachelors,f,sourcing,1,47,3.0,15,0,0,68
Operations,26,Masters & above,f,sourcing,1,35,4.0,7,0,0,62
Operations,20,Bachelors,m,other,1,37,5.0,9,0,0,62
Sales & Marketing,16,Bachelors,f,sourcing,1,33,1.0,5,0,0,45
Legal,2,Bachelors,f,other,1,31,5.0,7,0,0,60
Technology,8,Bachelors,m,other,1,31,3.0,4,0,0,84
HR,2,Masters & above,f,other,1,31,3.0,4,0,0,52
Technology,22,Bachelors,m,referred,2,27,4.0,3,1,0,78
Sales & Marketing,21,Bachelors,m,sourcing,1,32,3.0,10,0,0,47
Technology,28,Masters & above,m,sourcing,1,36,5.0,10,1,0,79
Finance,32,Bachelors,m,sourcing,1,30,3.0,2,0,0,62
Operations,7,Bachelors,f,other,1,43,3.0,12,1,0,59
Procurement,22,Bachelors,m,sourcing,2,32,5.0,4,1,0,70
Operations,25,Bachelors,m,sourcing,1,28,5.0,2,0,0,61
Sales & Marketing,32,Bachelors,m,other,2,29,3.0,5,0,0,47
Sales & Marketing,4,Masters & above,m,other,1,43,3.0,17,0,0,51
Sales & Marketing,2,Masters & above,m,other,1,49,4.0,4,0,0,55
Sales & Marketing,9,Masters & above,m,sourcing,1,28,2.0,4,0,0,52
Technology,23,Masters & above,m,sourcing,1,58,4.0,30,1,0,79
Sales & Marketing,26,Masters & above,m,sourcing,1,40,4.0,9,0,0,48
Sales & Marketing,16,Bachelors,m,other,1,26,5.0,3,1,0,52
Analytics,25,Bachelors,m,sourcing,1,31,3.0,1,0,0,86
Operations,22,Masters & above,f,other,1,50,4.0,15,1,0,58
Sales & Marketing,24,Masters & above,m,sourcing,1,31,3.0,4,0,0,50
Technology,22,Bachelors,m,sourcing,1,28,4.0,4,0,0,83
Analytics,22,Bachelors,m,other,2,28,4.0,5,0,0,90
Operations,22,Bachelors,m,other,1,49,5.0,19,1,0,60
Operations,22,Bachelors,f,other,1,30,5.0,2,1,0,62
Operations,8,Bachelors,f,other,1,33,4.0,7,0,0,59
Technology,22,Bachelors,m,other,1,36,4.0,3,1,0,75
Analytics,26,Masters & above,m,other,3,32,3.0,6,0,0,83
Operations,2,Bachelors,f,sourcing,1,38,3.0,9,0,0,66
Analytics,27,Bachelors,m,sourcing,1,30,3.0,4,0,0,87
Operations,27,Masters & above,f,other,1,50,5.0,4,1,0,58
Operations,16,Bachelors,f,sourcing,1,42,3.0,13,1,0,64
Sales & Marketing,9,Masters & above,m,other,1,34,3.0,8,0,0,52
Procurement,22,Masters & above,m,other,1,45,4.0,18,1,0,72
Sales & Marketing,12,Bachelors,m,other,1,39,4.0,7,0,0,47
Technology,2,Bachelors,f,other,1,32,1.0,5,0,0,83
Finance,16,Below Secondary,m,sourcing,1,25,4.0,3,0,0,56
Operations,31,Bachelors,f,other,1,35,5.0,5,1,1,58
Operations,19,Bachelors,f,other,1,35,5.0,7,1,0,60
Operations,16,Below Secondary,f,other,1,24,3.0,2,1,0,58
Operations,25,Masters & above,f,other,1,34,3.0,9,0,0,62
Operations,26,Bachelors,m,other,1,27,2.0,2,1,0,60
Procurement,2,Masters & above,f,other,1,37,4.0,8,0,0,71
Sales & Marketing,28,Bachelors,m,other,2,39,5.0,9,1,0,47
Finance,22,Bachelors,m,sourcing,1,28,3.0,2,1,0,61
Technology,29,Masters & above,m,sourcing,2,31,3.0,6,0,0,87
Operations,34,Bachelors,f,other,2,36,3.0,8,0,0,67
Sales & Marketing,8,Masters & above,m,sourcing,1,35,5.0,8,0,0,52
Procurement,8,Bachelors,m,other,1,30,2.0,4,0,0,66
Analytics,22,Bachelors,m,other,2,31,3.0,6,1,0,83
HR,2,Masters & above,f,other,1,56,3.0,18,0,0,48
Procurement,2,Bachelors,f,other,3,35,2.0,7,0,0,71
Sales & Marketing,7,Masters & above,m,other,1,53,4.0,23,1,0,54
Operations,30,Bachelors,m,other,2,27,5.0,3,1,0,61
Sales & Marketing,15,Bachelors,m,other,1,32,4.0,6,0,0,46
Analytics,22,Masters & above,m,other,2,33,3.0,6,0,0,89
Analytics,19,Bachelors,m,other,2,33,4.0,9,0,0,86
Sales & Marketing,2,Masters & above,m,sourcing,2,45,3.0,7,0,0,46
Sales & Marketing,4,Masters & above,f,sourcing,1,39,3.0,10,0,0,47
Operations,15,Bachelors,m,sourcing,1,29,3.0,7,0,0,58
Sales & Marketing,20,Bachelors,f,other,1,31,4.0,3,0,0,46
Technology,11,Bachelors,m,other,1,27,3.0,3,1,0,80
Operations,32,Bachelors,m,other,1,37,4.0,4,1,0,61
Sales & Marketing,30,Bachelors,m,sourcing,2,40,4.0,5,0,0,47
Technology,2,Masters & above,f,sourcing,1,59,3.0,4,0,0,79
Operations,5,Bachelors,f,sourcing,1,25,3.0,3,0,0,61
HR,10,Bachelors,f,sourcing,1,29,5.0,3,1,0,47
Procurement,2,Masters & above,f,other,1,54,3.0,11,0,0,70
Analytics,11,Bachelors,m,other,1,33,4.0,6,0,0,83
Sales & Marketing,2,Bachelors,m,other,1,37,5.0,9,1,0,50
Procurement,25,Masters & above,f,other,1,32,2.0,1,0,0,72
Sales & Marketing,3,Masters & above,f,sourcing,1,33,4.0,5,0,0,55
Sales & Marketing,13,Bachelors,m,sourcing,1,41,1.0,3,0,0,46
Procurement,2,Bachelors,m,sourcing,2,34,4.0,7,0,0,69
Technology,30,Bachelors,f,other,1,31,1.0,9,0,0,79
Sales & Marketing,20,Bachelors,m,other,1,39,3.0,14,0,0,46
Sales & Marketing,2,Masters & above,f,other,1,48,3.0,12,0,0,47
Technology,26,Masters & above,m,other,1,41,5.0,13,0,0,78
Operations,15,Bachelors,f,sourcing,1,37,3.0,7,0,0,60
Sales & Marketing,2,Masters & above,m,other,2,36,5.0,7,1,0,53
Procurement,30,Bachelors,m,sourcing,1,32,3.0,5,1,0,71
Legal,7,Masters & above,m,other,1,36,1.0,5,0,0,58
Legal,7,Bachelors,m,sourcing,1,37,3.0,9,0,0,58
Technology,13,Masters & above,f,other,1,41,3.0,9,1,0,78
R&D,22,Bachelors,m,other,3,30,1.0,6,0,0,87
Procurement,10,Masters & above,f,other,1,38,3.0,2,1,0,71
Sales & Marketing,1,Bachelors,m,other,1,25,5.0,3,1,0,49
Sales & Marketing,29,Bachelors,m,other,2,30,1.0,3,0,0,55
Operations,23,Bachelors,m,sourcing,1,42,3.0,7,1,0,62
Operations,27,Bachelors,f,other,1,49,4.0,8,1,0,95
Sales & Marketing,2,Masters & above,f,other,1,47,2.0,3,1,0,49
R&D,5,Bachelors,m,sourcing,1,28,5.0,4,1,0,83
Legal,7,Masters & above,m,other,1,55,1.0,17,0,0,58
Sales & Marketing,20,Masters & above,m,other,1,41,3.0,10,0,0,49
HR,2,Bachelors,f,other,1,27,3.0,6,1,0,47
Sales & Marketing,13,Bachelors,m,other,1,30,4.0,8,0,0,46
Sales & Marketing,2,Bachelors,m,sourcing,1,36,4.0,4,0,0,64
Sales & Marketing,23,Bachelors,m,other,1,38,5.0,7,1,0,48
Technology,5,Bachelors,m,other,1,29,3.0,7,0,0,77
Sales & Marketing,10,Bachelors,m,sourcing,1,33,5.0,10,0,0,54
Sales & Marketing,7,Bachelors,m,sourcing,1,41,4.0,7,1,0,52
HR,2,Bachelors,f,referred,1,31,5.0,2,0,0,50
Technology,8,Masters & above,f,sourcing,1,30,1.0,5,0,0,75
Technology,2,Bachelors,m,sourcing,1,42,3.0,12,0,0,79
Sales & Marketing,13,Bachelors,m,other,1,30,5.0,5,1,0,46
Sales & Marketing,10,Bachelors,m,other,1,28,1.0,3,0,0,52
Sales & Marketing,7,Masters & above,m,other,2,34,5.0,6,0,0,48
Technology,7,Bachelors,f,sourcing,1,40,3.0,4,0,0,81
R&D,22,Bachelors,m,sourcing,2,29,4.0,2,0,0,81
Sales & Marketing,31,Bachelors,m,sourcing,1,37,5.0,5,1,0,49
HR,7,Bachelors,f,sourcing,1,25,5.0,3,1,0,53
Sales & Marketing,12,Bachelors,m,sourcing,1,29,1.0,2,0,0,46
Procurement,22,Masters & above,m,sourcing,1,35,1.0,3,1,0,69
Legal,2,Bachelors,m,sourcing,3,32,3.0,4,0,0,62
Analytics,31,Bachelors,m,sourcing,1,31,3.0,2,0,0,84
Legal,22,Below Secondary,m,other,1,27,3.0,3,0,0,59
Procurement,13,Masters & above,m,other,2,50,3.0,23,0,0,72
Analytics,22,Masters & above,f,other,1,30,4.0,5,0,0,89
HR,2,Masters & above,m,other,1,56,3.0,6,0,0,47
Operations,16,Bachelors,f,sourcing,1,42,3.0,7,0,0,61
Operations,2,Bachelors,f,sourcing,1,26,2.0,3,0,0,59
HR,2,Masters & above,f,sourcing,1,36,4.0,4,0,0,51
Technology,8,Masters & above,m,other,1,40,3.0,3,0,0,83
Procurement,2,Bachelors,f,sourcing,1,54,3.0,17,0,0,71
Analytics,2,Masters & above,m,sourcing,1,45,3.0,17,0,0,84
Analytics,2,Bachelors,m,other,1,27,1.0,2,0,0,90
Technology,1,Masters & above,f,other,1,40,4.0,10,1,0,81
Technology,26,Masters & above,m,other,1,43,4.0,16,1,0,82
Sales & Marketing,29,Bachelors,m,sourcing,1,27,3.0,3,1,0,49
Operations,22,Masters & above,m,other,1,40,3.0,11,1,0,60
Finance,2,Bachelors,f,other,1,60,4.0,16,1,0,62
Procurement,13,Masters & above,m,sourcing,1,51,3.0,3,0,0,67
Procurement,31,Bachelors,f,other,1,27,3.0,2,0,0,70
Procurement,13,Masters & above,m,other,2,39,3.0,7,0,0,70
Analytics,6,Bachelors,f,other,2,31,4.0,6,0,0,79
Analytics,31,Bachelors,m,other,2,29,5.0,2,0,0,83
HR,25,Bachelors,m,sourcing,1,31,3.0,4,0,0,51
Sales & Marketing,2,Bachelors,f,sourcing,2,33,1.0,3,0,0,47
Sales & Marketing,25,Bachelors,m,sourcing,1,32,5.0,5,1,0,46
Sales & Marketing,2,Bachelors,m,other,1,48,3.0,16,0,0,49
Sales & Marketing,16,Bachelors,m,other,1,46,5.0,5,0,0,49
Sales & Marketing,2,Masters & above,f,other,1,36,3.0,9,1,0,54
Sales & Marketing,21,Bachelors,m,other,2,26,1.0,4,0,0,48
Operations,34,Masters & above,m,other,1,40,5.0,10,1,0,61
Sales & Marketing,2,Bachelors,m,other,1,32,3.0,7,1,0,49
Operations,2,Bachelors,f,other,1,55,4.0,10,0,0,59
Sales & Marketing,2,Masters & above,f,sourcing,1,51,4.0,9,0,0,52
Operations,5,Bachelors,m,other,1,32,3.0,4,1,0,57
Finance,31,Bachelors,m,sourcing,1,39,5.0,3,1,0,59
Operations,6,Bachelors,f,sourcing,1,32,3.0,2,1,0,55
Sales & Marketing,2,Bachelors,f,other,3,31,2.0,5,0,0,50
Operations,7,Bachelors,m,sourcing,1,48,4.0,8,0,0,54
Sales & Marketing,31,Bachelors,m,sourcing,1,43,5.0,13,0,0,52
Analytics,22,Bachelors,m,other,1,31,4.0,6,0,0,89
Procurement,11,Masters & above,m,other,1,46,3.0,17,0,0,69
Sales & Marketing,13,Bachelors,f,sourcing,1,27,3.0,3,0,0,45
Sales & Marketing,28,Bachelors,m,sourcing,1,27,5.0,2,0,0,52
Sales & Marketing,27,Masters & above,m,other,2,58,2.0,4,1,1,47
Technology,26,Masters & above,m,other,1,31,3.0,4,1,0,81
Technology,2,Bachelors,f,referred,1,29,5.0,4,1,0,74
Technology,15,Bachelors,m,other,2,34,5.0,8,1,0,79
Technology,2,Bachelors,f,other,3,51,5.0,12,1,0,81
Technology,17,Bachelors,m,sourcing,1,33,5.0,4,1,1,81
Operations,2,Bachelors,m,sourcing,1,60,4.0,8,0,0,59
HR,2,Bachelors,m,other,1,32,1.0,4,0,0,49
Finance,2,Masters & above,m,sourcing,1,38,3.0,4,0,0,59
Technology,31,Masters & above,f,sourcing,1,32,5.0,6,1,1,81
HR,7,Masters & above,m,sourcing,1,44,2.0,14,0,0,48
Operations,4,Masters & above,f,sourcing,1,31,5.0,4,1,0,61
Operations,7,Masters & above,m,other,1,36,3.0,8,0,0,63
Operations,32,Bachelors,f,other,1,39,5.0,7,0,0,55
Operations,32,Bachelors,m,sourcing,1,30,3.0,4,1,0,61
Procurement,22,Bachelors,f,other,1,26,3.0,4,0,0,71
Sales & Marketing,22,Bachelors,f,sourcing,2,32,5.0,6,0,0,50
Operations,2,Below Secondary,f,other,1,20,5.0,2,1,0,61
Operations,26,Bachelors,f,other,1,27,4.0,4,1,0,57
Sales & Marketing,22,Masters & above,m,sourcing,1,54,5.0,5,0,0,50
Finance,23,Bachelors,m,other,1,32,5.0,6,1,0,56
Sales & Marketing,28,Masters & above,m,other,2,48,3.0,9,0,0,50
Sales & Marketing,26,Bachelors,m,other,2,36,1.0,4,0,0,52
HR,28,Bachelors,m,other,1,30,4.0,6,0,0,55
Analytics,2,Bachelors,m,sourcing,3,38,5.0,4,1,0,87
Procurement,27,Masters & above,f,sourcing,1,37,1.0,2,0,0,70
Finance,15,Masters & above,m,other,1,32,1.0,3,0,0,67
Sales & Marketing,28,Masters & above,m,sourcing,1,36,5.0,6,1,0,45
Sales & Marketing,15,Bachelors,m,other,1,34,4.0,7,0,0,54
Operations,23,Masters & above,f,other,1,35,3.0,6,1,0,63
Finance,14,Bachelors,f,other,1,32,4.0,5,0,0,57
Analytics,6,Bachelors,m,sourcing,2,30,5.0,2,1,0,78
Operations,8,Masters & above,f,other,1,39,3.0,2,0,0,61
Procurement,26,Bachelors,f,other,1,40,5.0,4,1,0,69
Operations,7,Bachelors,f,other,1,43,5.0,3,1,0,55
Operations,2,Bachelors,f,referred,1,31,4.0,6,1,0,62
Sales & Marketing,5,Bachelors,f,other,3,26,3.0,4,1,0,50
HR,26,Masters & above,m,other,1,40,3.0,4,0,0,54
Technology,7,Masters & above,m,referred,1,36,3.0,7,0,0,75
Sales & Marketing,29,Bachelors,m,sourcing,2,30,2.0,5,0,0,49
Sales & Marketing,4,Masters & above,f,sourcing,1,31,1.0,4,0,0,51
Procurement,14,Bachelors,f,sourcing,1,39,3.0,8,0,0,72
Sales & Marketing,29,Bachelors,m,other,2,27,5.0,5,1,0,48
Technology,2,Bachelors,m,other,1,53,3.0,27,0,0,80
Technology,8,Bachelors,f,sourcing,2,28,4.0,5,0,0,79
Operations,22,Masters & above,f,sourcing,1,30,4.0,3,1,0,59
Sales & Marketing,26,Bachelors,f,other,1,38,3.0,5,0,0,52
Finance,29,Bachelors,m,other,1,38,5.0,2,1,0,61
Operations,3,Masters & above,m,other,2,41,3.0,7,0,0,57
Operations,22,Bachelors,m,referred,2,34,4.0,7,0,0,61
Sales & Marketing,13,Bachelors,f,other,1,37,4.0,10,0,0,51
Operations,20,Bachelors,m,other,1,30,5.0,2,0,0,59
Finance,13,Bachelors,m,other,1,31,1.0,2,0,0,60
HR,2,Masters & above,m,other,1,34,5.0,3,0,0,97
Procurement,8,Bachelors,m,sourcing,1,32,4.0,3,0,0,73
Sales & Marketing,13,Masters & above,m,other,1,43,3.0,7,0,0,53
Sales & Marketing,7,Masters & above,m,referred,1,36,5.0,5,0,0,49
Sales & Marketing,6,Bachelors,m,sourcing,1,28,5.0,4,1,1,49
Operations,8,Masters & above,f,sourcing,1,42,3.0,6,0,0,62
Sales & Marketing,30,Bachelors,m,other,1,32,4.0,6,0,0,51
Analytics,3,Bachelors,m,other,1,30,3.0,6,0,0,83
Procurement,2,Bachelors,m,other,1,50,4.0,7,1,0,70
Sales & Marketing,22,Bachelors,m,sourcing,2,36,4.0,7,0,0,52
Technology,2,Masters & above,m,sourcing,1,42,5.0,12,1,0,81
Operations,4,Masters & above,m,other,2,47,1.0,18,0,0,61
Operations,19,Masters & above,f,other,2,40,3.0,6,0,0,55
Operations,7,Bachelors,f,other,1,29,3.0,5,0,0,64
Technology,31,Bachelors,m,other,1,42,3.0,12,0,0,76
HR,16,Bachelors,f,sourcing,1,31,4.0,7,0,0,52
Sales & Marketing,14,Bachelors,m,other,1,38,3.0,12,0,0,50
Procurement,2,Masters & above,m,other,1,37,5.0,3,1,1,68
Operations,2,Masters & above,f,other,2,36,3.0,9,0,0,59
Analytics,31,Bachelors,m,other,2,32,4.0,3,0,1,89
Operations,31,Bachelors,f,sourcing,2,33,3.0,5,0,0,58
HR,27,Bachelors,m,other,1,28,5.0,4,1,0,49
Sales & Marketing,7,Masters & above,m,other,1,29,2.0,6,0,0,48
R&D,22,Bachelors,m,other,1,29,4.0,2,1,0,87
Operations,2,Bachelors,f,other,2,50,3.0,4,0,0,64
Analytics,19,Bachelors,m,sourcing,2,30,4.0,3,0,0,83
Sales & Marketing,14,Bachelors,m,other,1,33,5.0,8,1,0,48
Operations,2,Bachelors,m,sourcing,1,33,5.0,5,1,0,56
Sales & Marketing,2,Bachelors,m,other,1,29,4.0,5,0,0,49
Sales & Marketing,2,Masters & above,m,sourcing,1,58,2.0,17,0,0,50
Analytics,17,Bachelors,m,sourcing,1,30,3.0,3,0,0,84
Sales & Marketing,32,Bachelors,f,other,3,31,1.0,6,0,0,51
Operations,2,Masters & above,m,other,1,57,5.0,6,1,0,56
HR,22,Masters & above,m,sourcing,1,38,5.0,12,0,0,50
Sales & Marketing,2,Bachelors,m,other,1,33,3.0,7,1,0,50
Operations,27,Bachelors,m,sourcing,1,49,5.0,6,1,1,62
Procurement,2,Bachelors,f,other,1,35,4.0,10,0,0,70
Finance,2,Below Secondary,f,sourcing,1,25,3.0,4,1,0,57
Procurement,22,Bachelors,m,sourcing,1,28,4.0,5,0,0,67
Finance,7,Masters & above,f,sourcing,1,32,5.0,5,0,0,59
Procurement,22,Below Secondary,m,sourcing,1,28,3.0,2,0,0,71
Analytics,7,Bachelors,m,other,1,39,4.0,10,0,0,84
Sales & Marketing,25,Bachelors,f,other,1,30,5.0,4,0,0,48
Operations,26,Bachelors,m,other,1,30,3.0,3,0,0,57
Analytics,2,Bachelors,m,other,1,51,4.0,9,0,0,86
Finance,20,Bachelors,m,sourcing,1,46,5.0,14,0,0,56
Operations,2,Masters & above,m,sourcing,1,34,5.0,6,1,0,62
HR,32,Below Secondary,m,other,1,24,4.0,2,0,0,51
Analytics,15,Bachelors,m,other,1,32,5.0,4,1,0,91
Operations,2,Bachelors,f,sourcing,1,36,2.0,8,0,0,57
Sales & Marketing,15,Masters & above,m,other,1,49,3.0,13,1,0,49
Operations,22,Masters & above,m,other,2,38,5.0,6,1,0,61
Operations,32,Bachelors,f,sourcing,1,31,3.0,6,1,0,59
Procurement,2,Bachelors,m,sourcing,1,58,2.0,7,0,0,71
Sales & Marketing,22,Bachelors,f,other,1,30,2.0,4,0,0,46
R&D,30,Masters & above,f,sourcing,1,31,3.0,2,0,0,82
Technology,4,Bachelors,f,other,1,29,1.0,3,0,0,80
Operations,2,Bachelors,m,sourcing,2,35,1.0,3,0,0,64
HR,2,Masters & above,f,other,1,57,5.0,14,0,0,49
Operations,14,Bachelors,f,sourcing,1,38,3.0,9,0,0,59
Analytics,22,Bachelors,m,sourcing,2,36,1.0,3,0,0,81
Sales & Marketing,22,Bachelors,m,other,1,30,4.0,6,1,0,51
Analytics,22,Masters & above,m,sourcing,1,34,4.0,8,1,0,82
Operations,27,Bachelors,f,other,2,34,4.0,6,0,0,64
Legal,27,Bachelors,m,other,1,35,3.0,5,0,0,58
Sales & Marketing,31,Bachelors,m,sourcing,1,41,5.0,12,0,0,52
Technology,2,Bachelors,f,sourcing,1,31,1.0,4,1,0,80
R&D,8,Bachelors,m,other,2,28,3.0,2,1,0,83
R&D,4,Masters & above,m,sourcing,1,32,3.0,10,0,0,84
Procurement,2,Masters & above,f,other,1,40,1.0,9,0,0,74
Operations,4,Masters & above,m,sourcing,1,43,3.0,9,0,0,74
Procurement,2,Bachelors,m,sourcing,1,33,1.0,8,0,0,67
Technology,26,Bachelors,f,other,1,29,4.0,4,0,0,78
Sales & Marketing,13,Masters & above,m,other,1,40,4.0,10,0,0,48
Technology,2,Bachelors,m,sourcing,1,34,3.0,3,0,0,74
Sales & Marketing,31,Bachelors,f,other,1,34,4.0,8,1,0,47
Operations,17,Masters & above,m,other,1,44,5.0,4,1,0,62
Operations,7,Masters & above,f,other,1,33,1.0,7,0,0,54
Analytics,9,Bachelors,m,other,1,27,4.0,3,0,0,82
Operations,4,Bachelors,m,other,1,27,5.0,6,0,0,62
Technology,26,Masters & above,m,sourcing,1,46,5.0,7,1,0,82
Sales & Marketing,2,Bachelors,f,sourcing,1,30,5.0,2,0,0,48
Procurement,26,Bachelors,f,other,2,31,2.0,4,0,0,68
Operations,32,Bachelors,m,sourcing,1,26,5.0,1,0,0,59
Procurement,2,Masters & above,m,sourcing,1,44,5.0,10,1,0,71
Sales & Marketing,25,Masters & above,m,sourcing,1,32,5.0,7,0,0,54
Sales & Marketing,26,Bachelors,m,sourcing,1,40,1.0,14,0,0,43
Operations,2,Bachelors,m,sourcing,1,20,4.0,2,0,0,56
Finance,13,Bachelors,m,sourcing,1,30,3.0,5,0,0,59
Sales & Marketing,7,Masters & above,f,other,1,35,5.0,5,1,0,48
Operations,14,Bachelors,m,sourcing,1,35,4.0,3,1,0,59
Sales & Marketing,16,Bachelors,m,other,1,41,5.0,4,0,0,46
Sales & Marketing,1,Bachelors,f,other,1,27,3.0,3,0,0,45
Procurement,2,Bachelors,m,other,1,56,4.0,14,0,0,65
Sales & Marketing,15,Bachelors,m,other,2,26,3.0,3,0,1,48
Procurement,2,Bachelors,m,other,1,45,3.0,11,0,0,84
HR,2,Masters & above,m,other,1,39,4.0,8,0,0,49
Technology,22,Bachelors,f,sourcing,1,26,2.0,4,0,0,76
Analytics,22,Masters & above,m,sourcing,3,41,3.0,4,1,0,81
Technology,13,Bachelors,m,sourcing,1,37,3.0,7,0,0,84
Technology,2,Bachelors,m,referred,1,25,3.0,2,1,0,75
Procurement,13,Bachelors,m,sourcing,1,36,4.0,6,0,0,67
Sales & Marketing,1,Bachelors,m,sourcing,1,35,3.0,7,0,0,46
Sales & Marketing,14,Bachelors,f,sourcing,1,37,3.0,5,0,0,45
Sales & Marketing,2,Bachelors,m,referred,2,26,4.0,3,1,0,51
Sales & Marketing,22,Masters & above,m,other,1,31,2.0,4,0,0,55
Sales & Marketing,7,Bachelors,m,sourcing,1,31,3.0,6,0,0,52
Sales & Marketing,4,Bachelors,m,other,1,29,4.0,4,1,0,50
Procurement,27,Masters & above,f,sourcing,1,40,1.0,9,0,0,70
Finance,22,Bachelors,m,sourcing,2,27,5.0,5,0,0,64
Technology,5,Bachelors,m,other,1,32,3.0,3,0,0,83
Sales & Marketing,22,Bachelors,m,sourcing,2,27,3.0,3,1,0,47
Procurement,27,Bachelors,f,other,1,34,5.0,3,1,0,73
Sales & Marketing,23,Masters & above,m,other,1,40,4.0,7,0,0,49
Technology,7,Masters & above,m,sourcing,1,49,4.0,5,0,0,82
Analytics,34,Bachelors,m,other,1,31,3.0,7,0,0,85
Finance,7,Masters & above,m,other,2,38,5.0,3,1,0,58
Finance,22,Bachelors,f,sourcing,1,27,5.0,4,1,0,56
Sales & Marketing,27,Bachelors,m,other,1,33,4.0,8,0,0,51
Operations,15,Bachelors,m,sourcing,1,39,3.0,8,0,0,66
Technology,5,Masters & above,m,sourcing,2,37,1.0,4,0,0,79
HR,7,Bachelors,f,sourcing,1,34,5.0,8,1,0,49
Sales & Marketing,7,Bachelors,m,other,1,29,3.0,6,0,0,48
Legal,11,Bachelors,m,sourcing,1,37,5.0,3,1,0,56
Procurement,6,Bachelors,m,other,1,31,3.0,7,0,0,68
Sales & Marketing,13,Bachelors,m,sourcing,1,33,3.0,6,0,0,48
Sales & Marketing,21,Bachelors,m,other,1,39,3.0,8,0,0,52
Operations,15,Masters & above,m,sourcing,1,44,3.0,3,1,0,54
Operations,31,Bachelors,m,other,1,28,2.0,2,1,0,61
Sales & Marketing,2,Bachelors,f,other,2,45,3.0,10,0,0,46
Technology,2,Bachelors,m,other,1,31,3.0,3,1,0,82
Technology,2,Bachelors,f,other,1,34,2.0,9,0,0,73
Procurement,2,Masters & above,f,sourcing,1,49,3.0,16,0,1,69
HR,2,Masters & above,m,other,2,59,3.0,3,0,0,50
Sales & Marketing,34,Bachelors,m,other,1,30,3.0,2,0,0,51
Procurement,5,Bachelors,f,sourcing,2,31,2.0,2,1,0,70
Sales & Marketing,2,Masters & above,m,sourcing,1,46,3.0,19,0,0,50
Technology,7,Bachelors,f,sourcing,2,28,2.0,2,0,0,78
Analytics,15,Bachelors,m,other,2,29,3.0,3,0,0,89
HR,12,Bachelors,m,sourcing,1,31,5.0,6,1,0,50
Analytics,22,Masters & above,f,other,2,31,3.0,6,1,0,85
Sales & Marketing,22,Masters & above,m,other,2,40,3.0,10,0,0,53
Analytics,26,Bachelors,m,other,1,31,1.0,4,1,0,86
Procurement,7,Masters & above,m,other,2,40,3.0,2,0,0,73
Sales & Marketing,23,Bachelors,m,sourcing,1,41,3.0,8,0,0,43
Operations,23,Bachelors,m,sourcing,1,31,1.0,8,0,0,57
Analytics,29,Bachelors,f,other,1,29,3.0,2,0,0,86
Procurement,20,Bachelors,f,other,1,33,3.0,6,0,0,68
Sales & Marketing,28,Masters & above,m,sourcing,2,36,4.0,9,1,0,47
Sales & Marketing,13,Bachelors,m,sourcing,1,32,3.0,6,0,0,45
Sales & Marketing,22,Bachelors,m,other,1,33,4.0,10,0,0,43
Finance,28,Masters & above,m,sourcing,3,32,3.0,6,0,0,59
Sales & Marketing,4,Masters & above,m,other,1,37,5.0,3,1,0,52
Legal,7,Bachelors,m,other,1,36,5.0,5,1,0,57
Sales & Marketing,23,Masters & above,f,sourcing,1,35,1.0,2,0,0,52
Sales & Marketing,19,Bachelors,m,other,1,39,3.0,5,0,0,50
Sales & Marketing,3,Bachelors,m,other,1,40,5.0,7,1,0,51
Technology,5,Bachelors,m,other,3,30,3.0,3,0,0,82
Analytics,29,Bachelors,m,sourcing,1,32,4.0,7,0,0,86
Operations,23,Masters & above,f,sourcing,1,41,4.0,8,1,0,54
Sales & Marketing,23,Masters & above,m,other,1,37,5.0,4,0,0,51
Analytics,19,Bachelors,m,other,1,26,4.0,2,1,0,84
Operations,15,Bachelors,m,sourcing,1,37,4.0,8,0,0,56
Sales & Marketing,16,Bachelors,m,other,1,29,1.0,4,0,0,47
Sales & Marketing,22,Bachelors,m,sourcing,1,34,1.0,8,0,0,47
Legal,7,Bachelors,m,sourcing,3,34,3.0,4,0,0,60
Procurement,2,Bachelors,f,other,2,30,4.0,2,1,0,74
Technology,10,Masters & above,m,other,1,41,4.0,7,0,0,90
Sales & Marketing,22,Masters & above,m,other,2,39,1.0,8,0,0,48
Technology,31,Bachelors,m,sourcing,3,27,4.0,2,1,0,81
Procurement,17,Masters & above,f,other,1,32,3.0,5,1,0,64
Sales & Marketing,28,Bachelors,m,sourcing,1,37,3.0,2,0,0,57
Sales & Marketing,22,Bachelors,m,sourcing,1,32,4.0,9,0,0,49
Procurement,7,Masters & above,m,other,1,36,4.0,2,1,0,70
Procurement,33,Bachelors,m,other,1,30,4.0,6,0,0,71
Technology,2,Bachelors,m,other,1,31,2.0,2,0,0,78
Operations,15,Bachelors,f,other,2,34,3.0,4,0,0,61
Sales & Marketing,12,Bachelors,m,sourcing,1,26,5.0,2,1,0,49
Technology,7,Below Secondary,m,other,2,25,3.0,2,0,0,80
Sales & Marketing,5,Masters & above,m,other,1,43,5.0,4,0,0,48
Sales & Marketing,7,Bachelors,f,other,2,27,4.0,4,1,0,45
Operations,16,Bachelors,m,other,1,26,5.0,4,0,0,59
Technology,27,Masters & above,m,other,4,44,3.0,11,0,0,80
Sales & Marketing,25,Bachelors,m,sourcing,1,29,4.0,2,1,0,51
Operations,2,Bachelors,f,other,1,37,5.0,5,1,1,58
Technology,2,Bachelors,m,other,1,39,2.0,10,0,0,79
R&D,4,Masters & above,m,other,2,36,2.0,4,1,0,83
Technology,30,Bachelors,m,other,1,32,3.0,3,0,0,80
Operations,14,Bachelors,f,sourcing,2,39,5.0,4,1,0,58
Analytics,1,Masters & above,m,sourcing,3,34,5.0,4,1,0,88
Technology,2,Bachelors,m,sourcing,1,23,1.0,2,0,0,82
Procurement,23,Masters & above,f,other,1,38,3.0,9,0,0,66
Operations,20,Masters & above,f,other,1,36,1.0,2,0,0,56
Operations,15,Masters & above,m,other,1,43,1.0,15,0,0,65
Operations,7,Masters & above,m,sourcing,3,40,3.0,5,0,0,63
Analytics,22,Bachelors,m,sourcing,2,33,3.0,5,1,0,86
Sales & Marketing,14,Bachelors,f,other,1,44,4.0,12,0,0,55
Procurement,2,Bachelors,m,other,1,47,2.0,15,0,0,74
Analytics,22,Bachelors,f,other,1,27,4.0,3,0,0,82
Sales & Marketing,19,Bachelors,m,other,2,28,3.0,4,0,0,53
Sales & Marketing,22,Masters & above,f,other,1,33,2.0,3,0,0,47
Analytics,22,Masters & above,m,other,1,43,5.0,15,1,0,85
Sales & Marketing,5,Bachelors,m,other,1,35,3.0,5,0,0,51
Procurement,2,Bachelors,m,other,2,34,3.0,10,0,0,70
Operations,13,Masters & above,m,other,1,37,3.0,2,0,1,77
Operations,12,Bachelors,m,other,1,37,3.0,3,1,0,60
Operations,4,Masters & above,m,other,1,42,4.0,14,1,0,56
Procurement,13,Bachelors,f,other,2,28,3.0,2,0,0,67
Sales & Marketing,26,Bachelors,m,other,1,47,3.0,6,1,0,43
Analytics,22,Bachelors,m,sourcing,1,28,4.0,4,1,0,85
Finance,2,Bachelors,f,other,1,30,3.0,4,0,0,54
Sales & Marketing,17,Bachelors,m,other,2,40,5.0,6,0,0,50
Procurement,4,Masters & above,f,other,1,38,5.0,5,1,0,67
Sales & Marketing,28,Masters & above,m,other,3,34,2.0,2,0,0,50
Technology,10,Masters & above,f,other,2,36,3.0,4,1,0,78
Operations,15,Bachelors,m,other,2,38,5.0,4,1,0,58
Procurement,28,Masters & above,f,other,1,31,3.0,3,0,0,71
Operations,2,Masters & above,f,sourcing,1,33,5.0,8,1,0,63
Finance,31,Bachelors,m,sourcing,1,37,4.0,5,1,0,59
Sales & Marketing,27,Bachelors,m,sourcing,1,28,5.0,2,1,0,49
Operations,15,Bachelors,f,other,1,30,3.0,2,1,0,59
Sales & Marketing,3,Bachelors,m,sourcing,1,28,5.0,2,0,0,56
Sales & Marketing,2,Bachelors,m,other,2,43,3.0,14,0,0,49
Operations,15,Bachelors,m,sourcing,2,29,4.0,6,0,0,61
Analytics,7,Bachelors,m,other,1,27,1.0,5,0,0,79
Technology,2,Masters & above,f,referred,1,55,5.0,5,1,0,82
Sales & Marketing,2,Masters & above,m,other,1,29,1.0,2,0,0,50
Operations,30,Masters & above,f,sourcing,1,37,5.0,7,1,0,55
Sales & Marketing,3,Bachelors,m,other,1,27,1.0,2,0,0,53
HR,22,Below Secondary,m,other,2,24,3.0,2,0,0,55
Sales & Marketing,13,Masters & above,m,sourcing,1,30,5.0,6,1,0,50
HR,2,Bachelors,f,sourcing,1,49,5.0,4,1,0,47
Sales & Marketing,30,Bachelors,m,sourcing,1,27,3.0,4,0,0,54
Technology,13,Bachelors,m,sourcing,1,36,3.0,7,0,0,86
Procurement,8,Masters & above,f,sourcing,1,39,3.0,3,0,0,70
Operations,14,Bachelors,m,sourcing,1,29,2.0,2,0,0,56
Procurement,2,Bachelors,f,other,1,60,5.0,3,0,0,89
Procurement,5,Bachelors,m,sourcing,2,33,3.0,8,0,0,69
Operations,17,Masters & above,f,sourcing,1,35,5.0,2,1,0,59
Technology,26,Bachelors,m,other,1,32,5.0,4,1,0,92
Operations,2,Bachelors,f,other,4,36,3.0,8,0,0,57
Operations,13,Masters & above,m,other,1,49,5.0,16,0,0,60
Operations,2,Masters & above,f,other,1,37,5.0,8,0,0,60
Analytics,22,Bachelors,m,sourcing,1,36,5.0,7,1,0,82
Technology,22,Bachelors,f,other,1,30,1.0,6,0,0,80
Sales & Marketing,7,Masters & above,m,other,1,42,2.0,6,0,0,48
R&D,13,Masters & above,m,sourcing,1,34,5.0,4,1,0,80
Operations,16,Bachelors,f,other,1,35,3.0,6,1,0,55
Procurement,2,Bachelors,m,sourcing,1,29,2.0,2,0,0,69
Analytics,22,Masters & above,m,sourcing,2,30,3.0,3,1,0,84
Sales & Marketing,11,Bachelors,m,sourcing,1,30,2.0,5,0,0,50
Finance,31,Bachelors,f,sourcing,1,26,5.0,2,1,1,93
Operations,29,Bachelors,m,sourcing,1,26,1.0,5,0,0,58
Sales & Marketing,11,Masters & above,m,other,1,34,5.0,7,1,0,47
Technology,3,Masters & above,m,sourcing,1,33,3.0,5,0,0,76
Technology,31,Below Secondary,m,sourcing,1,24,3.0,2,0,0,77
HR,2,Masters & above,m,sourcing,1,45,5.0,5,1,0,45
Operations,22,Masters & above,m,sourcing,1,47,1.0,5,0,0,61
Technology,2,Bachelors,f,sourcing,1,29,3.0,3,0,0,79
Procurement,31,Bachelors,f,other,1,31,2.0,5,0,0,71
Procurement,5,Bachelors,m,sourcing,1,30,3.0,5,0,0,69
Operations,16,Masters & above,f,other,1,38,3.0,8,0,0,62
Sales & Marketing,24,Bachelors,m,sourcing,1,34,3.0,9,0,0,48
Sales & Marketing,23,Bachelors,m,other,1,28,4.0,2,0,0,51
Finance,2,Masters & above,f,sourcing,1,34,3.0,7,0,0,62
Technology,27,Bachelors,f,other,1,30,3.0,5,0,0,80
Sales & Marketing,13,Bachelors,f,sourcing,1,29,3.0,6,0,0,51
R&D,8,Masters & above,m,other,1,30,3.0,4,0,0,77
HR,22,Bachelors,m,sourcing,1,27,5.0,2,0,0,47
Sales & Marketing,2,Bachelors,m,other,1,41,5.0,12,0,0,48
Operations,22,Bachelors,f,other,1,29,4.0,3,0,0,54
Technology,2,Bachelors,m,sourcing,1,58,1.0,25,0,0,76
Sales & Marketing,2,Bachelors,f,other,4,27,1.0,4,0,0,49
Sales & Marketing,13,Bachelors,m,sourcing,1,43,3.0,12,0,0,49
Operations,22,Bachelors,m,other,2,24,4.0,2,1,0,60
Sales & Marketing,7,Bachelors,m,other,1,32,4.0,6,0,0,46
Sales & Marketing,4,Masters & above,m,other,1,39,5.0,6,1,0,50
Operations,2,Bachelors,f,other,2,54,3.0,4,0,0,60
Sales & Marketing,13,Bachelors,m,sourcing,1,40,1.0,14,0,0,51
Technology,7,Masters & above,m,sourcing,1,33,3.0,4,0,0,82
Sales & Marketing,17,Bachelors,m,other,1,28,1.0,2,0,0,44
Procurement,2,Bachelors,m,other,1,28,1.0,3,1,0,68
Technology,7,Bachelors,f,other,2,31,3.0,6,1,1,93
Sales & Marketing,10,Masters & above,m,sourcing,1,35,5.0,10,0,0,49
Operations,22,Bachelors,f,sourcing,1,27,5.0,2,1,0,59
Sales & Marketing,2,Bachelors,m,other,1,34,5.0,9,1,0,52
Analytics,32,Bachelors,m,other,1,38,3.0,3,0,0,83
Operations,22,Bachelors,f,other,1,32,5.0,2,1,0,59
Sales & Marketing,2,Bachelors,m,other,1,60,1.0,7,0,0,51
Sales & Marketing,2,Masters & above,m,sourcing,1,54,3.0,14,0,0,50
Sales & Marketing,16,Bachelors,m,other,1,37,4.0,10,0,0,54
Operations,19,Bachelors,f,other,1,37,3.0,10,1,0,92
HR,22,Masters & above,m,other,1,33,2.0,5,0,0,52
Analytics,26,Bachelors,m,sourcing,1,30,4.0,2,0,0,85
Operations,19,Bachelors,m,other,2,40,5.0,14,1,0,59
Sales & Marketing,24,Bachelors,m,other,1,27,3.0,3,0,0,47
Operations,2,Bachelors,m,other,1,26,5.0,3,0,0,55
Procurement,4,Bachelors,m,other,1,30,2.0,3,0,0,69
Analytics,6,Bachelors,m,other,1,40,3.0,15,0,0,88
Sales & Marketing,2,Bachelors,m,other,2,29,5.0,3,0,0,50
Procurement,4,Masters & above,m,sourcing,1,47,5.0,2,0,0,86
HR,26,Bachelors,m,sourcing,1,32,4.0,2,1,0,51
Procurement,22,Bachelors,m,sourcing,1,29,5.0,3,0,0,70
Operations,31,Bachelors,m,other,1,36,2.0,2,0,0,60
Sales & Marketing,28,Masters & above,m,sourcing,1,34,5.0,3,1,0,55
Sales & Marketing,22,Bachelors,m,other,4,25,3.0,2,0,0,49
Sales & Marketing,1,Bachelors,m,other,1,28,5.0,6,1,0,50
Operations,7,Bachelors,m,other,1,51,4.0,6,1,0,59
Procurement,13,Bachelors,f,other,1,23,4.0,2,1,0,70
Sales & Marketing,2,Bachelors,f,other,1,41,5.0,5,1,0,48
Finance,20,Bachelors,m,sourcing,1,33,5.0,7,1,0,60
Operations,7,Masters & above,m,other,1,36,3.0,3,0,0,60
Technology,16,Bachelors,m,other,2,27,3.0,2,0,0,80
Operations,12,Bachelors,f,sourcing,1,28,3.0,1,1,0,58
Sales & Marketing,13,Bachelors,m,other,1,34,3.0,8,0,0,50
Finance,13,Bachelors,f,other,1,27,5.0,3,0,1,96
Analytics,22,Bachelors,m,sourcing,3,28,4.0,3,1,0,89
HR,2,Masters & above,f,sourcing,1,44,3.0,15,0,0,51
Operations,2,Masters & above,m,sourcing,1,41,5.0,3,0,0,62
Procurement,22,Masters & above,m,other,2,36,5.0,8,1,0,69
HR,13,Masters & above,f,other,1,41,5.0,13,0,0,45
Operations,31,Bachelors,m,sourcing,1,26,5.0,2,0,0,61
Sales & Marketing,7,Bachelors,m,other,2,32,4.0,8,0,0,49
Operations,2,Bachelors,f,other,1,57,3.0,16,0,0,59
Finance,19,Bachelors,m,other,1,30,3.0,3,0,0,60
Finance,29,Bachelors,m,other,2,31,3.0,2,0,0,55
Technology,27,Bachelors,m,sourcing,2,31,1.0,4,0,0,84
Technology,24,Bachelors,m,other,2,30,2.0,6,0,0,79
Operations,5,Bachelors,m,sourcing,2,32,3.0,7,0,0,62
Analytics,22,Bachelors,m,other,2,30,5.0,5,1,0,84
Sales & Marketing,25,Bachelors,m,other,1,34,2.0,7,1,0,49
Analytics,25,Masters & above,m,sourcing,1,35,4.0,7,1,0,86
Procurement,33,Bachelors,m,other,1,30,3.0,6,0,0,70
Analytics,2,Masters & above,m,sourcing,2,42,5.0,13,0,0,82
Sales & Marketing,7,Bachelors,m,sourcing,1,50,5.0,13,0,0,47
Technology,28,Masters & above,m,other,1,33,5.0,8,1,0,82
Finance,26,Bachelors,m,other,1,27,5.0,2,0,0,69
Sales & Marketing,16,Bachelors,m,other,1,39,5.0,7,0,0,50
Technology,2,Masters & above,f,other,2,34,2.0,9,0,0,75
Procurement,26,Masters & above,f,other,1,33,4.0,7,0,0,71
Sales & Marketing,23,Bachelors,m,sourcing,1,32,3.0,6,0,0,48
Sales & Marketing,14,Bachelors,m,other,1,33,3.0,3,1,0,52
Sales & Marketing,2,Bachelors,m,other,1,40,5.0,15,0,0,51
Analytics,2,Bachelors,m,sourcing,2,32,3.0,4,0,0,86
Sales & Marketing,2,Bachelors,m,sourcing,1,25,4.0,2,0,0,50
Sales & Marketing,2,Bachelors,m,other,2,26,4.0,3,0,0,54
Technology,2,Bachelors,f,other,1,39,3.0,8,0,0,81
HR,28,Masters & above,m,other,1,35,5.0,4,0,0,51
Sales & Marketing,31,Masters & above,m,other,2,39,1.0,5,0,0,49
Sales & Marketing,26,Bachelors,m,sourcing,1,36,5.0,9,0,0,51
Technology,22,Bachelors,m,sourcing,1,29,4.0,6,0,0,76
Operations,4,Masters & above,f,other,1,42,2.0,14,1,0,56
Operations,22,Masters & above,m,referred,1,40,5.0,8,1,0,61
Operations,22,Bachelors,m,sourcing,1,48,3.0,3,0,0,59
Sales & Marketing,5,Masters & above,m,sourcing,1,36,3.0,8,1,0,51
Analytics,22,Bachelors,m,sourcing,1,29,2.0,3,0,0,83
Technology,22,Masters & above,f,other,1,47,3.0,16,0,0,80
Sales & Marketing,28,Bachelors,m,other,1,25,5.0,3,1,0,51
Procurement,7,Bachelors,m,other,1,39,4.0,6,0,0,72
Sales & Marketing,25,Bachelors,m,other,1,34,4.0,2,0,0,64
Operations,22,Bachelors,f,other,1,28,4.0,4,1,0,60
HR,2,Masters & above,m,sourcing,1,39,3.0,13,0,0,42
Sales & Marketing,31,Bachelors,m,sourcing,1,37,3.0,7,1,0,44
Sales & Marketing,2,Bachelors,f,sourcing,1,29,1.0,1,1,0,42
Operations,27,Bachelors,m,other,1,35,3.0,4,1,0,61
Sales & Marketing,1,Bachelors,m,sourcing,1,35,3.0,9,0,0,45
Finance,26,Bachelors,m,other,2,34,5.0,4,1,0,64
Analytics,31,Bachelors,m,sourcing,2,27,4.0,2,0,0,84
Technology,2,Masters & above,m,sourcing,1,50,3.0,7,0,0,80
Technology,12,Bachelors,m,sourcing,1,35,5.0,3,1,0,75
Operations,13,Bachelors,m,other,1,53,3.0,6,0,0,59
Analytics,25,Masters & above,m,other,1,37,3.0,3,0,0,84
Sales & Marketing,7,Bachelors,f,sourcing,1,44,3.0,16,0,0,49
HR,29,Bachelors,m,other,1,34,3.0,5,1,1,48
Technology,9,Bachelors,m,other,1,28,3.0,2,0,0,74
Operations,15,Bachelors,m,sourcing,2,39,5.0,7,0,0,71
Sales & Marketing,2,Bachelors,f,sourcing,2,29,2.0,1,0,0,50
Operations,12,Bachelors,f,other,1,26,3.0,1,1,0,57
Procurement,2,Bachelors,m,other,1,42,4.0,7,0,0,71
Technology,6,Bachelors,m,sourcing,2,28,3.0,4,1,0,80
Operations,32,Bachelors,m,other,1,30,3.0,5,1,0,55
Procurement,15,Bachelors,m,sourcing,1,30,1.0,6,0,0,70
Finance,13,Masters & above,m,other,1,31,3.0,5,0,0,60
Operations,2,Masters & above,f,sourcing,1,56,5.0,16,0,0,62
Operations,7,Masters & above,m,other,1,33,4.0,3,1,0,57
Operations,27,Bachelors,f,sourcing,1,43,4.0,4,1,0,59
Analytics,1,Masters & above,m,other,1,31,5.0,10,0,0,89
Sales & Marketing,12,Bachelors,m,other,1,30,5.0,6,0,0,47
Sales & Marketing,15,Bachelors,f,other,1,34,5.0,7,1,0,44
Operations,19,Bachelors,m,other,2,32,4.0,2,0,0,58
Legal,5,Bachelors,m,sourcing,1,30,5.0,2,1,0,60
Analytics,27,Bachelors,m,sourcing,1,32,3.0,5,1,0,87
Operations,10,Masters & above,f,other,1,30,3.0,2,0,0,61
Legal,2,Masters & above,f,sourcing,1,46,5.0,14,1,0,60
Analytics,23,Bachelors,m,sourcing,1,35,5.0,5,0,0,82
Operations,16,Bachelors,m,other,1,42,5.0,17,0,0,63
HR,2,Bachelors,m,other,1,38,5.0,4,1,0,53
Sales & Marketing,2,Masters & above,m,other,1,57,2.0,7,0,0,48
Analytics,2,Bachelors,f,other,1,31,1.0,6,0,0,84
Analytics,7,Masters & above,m,other,1,33,5.0,6,1,0,83
Operations,2,Bachelors,f,other,1,33,3.0,7,1,0,63
Sales & Marketing,4,Masters & above,m,sourcing,1,44,3.0,7,1,0,49
Sales & Marketing,10,Masters & above,m,sourcing,1,31,4.0,6,0,0,51
Sales & Marketing,15,Bachelors,m,referred,1,29,5.0,6,1,0,55
Sales & Marketing,28,Masters & above,f,other,1,37,4.0,9,0,0,46
Operations,15,Bachelors,m,sourcing,1,35,5.0,10,0,0,63
Technology,2,Bachelors,m,other,1,60,4.0,13,0,0,79
Sales & Marketing,7,Bachelors,m,other,1,29,3.0,5,1,0,53
HR,11,Bachelors,m,other,2,28,5.0,5,0,0,52
Sales & Marketing,34,Masters & above,m,sourcing,1,34,3.0,2,1,0,49
Technology,7,Bachelors,m,other,1,28,4.0,4,1,0,79
Procurement,14,Bachelors,m,other,1,39,3.0,2,0,0,69
Sales & Marketing,22,Bachelors,m,sourcing,1,53,1.0,7,0,0,51
Sales & Marketing,28,Bachelors,m,other,1,34,5.0,5,1,0,49
Procurement,22,Masters & above,m,other,3,30,3.0,3,1,0,68
Sales & Marketing,4,Masters & above,m,other,1,42,4.0,8,0,0,55
Operations,8,Masters & above,f,other,1,39,2.0,5,0,0,63
Operations,22,Below Secondary,f,other,1,23,3.0,2,0,0,59
Technology,19,Bachelors,m,other,2,40,1.0,10,0,0,85
Analytics,34,Bachelors,m,sourcing,1,33,3.0,9,0,0,81
Procurement,22,Bachelors,m,sourcing,1,27,1.0,3,0,0,70
Sales & Marketing,28,Bachelors,m,other,2,29,4.0,2,0,0,50
Sales & Marketing,10,Bachelors,m,other,1,28,4.0,3,1,0,98
Operations,15,Bachelors,m,other,1,32,4.0,6,0,0,62
Operations,29,Masters & above,f,sourcing,1,38,4.0,10,1,0,58
Procurement,22,Masters & above,f,other,1,37,3.0,8,1,1,90
HR,2,Bachelors,f,sourcing,1,30,3.0,4,1,0,49
Technology,21,Masters & above,m,sourcing,1,45,5.0,7,1,0,84
Operations,2,Bachelors,m,other,1,31,2.0,8,0,0,61
Technology,2,Masters & above,m,other,1,35,3.0,7,0,0,80
Technology,24,Masters & above,m,other,1,34,3.0,4,0,0,80
Sales & Marketing,28,Bachelors,f,other,1,29,4.0,4,0,0,53
Analytics,27,Bachelors,f,sourcing,1,29,3.0,6,0,0,88
Procurement,27,Bachelors,f,other,1,33,1.0,7,1,0,66
Sales & Marketing,13,Bachelors,m,sourcing,2,36,4.0,6,0,0,47
Operations,2,Bachelors,m,other,1,47,1.0,17,0,0,60
Operations,15,Masters & above,f,other,1,43,3.0,13,1,0,58
Operations,16,Bachelors,m,sourcing,1,29,3.0,2,0,0,58
Technology,2,Masters & above,f,other,1,56,1.0,10,1,0,79
HR,22,Bachelors,m,sourcing,1,31,5.0,5,1,0,50
Procurement,28,Masters & above,m,other,1,36,3.0,3,0,0,70
Procurement,31,Bachelors,m,sourcing,1,34,3.0,5,0,0,73
Operations,27,Bachelors,f,other,1,44,5.0,5,1,0,62
Analytics,22,Bachelors,m,sourcing,1,26,4.0,4,0,0,87
Technology,2,Bachelors,m,sourcing,1,36,4.0,4,1,0,80
Analytics,4,Bachelors,m,other,1,47,3.0,7,0,0,88
Sales & Marketing,2,Bachelors,m,sourcing,4,46,4.0,15,0,0,52
Analytics,32,Masters & above,m,other,1,30,1.0,4,0,0,82
Operations,22,Bachelors,m,sourcing,1,35,1.0,9,0,0,61
Finance,2,Masters & above,m,sourcing,1,44,3.0,13,0,0,56
Procurement,5,Bachelors,m,other,1,37,1.0,3,1,0,72
Sales & Marketing,25,Masters & above,m,other,2,35,2.0,2,0,0,46
Legal,31,Bachelors,m,other,1,33,1.0,6,0,0,59
R&D,22,Bachelors,m,other,1,31,5.0,2,1,0,88
Procurement,2,Masters & above,m,other,1,53,4.0,3,1,0,72
Sales & Marketing,2,Masters & above,f,other,1,46,1.0,6,0,0,51
Sales & Marketing,22,Masters & above,f,other,1,41,3.0,8,0,0,50
Procurement,15,Masters & above,m,sourcing,1,39,3.0,6,1,0,73
Analytics,30,Bachelors,m,other,1,29,3.0,2,0,0,84
Analytics,22,Bachelors,m,other,1,24,3.0,3,0,0,85
R&D,2,Bachelors,m,other,1,45,3.0,15,0,0,81
Operations,7,Bachelors,m,other,1,45,3.0,20,0,0,58
Operations,22,Bachelors,f,sourcing,2,35,3.0,7,1,0,60
Sales & Marketing,7,Masters & above,m,sourcing,3,35,3.0,7,1,0,54
Technology,17,Bachelors,f,sourcing,1,33,4.0,5,1,0,76
Analytics,27,Bachelors,m,sourcing,2,34,4.0,7,0,0,81
Legal,7,Below Secondary,m,sourcing,1,29,3.0,2,0,0,60
Sales & Marketing,7,Masters & above,m,other,1,35,5.0,8,0,0,45
Finance,26,Bachelors,f,other,1,26,3.0,2,0,0,58
Procurement,31,Bachelors,f,other,1,33,2.0,9,0,0,70
Sales & Marketing,15,Masters & above,m,other,1,50,5.0,19,0,0,50
Procurement,2,Bachelors,f,other,1,45,1.0,15,0,1,74
Operations,22,Masters & above,m,sourcing,1,35,4.0,7,0,0,56
Sales & Marketing,12,Bachelors,f,other,1,29,4.0,2,1,0,44
Sales & Marketing,7,Bachelors,m,sourcing,1,47,1.0,16,0,0,54
Sales & Marketing,26,Bachelors,m,sourcing,1,27,4.0,2,0,0,44
Finance,30,Bachelors,m,other,1,27,3.0,3,0,0,63
Sales & Marketing,26,Bachelors,m,sourcing,1,42,2.0,7,0,0,50
Technology,8,Bachelors,f,other,2,28,3.0,4,0,0,81
R&D,27,Bachelors,m,sourcing,1,35,5.0,4,1,0,85
Procurement,22,Bachelors,f,other,1,27,5.0,3,1,0,73
Sales & Marketing,2,Masters & above,m,other,1,42,2.0,3,0,0,43
Technology,2,Bachelors,m,sourcing,1,55,2.0,2,0,0,75
Analytics,23,Bachelors,m,other,1,26,5.0,3,1,0,83
HR,23,Bachelors,m,sourcing,1,35,3.0,5,1,0,47
Analytics,26,Bachelors,m,other,1,49,5.0,17,1,0,82
Analytics,28,Masters & above,m,other,2,31,4.0,5,0,0,82
Technology,7,Bachelors,f,sourcing,1,30,3.0,5,0,0,75
Technology,2,Bachelors,m,other,1,33,3.0,3,0,0,77
Sales & Marketing,29,Masters & above,m,sourcing,1,38,3.0,6,0,0,48
Operations,19,Masters & above,f,other,1,38,4.0,9,1,0,57
Technology,2,Masters & above,m,sourcing,2,36,4.0,10,1,0,73
Operations,27,Masters & above,m,other,1,41,3.0,7,1,0,60
Finance,2,Bachelors,m,other,2,26,4.0,2,0,0,61
Sales & Marketing,2,Masters & above,f,other,3,51,4.0,5,0,0,52
Operations,23,Masters & above,m,other,1,32,5.0,3,0,0,60
Procurement,17,Bachelors,m,sourcing,1,45,4.0,15,0,0,70
Analytics,22,Bachelors,m,sourcing,2,30,3.0,4,0,0,83
Procurement,2,Bachelors,f,sourcing,1,33,4.0,7,1,0,66
Procurement,2,Bachelors,f,other,1,30,1.0,3,0,0,70
Operations,28,Bachelors,m,sourcing,1,27,3.0,2,0,0,58
Sales & Marketing,9,Bachelors,m,sourcing,1,32,3.0,9,0,0,48
Sales & Marketing,31,Bachelors,m,other,1,33,5.0,6,1,0,49
Operations,22,Masters & above,f,other,1,32,2.0,6,0,0,65
Sales & Marketing,10,Masters & above,m,other,1,32,5.0,6,0,0,53
Operations,2,Bachelors,m,other,2,42,3.0,17,0,0,65
Sales & Marketing,13,Bachelors,m,other,1,26,5.0,2,0,0,49
Legal,22,Bachelors,m,sourcing,1,28,4.0,2,0,0,60
Sales & Marketing,7,Masters & above,m,other,1,45,5.0,5,1,0,49
Analytics,7,Masters & above,m,sourcing,1,36,4.0,9,0,0,82
HR,7,Bachelors,m,sourcing,1,36,4.0,7,1,0,52
Technology,5,Masters & above,m,other,3,33,3.0,4,1,0,82
Technology,15,Bachelors,m,sourcing,1,39,3.0,11,0,0,82
Sales & Marketing,13,Masters & above,m,other,3,34,3.0,4,0,0,51
Sales & Marketing,27,Bachelors,m,other,1,46,3.0,11,0,0,46
Sales & Marketing,23,Bachelors,m,other,1,36,4.0,5,1,0,47
Operations,19,Masters & above,m,other,2,38,4.0,2,0,0,60
HR,22,Bachelors,f,other,1,27,4.0,5,1,0,51
Finance,2,Masters & above,f,other,1,40,5.0,3,1,0,62
Sales & Marketing,23,Bachelors,m,other,2,37,3.0,4,0,0,47
Operations,19,Bachelors,f,other,2,34,4.0,3,0,0,56
Operations,22,Bachelors,m,sourcing,1,40,5.0,7,0,0,61
Operations,19,Bachelors,f,other,1,36,3.0,8,0,0,56
Operations,10,Masters & above,m,other,1,32,4.0,3,1,0,60
Procurement,2,Bachelors,m,other,1,30,1.0,3,0,0,67
Technology,2,Below Secondary,f,referred,2,24,3.0,3,0,0,79
Operations,14,Bachelors,m,sourcing,1,30,1.0,3,1,0,56
Technology,22,Masters & above,m,other,3,42,3.0,6,0,0,80
Sales & Marketing,1,Bachelors,m,sourcing,1,29,2.0,2,0,0,55
Technology,26,Bachelors,m,other,1,32,3.0,4,0,0,76
Technology,19,Bachelors,f,other,1,30,3.0,3,1,0,80
Operations,11,Bachelors,m,sourcing,1,35,3.0,6,0,0,57
Sales & Marketing,26,Bachelors,m,other,1,43,1.0,3,0,0,49
Technology,2,Bachelors,m,other,1,34,5.0,7,1,0,80
Procurement,2,Masters & above,m,other,1,31,4.0,7,0,0,69
Sales & Marketing,16,Bachelors,m,sourcing,1,50,3.0,8,0,0,51
Sales & Marketing,26,Bachelors,m,sourcing,1,29,3.0,3,0,0,47
Technology,15,Bachelors,m,other,1,30,4.0,8,0,0,90
Procurement,17,Bachelors,f,other,1,32,5.0,7,0,0,71
Sales & Marketing,23,Bachelors,m,sourcing,1,33,5.0,7,1,0,49
Sales & Marketing,25,Bachelors,m,other,1,36,4.0,7,0,0,51
Sales & Marketing,31,Bachelors,m,other,1,44,2.0,14,0,0,50
Sales & Marketing,4,Bachelors,m,sourcing,1,25,3.0,2,0,0,49
Sales & Marketing,28,Bachelors,m,other,1,31,4.0,3,0,0,48
Operations,19,Bachelors,m,other,1,36,3.0,5,0,0,59
Operations,22,Bachelors,m,other,1,31,4.0,5,0,0,65
Analytics,16,Bachelors,m,sourcing,1,28,3.0,3,0,0,87
R&D,28,Masters & above,m,sourcing,1,35,5.0,5,1,0,86
Finance,2,Masters & above,f,other,1,41,3.0,6,0,0,61
Sales & Marketing,2,Masters & above,m,other,1,46,4.0,16,0,0,46
Analytics,20,Bachelors,m,other,2,34,3.0,5,0,0,88
Sales & Marketing,2,Bachelors,m,sourcing,1,39,2.0,7,0,0,50
Sales & Marketing,2,Bachelors,f,sourcing,2,37,3.0,7,0,0,46
Procurement,13,Bachelors,m,sourcing,1,42,3.0,7,0,0,70
Technology,2,Bachelors,f,other,1,35,4.0,3,0,0,80
Sales & Marketing,7,Bachelors,m,sourcing,1,34,4.0,3,0,0,51
Finance,6,Bachelors,m,sourcing,1,27,3.0,6,1,0,59
Procurement,2,Below Secondary,m,sourcing,1,22,2.0,2,1,0,71
Analytics,22,Bachelors,m,other,4,28,3.0,3,0,0,82
Operations,4,Bachelors,m,other,1,32,3.0,5,0,0,60
Operations,23,Masters & above,f,other,2,38,3.0,9,0,0,60
Finance,2,Bachelors,m,other,1,34,2.0,9,0,0,58
Sales & Marketing,22,Bachelors,m,sourcing,1,29,2.0,2,0,0,54
Finance,2,Below Secondary,m,other,1,24,4.0,2,1,0,61
Technology,7,Masters & above,f,other,3,40,3.0,7,0,0,78
Technology,2,Bachelors,m,other,1,48,5.0,5,1,0,75
HR,20,Bachelors,f,sourcing,1,31,3.0,7,0,0,47
Procurement,2,Bachelors,m,sourcing,4,29,1.0,3,0,0,71
Legal,2,Bachelors,m,sourcing,1,39,3.0,11,0,0,60
Sales & Marketing,26,Masters & above,m,sourcing,1,45,5.0,11,0,0,48
Sales & Marketing,23,Masters & above,m,sourcing,1,38,5.0,2,0,0,53
Finance,8,Bachelors,f,other,1,30,3.0,7,1,0,60
Technology,2,Masters & above,f,other,1,57,4.0,18,1,0,77
Analytics,7,Masters & above,m,sourcing,1,34,5.0,6,0,0,85
Sales & Marketing,16,Bachelors,m,sourcing,1,35,3.0,10,0,0,50
Operations,27,Masters & above,m,other,1,40,5.0,9,1,0,60
Operations,2,Bachelors,m,sourcing,1,49,2.0,18,0,0,74
Analytics,29,Masters & above,m,other,1,34,3.0,6,0,0,89
Procurement,7,Masters & above,f,sourcing,1,37,5.0,3,0,0,67
Legal,30,Bachelors,m,other,1,36,5.0,7,1,0,58
HR,14,Bachelors,m,sourcing,1,33,4.0,3,0,0,47
Sales & Marketing,13,Masters & above,m,other,1,40,5.0,7,1,0,54
Sales & Marketing,11,Bachelors,m,other,2,36,1.0,9,0,0,52
Operations,27,Bachelors,m,other,1,32,5.0,4,0,0,59
Technology,7,Bachelors,m,sourcing,3,42,2.0,6,0,1,74
Technology,23,Bachelors,m,other,1,29,3.0,2,0,0,78
Procurement,14,Masters & above,m,other,1,33,5.0,6,1,0,70
Operations,2,Bachelors,f,sourcing,1,44,4.0,7,0,0,61
Analytics,29,Bachelors,m,sourcing,1,40,4.0,7,1,0,80
Technology,5,Bachelors,m,other,1,39,3.0,10,0,0,79
Technology,27,Bachelors,m,other,1,31,3.0,6,0,0,80
Operations,15,Bachelors,m,other,1,31,1.0,7,0,0,60
Operations,2,Bachelors,m,other,1,29,3.0,4,1,0,61
Technology,33,Bachelors,m,sourcing,1,35,5.0,2,1,0,78
Sales & Marketing,9,Masters & above,f,other,2,32,1.0,4,1,0,44
Finance,7,Bachelors,m,other,2,32,3.0,7,0,0,56
Procurement,2,Bachelors,f,sourcing,3,31,1.0,7,0,0,70
Sales & Marketing,22,Bachelors,m,other,1,36,5.0,7,1,0,48
Operations,7,Bachelors,f,sourcing,1,27,5.0,4,1,0,59
Operations,10,Bachelors,m,sourcing,1,30,5.0,5,1,0,61
Technology,2,Bachelors,f,other,1,45,4.0,15,1,0,80
Operations,22,Masters & above,f,sourcing,1,41,3.0,6,0,0,58
Sales & Marketing,2,Masters & above,m,sourcing,2,43,2.0,2,0,0,50
Technology,30,Bachelors,f,other,1,31,5.0,3,1,0,83
Finance,2,Bachelors,m,other,1,43,3.0,3,0,0,57
Technology,14,Bachelors,m,other,1,33,3.0,7,0,0,79
Technology,33,Bachelors,m,other,1,27,1.0,2,0,0,75
R&D,7,Bachelors,m,other,2,33,5.0,6,1,0,86
Technology,26,Bachelors,m,other,1,30,1.0,3,0,0,79
HR,7,Bachelors,m,other,2,29,3.0,3,0,0,57
Operations,22,Masters & above,f,other,1,34,3.0,6,0,1,70
Sales & Marketing,2,Masters & above,f,sourcing,1,49,5.0,17,0,0,52
HR,13,Bachelors,m,sourcing,1,32,3.0,5,0,0,45
Technology,33,Masters & above,m,sourcing,1,59,1.0,4,0,0,82
Analytics,7,Bachelors,m,sourcing,3,29,4.0,2,0,0,87
Finance,15,Masters & above,m,other,2,32,1.0,5,0,0,65
Legal,27,Bachelors,m,sourcing,1,28,4.0,2,0,0,63
Operations,34,Masters & above,m,other,1,34,1.0,5,0,0,57
Finance,2,Masters & above,m,other,1,35,3.0,3,0,0,57
Analytics,28,Masters & above,m,sourcing,1,31,5.0,6,1,0,89
Operations,22,Bachelors,f,other,1,34,1.0,7,1,0,60
Operations,2,Masters & above,f,sourcing,1,57,2.0,25,0,0,57
Sales & Marketing,16,Bachelors,m,other,2,35,3.0,3,0,0,46
Procurement,2,Bachelors,f,other,1,42,3.0,4,1,0,68
Procurement,12,Bachelors,f,sourcing,1,29,3.0,5,0,0,65
Procurement,14,Bachelors,f,other,1,35,3.0,4,0,0,66
Analytics,2,Bachelors,m,other,1,31,4.0,8,0,0,84
Sales & Marketing,25,Masters & above,m,sourcing,1,36,3.0,9,0,0,50
Operations,31,Bachelors,f,other,1,32,4.0,3,0,0,61
Procurement,7,Masters & above,m,other,1,39,5.0,6,1,0,69
Analytics,28,Bachelors,m,sourcing,1,33,5.0,4,1,0,84
Operations,13,Bachelors,f,other,1,35,4.0,10,1,0,58
Analytics,22,Bachelors,f,other,1,27,5.0,3,1,1,97
Sales & Marketing,32,Bachelors,f,sourcing,2,29,3.0,2,0,0,47
HR,7,Masters & above,f,other,1,48,5.0,18,1,0,53
Sales & Marketing,5,Bachelors,m,sourcing,1,37,4.0,3,0,0,46
R&D,13,Masters & above,m,sourcing,1,36,3.0,7,1,0,81
Analytics,16,Bachelors,m,other,1,35,3.0,7,1,0,90
Operations,28,Bachelors,f,sourcing,1,33,5.0,7,0,0,62
Sales & Marketing,4,Masters & above,m,sourcing,1,38,2.0,6,0,0,53
Analytics,15,Bachelors,m,other,2,30,3.0,10,0,0,80
Sales & Marketing,15,Bachelors,m,other,1,32,5.0,4,0,0,49
Operations,4,Bachelors,f,other,1,43,4.0,5,1,0,59
Procurement,22,Masters & above,f,other,1,34,1.0,7,0,0,69
R&D,26,Bachelors,m,other,1,30,5.0,3,0,0,84
Legal,15,Bachelors,m,sourcing,2,33,5.0,4,1,0,60
Operations,11,Masters & above,f,sourcing,1,38,5.0,4,1,0,62
Technology,7,Masters & above,m,sourcing,1,37,1.0,6,0,0,78
Procurement,20,Masters & above,f,other,1,38,1.0,10,0,0,67
Sales & Marketing,2,Bachelors,m,other,1,35,5.0,4,1,0,50
Analytics,2,Bachelors,m,other,1,40,5.0,4,1,0,88
Sales & Marketing,6,Bachelors,f,other,1,35,5.0,7,0,0,49
R&D,22,Masters & above,m,sourcing,1,35,3.0,6,0,0,83
Sales & Marketing,2,Bachelors,m,other,2,23,3.0,2,0,0,59
Sales & Marketing,7,Masters & above,m,sourcing,1,46,4.0,15,0,0,47
Sales & Marketing,27,Bachelors,m,other,1,52,3.0,15,0,0,48
Finance,26,Bachelors,f,sourcing,1,30,3.0,4,0,0,63
Procurement,2,Masters & above,m,other,1,37,5.0,4,0,0,70
Sales & Marketing,27,Bachelors,m,sourcing,2,25,1.0,2,0,0,49
HR,13,Bachelors,m,other,1,34,3.0,7,0,0,48
Operations,19,Bachelors,f,sourcing,1,40,4.0,5,1,0,54
Sales & Marketing,6,Bachelors,m,other,1,29,4.0,6,1,0,52
R&D,7,Masters & above,f,sourcing,1,29,3.0,4,1,0,85
Analytics,2,Bachelors,m,other,1,31,4.0,5,1,1,87
Analytics,34,Bachelors,m,sourcing,1,30,3.0,7,0,0,86
Procurement,15,Bachelors,m,other,1,32,3.0,6,1,0,71
Technology,7,Bachelors,m,other,2,33,3.0,8,0,0,77
Finance,2,Bachelors,f,sourcing,1,33,3.0,2,1,0,57
Sales & Marketing,27,Masters & above,m,other,1,41,2.0,2,1,0,48
Operations,22,Masters & above,m,sourcing,1,40,5.0,3,1,0,60
Analytics,29,Bachelors,m,sourcing,1,29,4.0,5,0,0,83
Sales & Marketing,22,Bachelors,m,sourcing,2,28,4.0,4,0,0,49
Procurement,15,Bachelors,m,other,1,29,4.0,3,0,0,71
Operations,7,Bachelors,m,other,1,47,4.0,15,0,0,62
Sales & Marketing,2,Masters & above,m,sourcing,1,41,3.0,6,0,0,59
Sales & Marketing,2,Bachelors,m,other,1,34,1.0,9,0,0,44
Finance,2,Bachelors,f,sourcing,2,30,3.0,6,0,0,65
Sales & Marketing,4,Masters & above,m,sourcing,2,40,4.0,14,0,0,47
Operations,16,Bachelors,m,other,1,30,5.0,5,1,0,55
Procurement,7,Bachelors,m,sourcing,1,28,5.0,4,1,0,70
Analytics,22,Bachelors,m,other,1,30,4.0,7,1,0,82
Sales & Marketing,11,Bachelors,m,sourcing,1,29,2.0,2,0,0,45
Technology,7,Bachelors,f,sourcing,2,32,4.0,8,0,0,84
Procurement,7,Masters & above,m,sourcing,1,38,3.0,10,0,0,70
Operations,2,Bachelors,f,sourcing,1,41,2.0,5,0,0,63
Technology,2,Bachelors,f,other,1,54,5.0,10,0,0,78
Analytics,31,Bachelors,m,other,2,34,4.0,5,0,0,86
R&D,22,Masters & above,m,sourcing,1,31,5.0,1,0,0,90
Sales & Marketing,22,Bachelors,m,referred,1,29,3.0,2,1,0,50
Operations,28,Bachelors,m,other,1,34,1.0,6,0,0,54
Operations,6,Bachelors,f,other,1,25,5.0,3,1,0,62
Sales & Marketing,28,Masters & above,m,sourcing,1,37,5.0,11,1,0,46
Sales & Marketing,2,Masters & above,f,sourcing,1,36,3.0,8,0,0,51
Sales & Marketing,2,Bachelors,m,sourcing,1,39,5.0,10,1,0,51
Sales & Marketing,2,Bachelors,m,other,2,44,2.0,12,0,0,46
Operations,2,Bachelors,m,other,1,25,5.0,3,1,0,57
Technology,29,Masters & above,m,other,1,38,4.0,10,1,0,79
Procurement,14,Bachelors,m,sourcing,3,35,3.0,7,0,0,69
Operations,29,Bachelors,m,other,4,34,4.0,2,1,0,58
Sales & Marketing,30,Bachelors,m,sourcing,1,31,1.0,3,1,0,45
Sales & Marketing,22,Bachelors,m,other,1,49,5.0,7,0,0,53
Sales & Marketing,12,Bachelors,m,other,1,32,3.0,3,1,0,45
R&D,26,Masters & above,m,sourcing,1,30,2.0,5,0,0,84
Procurement,2,Bachelors,f,sourcing,3,25,3.0,5,0,0,71
Operations,2,Bachelors,f,other,1,58,1.0,18,1,0,56
Finance,2,Bachelors,f,sourcing,1,30,5.0,7,1,0,59
Analytics,31,Bachelors,m,other,1,28,3.0,4,0,0,82
Operations,22,Bachelors,f,other,2,34,5.0,4,0,0,72
Analytics,31,Bachelors,m,sourcing,1,33,4.0,6,0,0,88
Operations,15,Bachelors,f,other,1,32,1.0,3,0,0,61
Operations,31,Bachelors,m,sourcing,1,27,4.0,2,1,0,59
Sales & Marketing,2,Bachelors,m,sourcing,1,28,1.0,2,0,0,51
HR,22,Bachelors,m,other,1,31,1.0,4,0,0,52
Procurement,4,Masters & above,f,sourcing,1,41,1.0,7,0,0,72
Sales & Marketing,4,Bachelors,m,sourcing,1,50,5.0,17,0,0,53
Procurement,30,Bachelors,f,other,1,34,3.0,6,0,0,70
Sales & Marketing,22,Bachelors,m,referred,1,30,4.0,9,1,0,45
Analytics,31,Bachelors,m,sourcing,1,31,5.0,7,1,0,82
Technology,26,Masters & above,m,sourcing,1,32,3.0,8,0,0,79
Operations,22,Bachelors,m,other,1,23,2.0,2,0,0,59
Procurement,2,Masters & above,f,referred,1,38,5.0,3,1,0,70
Sales & Marketing,9,Masters & above,m,other,1,30,3.0,4,1,0,49
Procurement,4,Masters & above,m,sourcing,1,41,4.0,2,0,0,71
Procurement,23,Bachelors,m,sourcing,1,33,5.0,6,1,0,68
Operations,31,Bachelors,m,sourcing,1,40,3.0,4,0,0,57
Sales & Marketing,7,Bachelors,m,referred,1,32,5.0,2,1,0,52
Sales & Marketing,25,Masters & above,m,sourcing,1,36,5.0,8,0,0,66
HR,32,Bachelors,f,sourcing,1,32,3.0,7,1,0,51
Operations,31,Masters & above,m,sourcing,1,40,1.0,5,0,0,62
HR,4,Bachelors,m,sourcing,1,31,1.0,7,1,0,51
Finance,2,Bachelors,f,sourcing,1,43,3.0,14,0,0,60
Operations,3,Bachelors,m,sourcing,1,29,3.0,4,0,0,61
Sales & Marketing,23,Masters & above,m,sourcing,1,39,4.0,8,0,0,52
Technology,2,Bachelors,f,other,1,49,4.0,16,0,0,80
Technology,1,Masters & above,f,sourcing,1,32,3.0,7,1,0,78
Legal,2,Masters & above,m,sourcing,1,35,3.0,6,1,0,58
Operations,7,Bachelors,m,sourcing,1,58,5.0,8,0,0,59
Finance,32,Bachelors,m,sourcing,1,31,3.0,8,0,0,59
Sales & Marketing,10,Bachelors,m,other,2,36,3.0,9,0,0,49
Operations,27,Bachelors,m,sourcing,1,36,5.0,5,0,0,72
Technology,2,Bachelors,f,sourcing,2,34,3.0,5,0,0,82
Procurement,2,Masters & above,f,other,1,52,5.0,16,1,0,69
Sales & Marketing,31,Bachelors,f,sourcing,1,34,4.0,7,0,0,48
Sales & Marketing,20,Masters & above,m,other,1,41,4.0,14,0,0,52
Sales & Marketing,2,Bachelors,m,other,2,30,1.0,4,0,0,50
Operations,21,Masters & above,m,other,1,35,4.0,7,1,0,60
Sales & Marketing,25,Masters & above,m,sourcing,1,37,4.0,9,1,0,62
Operations,27,Bachelors,f,other,1,26,4.0,3,0,0,58
Analytics,2,Bachelors,m,other,3,33,3.0,4,0,0,81
Technology,2,Bachelors,m,other,1,57,4.0,5,0,0,79
Sales & Marketing,2,Bachelors,m,referred,1,36,3.0,4,0,0,48
HR,5,Bachelors,m,other,1,24,5.0,1,1,0,89
Operations,32,Bachelors,f,other,1,41,3.0,6,0,0,61
HR,29,Bachelors,m,other,1,30,3.0,5,0,0,52
Operations,16,Masters & above,m,sourcing,1,49,1.0,11,0,0,55
Operations,4,Masters & above,m,other,1,37,4.0,5,0,0,57
Sales & Marketing,14,Masters & above,m,sourcing,1,32,2.0,5,0,0,48
Technology,33,Bachelors,m,other,1,41,3.0,7,0,0,78
Technology,15,Bachelors,m,sourcing,2,33,3.0,6,0,0,77
Operations,28,Bachelors,f,sourcing,1,29,5.0,6,1,1,57
Procurement,23,Bachelors,m,other,3,31,4.0,5,0,0,73
Finance,2,Bachelors,f,sourcing,2,39,3.0,6,1,0,62
Procurement,1,Bachelors,m,sourcing,1,25,5.0,3,1,0,72
HR,22,Bachelors,m,sourcing,1,39,3.0,10,0,0,54
Technology,7,Masters & above,m,sourcing,2,34,5.0,2,0,0,80
Sales & Marketing,2,Bachelors,f,sourcing,1,47,5.0,4,0,0,51
Procurement,2,Bachelors,f,sourcing,1,59,1.0,29,0,0,65
Operations,6,Bachelors,f,other,1,30,3.0,2,0,0,58
Sales & Marketing,1,Masters & above,m,other,1,33,3.0,4,1,0,47
Operations,7,Bachelors,m,other,1,32,5.0,3,1,0,59
Operations,23,Masters & above,m,other,1,45,3.0,14,0,0,57
Procurement,22,Bachelors,m,other,2,28,4.0,4,1,0,71
Sales & Marketing,17,Masters & above,m,sourcing,1,35,3.0,7,1,0,49
Analytics,13,Bachelors,m,other,1,36,3.0,6,0,0,87
Sales & Marketing,7,Bachelors,m,other,1,39,1.0,7,0,0,49
Technology,31,Masters & above,m,other,1,41,2.0,12,0,0,78
Legal,22,Bachelors,m,referred,1,27,5.0,2,1,0,52
Legal,2,Bachelors,m,other,1,41,4.0,14,0,0,62
Finance,25,Masters & above,m,sourcing,1,33,4.0,10,0,0,56
Technology,20,Bachelors,m,sourcing,1,30,2.0,5,0,0,81
Technology,27,Bachelors,m,other,1,26,5.0,2,1,1,84
Procurement,19,Bachelors,m,sourcing,1,30,2.0,2,0,0,68
Operations,14,Masters & above,f,other,1,40,5.0,8,1,0,60
Procurement,2,Below Secondary,f,sourcing,1,25,3.0,2,0,0,68
Operations,23,Masters & above,f,other,1,35,4.0,9,0,0,61
Technology,7,Bachelors,m,sourcing,1,31,1.0,5,0,0,80
Sales & Marketing,7,Bachelors,m,sourcing,1,35,3.0,9,1,0,53
Procurement,2,Masters & above,f,other,2,59,3.0,17,0,0,67
Analytics,2,Bachelors,m,sourcing,2,27,3.0,2,0,0,85
Technology,2,Below Secondary,f,other,1,25,3.0,2,0,0,78
Technology,7,Masters & above,f,other,2,33,1.0,5,0,0,81
Analytics,19,Bachelors,m,other,1,36,3.0,7,0,0,86
Procurement,6,Bachelors,f,other,1,32,3.0,4,0,0,67
Technology,2,Bachelors,m,other,3,39,3.0,4,0,0,82
Sales & Marketing,14,Bachelors,m,other,1,37,3.0,3,0,0,50
Technology,6,Bachelors,m,other,1,33,4.0,4,1,1,97
Operations,22,Masters & above,f,referred,1,37,5.0,3,1,0,60
Finance,16,Bachelors,m,sourcing,1,29,5.0,6,1,0,57
HR,11,Bachelors,m,other,1,29,3.0,3,1,0,46
Technology,5,Bachelors,m,other,1,30,4.0,3,1,0,74
Operations,22,Bachelors,m,sourcing,1,37,3.0,3,0,1,91
Sales & Marketing,22,Bachelors,m,sourcing,1,30,3.0,8,1,0,46
Sales & Marketing,27,Bachelors,f,other,1,25,5.0,2,0,0,49
Operations,2,Masters & above,m,sourcing,1,60,5.0,17,0,0,61
Technology,22,Bachelors,m,sourcing,1,28,3.0,2,1,0,81
Sales & Marketing,11,Bachelors,m,sourcing,1,47,3.0,5,0,0,49
Technology,2,Bachelors,m,other,1,27,4.0,3,1,0,83
Procurement,29,Bachelors,f,other,1,29,3.0,2,1,0,65
Procurement,13,Masters & above,f,other,1,33,1.0,8,0,0,67
Procurement,10,Masters & above,m,other,1,35,2.0,8,0,0,67
Sales & Marketing,7,Bachelors,m,sourcing,1,53,3.0,17,0,0,45
Operations,22,Masters & above,m,other,1,45,1.0,3,0,0,57
Technology,22,Masters & above,f,sourcing,1,35,5.0,9,1,0,80
Technology,2,Bachelors,m,sourcing,1,43,1.0,10,0,0,84
Operations,2,Bachelors,f,sourcing,1,53,3.0,5,1,0,59
Sales & Marketing,22,Bachelors,m,sourcing,2,26,3.0,3,1,0,48
Sales & Marketing,7,Bachelors,m,sourcing,1,32,2.0,5,0,0,43
Procurement,13,Bachelors,f,sourcing,1,32,4.0,7,0,0,70
Sales & Marketing,11,Bachelors,m,sourcing,2,34,4.0,7,0,0,50
Technology,7,Masters & above,m,other,1,38,4.0,4,1,0,83
Sales & Marketing,21,Masters & above,m,other,1,28,3.0,5,0,0,51
Operations,11,Masters & above,f,sourcing,1,37,3.0,3,0,0,61
Operations,19,Bachelors,m,other,1,38,5.0,9,1,0,60
Operations,13,Masters & above,m,sourcing,1,42,5.0,12,1,0,57
Sales & Marketing,7,Masters & above,m,sourcing,1,35,5.0,3,1,0,52
R&D,26,Bachelors,m,sourcing,1,31,4.0,4,0,0,83
Procurement,1,Bachelors,m,sourcing,3,25,3.0,2,0,0,68
Operations,24,Bachelors,m,other,1,30,4.0,2,1,0,61
Finance,2,Bachelors,f,other,1,40,2.0,3,0,0,58
Operations,11,Bachelors,f,sourcing,1,27,2.0,4,1,0,58
Technology,22,Bachelors,m,sourcing,3,26,4.0,3,1,0,76
Sales & Marketing,2,Bachelors,f,other,1,24,3.0,3,0,0,61
Technology,4,Masters & above,m,other,1,47,1.0,14,0,0,79
Finance,2,Masters & above,m,other,1,57,3.0,14,0,0,56
Sales & Marketing,31,Bachelors,f,other,1,28,3.0,3,0,0,49
Procurement,4,Masters & above,f,other,1,37,3.0,3,0,0,67
Operations,25,Masters & above,m,other,1,34,5.0,9,0,0,61
Operations,7,Bachelors,m,other,2,33,2.0,4,1,0,53
Operations,2,Masters & above,f,other,1,43,3.0,4,0,0,62
Analytics,7,Bachelors,m,sourcing,2,32,5.0,6,1,0,87
Technology,33,Masters & above,m,other,1,48,3.0,5,0,0,81
Procurement,7,Bachelors,m,sourcing,1,31,3.0,7,0,0,71
Sales & Marketing,1,Masters & above,m,sourcing,1,30,3.0,4,1,0,51
Sales & Marketing,16,Bachelors,m,other,1,43,3.0,13,1,0,50
Operations,22,Masters & above,f,referred,1,36,4.0,8,0,0,60
Legal,2,Masters & above,m,sourcing,1,52,4.0,16,0,0,60
Technology,2,Bachelors,m,sourcing,1,51,3.0,3,0,0,76
Procurement,7,Masters & above,f,other,1,42,3.0,3,0,0,82
Analytics,28,Bachelors,m,sourcing,2,37,5.0,6,1,0,84
Sales & Marketing,27,Masters & above,m,other,1,36,5.0,9,0,0,51
Finance,2,Bachelors,m,other,1,33,5.0,9,0,0,62
Operations,23,Bachelors,m,sourcing,1,34,5.0,9,0,0,54
Operations,16,Masters & above,m,other,1,44,3.0,12,0,0,63
Sales & Marketing,7,Bachelors,m,other,1,43,5.0,5,0,0,49
Technology,2,Bachelors,f,referred,1,31,4.0,4,0,0,85
Sales & Marketing,31,Bachelors,m,other,1,28,5.0,2,0,0,53
HR,2,Bachelors,f,sourcing,1,32,5.0,6,1,0,48
Analytics,28,Bachelors,m,sourcing,1,40,3.0,6,1,0,87
Procurement,7,Bachelors,m,other,1,42,3.0,11,0,0,72
Operations,11,Bachelors,m,sourcing,2,29,4.0,5,0,0,57
Sales & Marketing,7,Bachelors,m,other,4,39,1.0,10,0,0,55
Analytics,2,Bachelors,m,other,2,35,2.0,8,0,0,89
Procurement,2,Masters & above,m,sourcing,5,43,3.0,11,0,0,65
Procurement,13,Masters & above,m,other,1,55,1.0,25,0,0,67
Technology,2,Masters & above,f,referred,1,55,1.0,19,0,0,80
Technology,26,Bachelors,m,sourcing,1,37,2.0,4,0,0,76
Operations,19,Bachelors,m,other,1,33,4.0,7,1,0,66
Procurement,7,Masters & above,m,other,1,31,3.0,2,0,0,71
Procurement,7,Bachelors,m,other,1,29,3.0,5,0,0,72
Technology,13,Bachelors,f,other,1,27,3.0,2,0,0,79
Sales & Marketing,23,Bachelors,m,sourcing,1,38,1.0,11,0,0,52
Sales & Marketing,6,Bachelors,m,other,1,31,1.0,4,1,0,45
Sales & Marketing,15,Bachelors,m,other,1,30,3.0,6,1,0,49
Sales & Marketing,7,Bachelors,f,other,1,28,5.0,5,1,0,54
Operations,7,Bachelors,m,other,1,31,5.0,6,1,0,64
Sales & Marketing,23,Bachelors,m,other,1,32,1.0,5,0,0,52
Operations,2,Masters & above,f,sourcing,1,58,3.0,2,1,0,62
Operations,2,Bachelors,m,sourcing,1,36,3.0,9,0,0,55
Operations,28,Bachelors,f,sourcing,1,29,3.0,6,0,0,59
Technology,7,Bachelors,m,sourcing,1,28,3.0,5,1,0,83
Sales & Marketing,4,Masters & above,m,other,1,38,3.0,5,0,0,51
Finance,25,Masters & above,m,other,1,33,5.0,6,0,0,60
Analytics,28,Bachelors,m,other,2,29,3.0,2,0,0,85
Sales & Marketing,19,Bachelors,m,sourcing,1,29,5.0,2,1,0,45
Operations,22,Masters & above,f,sourcing,1,33,3.0,7,0,0,61
HR,2,Masters & above,f,other,1,50,1.0,16,0,0,49
HR,2,Bachelors,m,other,1,38,2.0,7,0,0,53
Procurement,27,Bachelors,f,sourcing,1,41,4.0,4,1,0,71
Operations,15,Bachelors,m,sourcing,1,35,2.0,5,0,0,60
Sales & Marketing,2,Bachelors,f,sourcing,1,30,2.0,3,0,0,47
Analytics,6,Bachelors,m,sourcing,1,34,5.0,5,1,0,86
Operations,22,Masters & above,m,referred,1,37,4.0,3,0,0,63
Technology,15,Bachelors,m,other,3,48,3.0,7,0,0,82
Analytics,4,Bachelors,m,sourcing,1,35,4.0,4,0,0,87
Analytics,31,Bachelors,m,sourcing,1,27,5.0,4,1,0,89
Finance,7,Bachelors,f,sourcing,1,29,4.0,4,0,0,58
Sales & Marketing,22,Bachelors,f,other,1,26,3.0,3,0,0,51
Operations,29,Masters & above,f,other,1,36,3.0,3,0,0,59
Procurement,5,Bachelors,f,sourcing,1,34,5.0,4,0,0,67
Operations,12,Bachelors,f,other,1,27,5.0,5,1,0,62
Procurement,2,Bachelors,f,sourcing,1,39,4.0,5,0,0,67
Operations,8,Bachelors,m,other,1,28,3.0,8,0,0,59
Operations,12,Bachelors,f,other,1,37,3.0,12,0,0,60
Sales & Marketing,2,Masters & above,m,other,2,55,3.0,4,0,0,50
Finance,2,Bachelors,f,other,1,34,4.0,7,0,0,57
Legal,2,Bachelors,m,other,1,38,5.0,7,0,0,60
Technology,22,Bachelors,m,other,1,26,4.0,2,0,0,79
Procurement,22,Bachelors,f,other,1,28,5.0,3,1,0,74
Operations,3,Bachelors,f,other,1,31,5.0,4,1,0,61
Operations,2,Bachelors,m,sourcing,2,30,3.0,7,1,0,60
Operations,15,Masters & above,f,other,1,44,1.0,2,0,0,63
Analytics,31,Bachelors,m,other,1,30,2.0,3,0,0,86
Finance,2,Bachelors,m,other,3,39,5.0,8,1,0,63
Sales & Marketing,2,Bachelors,m,sourcing,1,36,3.0,8,0,0,50
Operations,22,Bachelors,m,sourcing,1,27,4.0,5,0,0,63
Sales & Marketing,31,Masters & above,m,sourcing,2,33,1.0,8,0,0,52
HR,2,Masters & above,m,other,1,31,1.0,7,0,0,47
Technology,7,Bachelors,f,other,2,30,3.0,5,1,0,76
Operations,4,Bachelors,m,other,1,26,3.0,3,1,0,56
Operations,22,Masters & above,m,other,1,32,5.0,6,0,0,71
Sales & Marketing,4,Bachelors,m,other,2,29,1.0,6,0,0,50
Legal,31,Bachelors,m,sourcing,1,29,3.0,3,0,0,56
Operations,15,Bachelors,m,referred,1,38,5.0,5,1,0,57
Sales & Marketing,2,Masters & above,m,sourcing,1,47,4.0,15,0,0,49
Analytics,2,Bachelors,m,sourcing,1,45,3.0,4,0,0,85
Sales & Marketing,2,Bachelors,f,other,1,39,2.0,6,0,0,52
Analytics,15,Masters & above,m,other,2,29,1.0,3,0,0,83
Operations,2,Masters & above,m,other,1,42,2.0,7,0,0,58
Procurement,13,Bachelors,m,sourcing,2,29,3.0,3,0,0,73
Sales & Marketing,2,Masters & above,f,other,1,31,5.0,5,1,0,54
Sales & Marketing,29,Bachelors,m,other,1,27,5.0,2,1,0,47
Analytics,22,Bachelors,m,sourcing,1,38,1.0,4,0,0,85
Sales & Marketing,2,Bachelors,m,other,1,37,5.0,4,1,0,45
Sales & Marketing,16,Bachelors,m,other,2,53,1.0,5,1,0,48
Operations,12,Bachelors,f,other,2,30,3.0,7,0,0,62
Procurement,15,Bachelors,m,other,1,42,4.0,5,1,0,61
Finance,2,Below Secondary,m,other,1,23,4.0,2,0,0,63
Sales & Marketing,26,Bachelors,m,sourcing,2,29,3.0,7,0,0,47
Analytics,31,Bachelors,m,other,2,29,3.0,1,0,0,84
Sales & Marketing,16,Bachelors,m,sourcing,1,29,4.0,5,0,0,50
Sales & Marketing,26,Bachelors,m,sourcing,4,31,1.0,4,0,0,49
Sales & Marketing,2,Bachelors,m,sourcing,2,34,3.0,7,0,0,52
Operations,12,Bachelors,f,sourcing,1,31,3.0,4,0,0,64
Operations,22,Masters & above,f,sourcing,2,41,5.0,7,0,0,62
Procurement,25,Masters & above,m,sourcing,3,36,3.0,4,0,0,68
Procurement,7,Masters & above,f,other,1,41,4.0,2,1,1,67
HR,2,Bachelors,m,sourcing,1,36,3.0,5,1,0,53
Operations,4,Bachelors,f,sourcing,1,27,4.0,3,1,0,61
Technology,7,Bachelors,m,other,2,38,4.0,9,0,0,83
Sales & Marketing,23,Bachelors,m,sourcing,1,41,5.0,7,1,0,47
Sales & Marketing,2,Bachelors,m,other,1,55,5.0,18,0,0,49
Procurement,2,Masters & above,m,other,1,36,3.0,3,1,0,67
Sales & Marketing,22,Bachelors,f,other,1,29,5.0,3,1,0,49
Operations,31,Bachelors,f,other,1,33,3.0,8,1,0,57
Operations,13,Bachelors,m,other,1,33,3.0,3,0,0,58
Finance,7,Bachelors,m,sourcing,1,33,3.0,9,0,0,63
Operations,15,Bachelors,f,other,1,29,4.0,1,0,0,61
Procurement,12,Bachelors,f,other,1,34,3.0,8,0,0,72
HR,2,Masters & above,m,sourcing,1,42,3.0,6,1,0,49
Sales & Marketing,2,Bachelors,m,sourcing,1,34,1.0,3,0,0,48
Sales & Marketing,23,Bachelors,m,other,1,36,1.0,9,0,0,49
Sales & Marketing,4,Bachelors,f,other,1,33,5.0,3,0,0,52
Sales & Marketing,3,Bachelors,m,sourcing,1,31,5.0,4,1,0,47
Operations,30,Bachelors,m,other,1,29,1.0,3,0,0,60
Analytics,2,Masters & above,m,sourcing,1,48,3.0,6,0,0,81
Sales & Marketing,13,Bachelors,m,sourcing,1,35,4.0,7,0,0,44
Legal,2,Bachelors,m,referred,1,30,5.0,2,1,0,62
Operations,23,Bachelors,f,other,1,36,5.0,2,1,0,61
Technology,23,Bachelors,m,other,1,32,5.0,3,1,0,76
Technology,22,Bachelors,m,other,2,39,3.0,10,0,0,77
Analytics,5,Masters & above,m,other,1,37,3.0,12,0,0,87
Technology,13,Below Secondary,m,sourcing,2,23,5.0,2,0,0,92
Procurement,2,Masters & above,f,other,1,48,4.0,7,1,0,70
Technology,22,Bachelors,m,sourcing,1,29,2.0,3,0,0,80
Sales & Marketing,30,Masters & above,m,other,2,37,3.0,9,0,0,50
Procurement,28,Masters & above,m,sourcing,1,32,3.0,5,0,0,67
Technology,2,Masters & above,m,other,2,35,3.0,3,1,0,77
Sales & Marketing,22,Bachelors,m,sourcing,1,25,5.0,2,1,0,45
Sales & Marketing,26,Masters & above,m,sourcing,1,39,5.0,2,0,0,49
Procurement,17,Bachelors,f,other,1,43,4.0,8,0,0,69
Analytics,15,Bachelors,m,sourcing,1,38,5.0,8,0,0,82
Operations,7,Bachelors,f,other,1,36,5.0,4,1,0,57
Procurement,15,Bachelors,f,other,1,33,4.0,4,1,0,65
Analytics,28,Masters & above,m,sourcing,1,38,3.0,5,0,0,85
Operations,13,Bachelors,m,sourcing,1,43,2.0,4,0,0,58
Technology,26,Bachelors,m,referred,1,26,5.0,3,1,0,73
Finance,8,Bachelors,m,other,1,30,2.0,5,1,1,95
Procurement,22,Masters & above,m,sourcing,1,54,4.0,2,1,1,69
Technology,2,Masters & above,m,other,1,47,4.0,10,0,0,79
Sales & Marketing,2,Bachelors,m,sourcing,1,40,3.0,10,1,0,51
Technology,13,Masters & above,f,referred,1,38,4.0,9,0,0,79
Sales & Marketing,22,Bachelors,f,other,2,26,3.0,2,0,0,48
Operations,2,Bachelors,f,other,1,55,4.0,19,0,0,57
Finance,7,Bachelors,m,other,1,27,4.0,5,0,0,66
Technology,7,Masters & above,m,sourcing,1,37,5.0,7,1,0,77
Technology,28,Bachelors,m,other,2,28,1.0,3,0,0,78
Operations,26,Masters & above,m,other,1,39,3.0,12,0,0,60
Procurement,11,Bachelors,m,other,1,37,3.0,10,0,0,66
Analytics,2,Masters & above,m,other,1,37,5.0,12,0,0,85
Finance,2,Bachelors,f,other,1,50,4.0,15,0,0,65
Operations,22,Masters & above,f,other,1,34,3.0,10,0,0,62
Operations,22,Bachelors,m,sourcing,2,24,5.0,3,0,0,59
Operations,7,Bachelors,m,other,1,42,3.0,12,1,0,60
Finance,31,Masters & above,m,other,1,32,1.0,5,0,0,58
Procurement,2,Bachelors,m,other,1,59,3.0,19,0,0,69
Sales & Marketing,28,Masters & above,m,other,2,34,4.0,5,1,0,50
Operations,13,Bachelors,f,other,1,45,5.0,15,1,0,61
Sales & Marketing,9,Masters & above,m,other,2,33,1.0,6,0,0,46
Sales & Marketing,27,Bachelors,m,sourcing,1,29,1.0,3,1,0,52
Operations,26,Bachelors,m,sourcing,1,29,2.0,2,0,0,55
Technology,7,Bachelors,f,sourcing,1,28,3.0,4,0,0,81
Technology,2,Bachelors,f,sourcing,2,26,3.0,4,0,0,73
Procurement,2,Bachelors,m,other,1,30,3.0,3,0,0,68
Sales & Marketing,22,Bachelors,m,sourcing,1,35,3.0,5,1,0,54
Operations,22,Bachelors,m,referred,1,32,5.0,6,0,0,61
Legal,22,Bachelors,f,sourcing,1,28,1.0,2,0,0,57
Operations,2,Bachelors,f,sourcing,1,45,4.0,7,0,0,64
Operations,26,Masters & above,m,other,1,32,2.0,7,0,0,58
Sales & Marketing,22,Masters & above,f,sourcing,1,33,1.0,10,0,0,49
Analytics,22,Bachelors,m,sourcing,1,41,1.0,8,0,0,86
Sales & Marketing,22,Bachelors,m,other,2,32,1.0,4,0,0,47
Operations,2,Bachelors,f,other,1,55,5.0,9,1,0,59
Analytics,25,Bachelors,f,sourcing,2,29,4.0,8,0,0,82
Analytics,2,Bachelors,m,other,1,26,4.0,4,1,0,85
Procurement,24,Bachelors,m,other,1,31,3.0,3,0,0,68
Sales & Marketing,22,Masters & above,m,sourcing,1,37,1.0,4,0,0,48
Sales & Marketing,26,Bachelors,m,other,1,44,5.0,14,1,0,50
Analytics,22,Masters & above,m,other,2,43,3.0,9,0,0,82
Procurement,15,Bachelors,m,sourcing,1,35,1.0,9,0,0,71
Procurement,26,Masters & above,f,other,1,60,4.0,22,0,0,75
Technology,7,Masters & above,m,other,1,32,5.0,6,1,0,83
HR,26,Bachelors,m,other,1,28,5.0,3,1,0,53
Sales & Marketing,1,Masters & above,m,sourcing,1,38,5.0,5,1,0,50
HR,2,Masters & above,f,sourcing,1,55,4.0,23,1,0,51
Sales & Marketing,15,Bachelors,f,other,1,31,5.0,2,1,0,48
Technology,10,Masters & above,m,other,1,33,3.0,5,1,0,78
Operations,2,Bachelors,m,other,2,34,2.0,6,1,0,61
Technology,2,Bachelors,m,other,1,26,3.0,3,0,0,80
Procurement,29,Bachelors,m,other,1,36,3.0,10,1,0,71
Technology,22,Bachelors,m,sourcing,1,29,3.0,5,1,0,72
Sales & Marketing,7,Bachelors,m,other,1,34,3.0,3,0,0,45
Operations,4,Masters & above,m,sourcing,1,47,4.0,7,0,0,66
Sales & Marketing,6,Bachelors,f,other,1,26,5.0,4,1,0,48
Procurement,11,Bachelors,m,sourcing,1,40,2.0,6,1,0,71
Operations,22,Bachelors,f,sourcing,2,55,5.0,14,0,0,59
Sales & Marketing,3,Masters & above,m,other,1,35,1.0,5,1,0,53
Sales & Marketing,4,Bachelors,m,other,3,26,3.0,3,0,0,49
Analytics,7,Bachelors,m,other,2,31,3.0,6,0,0,82
Technology,15,Bachelors,f,sourcing,3,34,4.0,7,0,0,77
HR,16,Below Secondary,f,sourcing,1,24,4.0,1,0,0,49
Technology,21,Bachelors,m,other,1,27,1.0,5,1,0,79
Analytics,31,Masters & above,m,other,2,36,5.0,7,0,0,93
Operations,2,Bachelors,m,sourcing,2,50,3.0,14,0,0,59
Sales & Marketing,22,Masters & above,m,sourcing,2,32,3.0,8,0,0,51
Analytics,32,Bachelors,m,sourcing,2,34,3.0,6,1,0,86
HR,27,Masters & above,f,other,1,33,3.0,5,0,0,48
Sales & Marketing,15,Bachelors,m,other,1,33,5.0,3,1,0,48
Sales & Marketing,3,Bachelors,m,sourcing,1,35,2.0,4,1,0,43
Procurement,27,Masters & above,m,other,1,40,5.0,13,1,0,73
Sales & Marketing,26,Bachelors,m,sourcing,1,41,3.0,12,1,0,46
Sales & Marketing,29,Bachelors,m,sourcing,1,27,4.0,3,1,0,61
HR,2,Masters & above,f,referred,1,54,5.0,14,1,0,46
Operations,3,Masters & above,m,other,1,34,3.0,4,0,0,55
Sales & Marketing,2,Bachelors,m,sourcing,1,51,3.0,6,1,1,49
Legal,26,Bachelors,m,other,1,35,4.0,3,0,0,59
Finance,2,Bachelors,m,other,2,29,5.0,3,0,0,60
Procurement,2,Masters & above,f,sourcing,2,40,3.0,3,1,0,67
Procurement,26,Bachelors,f,sourcing,1,33,5.0,7,1,0,68
Sales & Marketing,16,Bachelors,f,sourcing,2,34,3.0,7,0,0,52
Sales & Marketing,2,Masters & above,f,sourcing,1,38,3.0,9,1,0,46
R&D,7,Bachelors,m,sourcing,1,35,5.0,7,1,0,84
Operations,13,Masters & above,f,other,1,40,4.0,13,0,0,64
Analytics,29,Bachelors,m,sourcing,1,32,1.0,6,0,0,82
Analytics,8,Bachelors,m,sourcing,1,32,5.0,3,1,0,86
Procurement,15,Bachelors,f,sourcing,1,34,3.0,9,1,0,64
Technology,17,Masters & above,m,other,1,37,3.0,4,0,0,80
R&D,4,Masters & above,m,sourcing,1,37,3.0,7,1,0,89
HR,5,Masters & above,m,sourcing,1,37,3.0,3,0,0,57
Technology,13,Bachelors,f,sourcing,1,34,3.0,4,0,0,79
Procurement,2,Bachelors,m,sourcing,1,52,5.0,7,1,0,70
Sales & Marketing,31,Bachelors,f,sourcing,1,27,5.0,3,0,0,48
Legal,30,Bachelors,m,sourcing,1,28,5.0,4,1,0,57
Analytics,22,Bachelors,m,sourcing,3,33,5.0,7,1,0,88
Procurement,22,Bachelors,m,other,1,57,5.0,15,1,0,72
Sales & Marketing,29,Bachelors,m,other,1,34,1.0,5,0,0,50
Operations,6,Bachelors,f,sourcing,1,32,4.0,4,1,0,58
Sales & Marketing,16,Bachelors,f,sourcing,1,31,4.0,6,0,0,48
Finance,2,Bachelors,m,sourcing,1,26,3.0,2,1,0,58
Operations,32,Bachelors,m,other,1,39,3.0,5,0,0,59
Procurement,2,Bachelors,m,sourcing,2,36,3.0,10,0,0,69
R&D,22,Bachelors,m,other,4,36,4.0,5,0,0,84
Technology,16,Masters & above,m,other,1,49,5.0,16,1,0,79
Sales & Marketing,2,Bachelors,m,other,2,30,2.0,3,0,0,46
Procurement,2,Bachelors,f,other,2,46,3.0,6,0,0,73
Procurement,17,Masters & above,m,other,1,43,3.0,13,0,0,70
Sales & Marketing,31,Bachelors,f,sourcing,1,26,1.0,2,0,0,50
Technology,22,Masters & above,f,sourcing,1,41,3.0,3,1,0,80
Operations,2,Bachelors,f,sourcing,1,45,5.0,12,1,0,58
HR,17,Bachelors,f,other,1,33,3.0,2,0,0,53
Operations,23,Bachelors,f,other,1,42,4.0,10,0,0,59
Sales & Marketing,2,Bachelors,m,other,1,57,1.0,7,0,0,44
Analytics,2,Bachelors,m,sourcing,1,35,4.0,3,1,0,86
Procurement,2,Masters & above,f,other,1,44,3.0,8,0,0,71
Operations,22,Masters & above,m,other,2,39,3.0,5,1,0,53
Analytics,26,Masters & above,m,other,1,38,5.0,2,1,0,86
Technology,2,Bachelors,m,sourcing,1,39,4.0,10,1,0,75
Sales & Marketing,26,Bachelors,m,sourcing,1,52,4.0,18,0,0,49
Sales & Marketing,33,Masters & above,m,sourcing,1,36,3.0,4,0,0,49
Procurement,19,Bachelors,m,sourcing,1,32,5.0,10,0,0,85
Procurement,7,Bachelors,m,other,1,33,1.0,9,0,0,73
Procurement,15,Masters & above,f,sourcing,1,45,3.0,4,0,0,74
Technology,6,Bachelors,f,sourcing,1,28,1.0,5,0,0,81
Sales & Marketing,21,Bachelors,m,sourcing,1,31,3.0,4,0,0,46
Technology,29,Bachelors,m,other,1,31,1.0,7,0,0,78
Technology,32,Bachelors,m,other,1,30,2.0,4,0,0,80
Procurement,23,Masters & above,f,other,1,33,5.0,5,1,0,64
Operations,3,Masters & above,f,other,1,36,5.0,2,1,0,62
Sales & Marketing,15,Bachelors,m,sourcing,2,31,5.0,7,1,0,48
Analytics,31,Bachelors,m,other,1,35,1.0,3,0,0,86
Technology,2,Masters & above,m,other,2,55,3.0,2,0,0,82
Technology,30,Bachelors,m,other,1,30,1.0,5,0,0,75
Technology,2,Masters & above,f,referred,2,33,3.0,3,0,0,77
Procurement,24,Masters & above,m,other,1,40,2.0,13,0,0,65
Legal,15,Bachelors,m,sourcing,1,33,3.0,3,0,0,64
Operations,7,Bachelors,m,other,1,57,1.0,17,0,0,62
Legal,2,Bachelors,m,other,1,37,3.0,3,0,0,55
Procurement,30,Bachelors,m,other,1,36,3.0,10,0,0,72
Procurement,26,Bachelors,f,other,1,38,3.0,5,0,0,69
HR,13,Bachelors,f,other,1,31,3.0,2,1,0,47
Operations,16,Masters & above,m,other,1,44,4.0,14,0,0,63
Technology,22,Masters & above,m,other,3,34,4.0,10,0,0,78
Technology,2,Below Secondary,m,other,1,22,4.0,2,1,0,78
Procurement,22,Bachelors,m,sourcing,4,29,3.0,6,0,0,68
Procurement,29,Bachelors,m,other,1,31,5.0,4,1,0,67
Operations,7,Bachelors,m,other,1,29,1.0,8,0,0,59
R&D,11,Bachelors,m,other,1,31,5.0,2,1,0,86
Sales & Marketing,15,Bachelors,m,sourcing,1,27,1.0,1,0,0,53
Technology,33,Bachelors,m,other,1,41,5.0,9,1,0,83
Procurement,7,Masters & above,f,sourcing,1,38,5.0,7,1,0,74
Technology,7,Masters & above,m,other,1,34,2.0,5,0,0,77
Procurement,26,Bachelors,f,other,1,26,3.0,2,0,0,66
Sales & Marketing,17,Bachelors,m,other,1,31,4.0,5,0,0,51
Technology,5,Bachelors,f,other,1,28,1.0,3,0,0,83
Sales & Marketing,13,Masters & above,m,sourcing,1,38,5.0,4,0,0,53
Sales & Marketing,2,Bachelors,m,other,1,49,5.0,11,0,0,51
Technology,2,Masters & above,f,sourcing,1,54,1.0,18,0,0,78
Operations,27,Bachelors,m,other,2,33,4.0,8,0,0,57
Sales & Marketing,3,Bachelors,f,other,1,31,1.0,8,0,0,54
Analytics,32,Bachelors,f,other,1,27,1.0,3,0,0,83
Analytics,14,Bachelors,m,sourcing,1,33,5.0,4,1,0,84
Operations,2,Bachelors,f,sourcing,2,30,5.0,5,1,0,55
Operations,6,Bachelors,m,other,2,39,4.0,4,0,0,59
Procurement,23,Bachelors,m,sourcing,1,31,3.0,4,0,0,70
Sales & Marketing,31,Bachelors,m,other,1,32,4.0,3,1,0,43
Sales & Marketing,32,Bachelors,m,other,1,31,3.0,4,0,0,47
Procurement,31,Masters & above,m,other,1,38,1.0,3,1,0,71
Operations,26,Masters & above,f,other,1,33,3.0,9,0,0,55
Sales & Marketing,11,Bachelors,m,sourcing,2,29,3.0,5,0,0,49
Technology,2,Masters & above,m,other,1,40,5.0,8,1,0,82
Procurement,7,Masters & above,f,sourcing,1,32,5.0,7,1,0,68
Sales & Marketing,22,Bachelors,m,sourcing,1,28,4.0,5,1,0,46
Procurement,16,Bachelors,f,other,1,29,5.0,2,1,0,70
Sales & Marketing,11,Bachelors,m,sourcing,1,35,5.0,3,0,0,50
Sales & Marketing,2,Bachelors,m,sourcing,2,28,2.0,6,0,0,47
Sales & Marketing,25,Bachelors,f,sourcing,1,27,3.0,3,1,0,48
Sales & Marketing,5,Bachelors,m,other,1,44,3.0,16,0,0,53
Finance,2,Bachelors,m,sourcing,1,32,5.0,3,1,0,57
Procurement,26,Bachelors,m,other,2,37,5.0,10,1,0,70
Technology,15,Bachelors,m,other,1,31,5.0,4,0,0,83
Operations,16,Bachelors,m,other,1,39,5.0,4,1,0,55
Technology,7,Bachelors,f,sourcing,2,43,3.0,9,1,0,79
Operations,19,Bachelors,f,other,1,41,2.0,4,0,0,62
Procurement,2,Bachelors,m,referred,1,30,5.0,5,1,0,72
Technology,34,Bachelors,m,sourcing,1,29,1.0,4,0,0,78
Procurement,17,Masters & above,f,other,2,36,3.0,9,0,1,70
Sales & Marketing,7,Bachelors,m,other,1,31,3.0,5,1,0,50
Procurement,15,Masters & above,m,other,1,41,5.0,10,1,0,72
Finance,29,Bachelors,m,other,1,29,1.0,3,0,0,62
Sales & Marketing,31,Bachelors,m,other,1,46,1.0,11,0,0,50
Procurement,10,Masters & above,m,sourcing,1,44,3.0,17,0,0,75
Finance,28,Masters & above,m,other,1,34,3.0,7,0,0,56
Sales & Marketing,13,Masters & above,m,other,1,41,3.0,8,0,0,53
Sales & Marketing,13,Bachelors,m,other,3,31,3.0,2,1,1,48
Operations,8,Bachelors,m,other,2,37,1.0,4,0,0,58
Sales & Marketing,15,Bachelors,m,sourcing,1,42,5.0,14,0,0,50
R&D,22,Bachelors,m,referred,1,28,4.0,2,0,0,80
Technology,2,Masters & above,f,sourcing,2,50,5.0,20,1,0,80
Procurement,7,Bachelors,f,other,1,29,5.0,2,0,0,70
Sales & Marketing,12,Bachelors,m,other,1,30,1.0,2,0,0,56
Technology,22,Bachelors,m,sourcing,5,28,1.0,2,1,0,76
Procurement,2,Bachelors,f,sourcing,1,57,4.0,25,0,0,66
Procurement,2,Bachelors,m,sourcing,1,30,4.0,4,0,0,69
Procurement,22,Bachelors,f,other,3,25,4.0,3,0,0,69
Technology,2,Bachelors,m,other,1,58,4.0,3,1,0,79
Sales & Marketing,2,Masters & above,m,other,1,32,5.0,4,1,0,42
Sales & Marketing,7,Masters & above,m,other,1,36,5.0,3,1,0,54
Finance,2,Bachelors,m,sourcing,1,52,3.0,13,0,0,60
Sales & Marketing,11,Bachelors,f,other,1,37,3.0,7,0,0,50
Sales & Marketing,7,Masters & above,m,sourcing,2,43,3.0,12,0,0,51
Procurement,26,Bachelors,m,other,1,27,2.0,4,0,0,72
Sales & Marketing,31,Masters & above,m,sourcing,2,32,4.0,3,1,0,49
Operations,16,Bachelors,m,other,1,27,4.0,2,0,0,59
Sales & Marketing,22,Bachelors,m,referred,1,31,4.0,6,0,0,51
Technology,7,Bachelors,m,other,1,30,3.0,5,1,0,78
Sales & Marketing,9,Masters & above,m,other,1,28,1.0,2,0,0,50
Sales & Marketing,12,Bachelors,m,sourcing,1,30,3.0,5,0,0,49
Procurement,2,Masters & above,f,other,1,57,4.0,7,1,0,67
Operations,10,Bachelors,f,other,1,36,4.0,10,1,0,58
Technology,2,Masters & above,m,other,2,60,3.0,6,0,0,83
Operations,15,Bachelors,m,sourcing,1,41,4.0,2,0,0,60
Sales & Marketing,16,Bachelors,m,other,1,37,3.0,4,1,0,46
Technology,15,Bachelors,m,sourcing,2,36,5.0,3,1,0,80
Operations,22,Bachelors,f,other,1,31,4.0,5,0,0,64
Sales & Marketing,29,Bachelors,m,other,1,27,3.0,4,0,0,65
Sales & Marketing,2,Masters & above,f,sourcing,1,41,2.0,5,0,0,47
Analytics,25,Bachelors,m,other,1,29,3.0,2,1,1,94
Procurement,13,Masters & above,m,sourcing,1,37,3.0,7,1,0,70
Operations,19,Bachelors,m,sourcing,1,42,5.0,14,0,0,54
Operations,7,Masters & above,m,sourcing,2,36,5.0,7,1,0,66
R&D,22,Masters & above,m,sourcing,2,31,5.0,8,1,0,89
Sales & Marketing,30,Bachelors,m,other,2,39,2.0,8,0,0,52
Sales & Marketing,28,Bachelors,m,other,3,32,5.0,2,1,0,46
Analytics,32,Bachelors,m,other,1,35,3.0,2,1,0,86
Sales & Marketing,1,Bachelors,m,other,1,31,4.0,6,0,0,50
Procurement,2,Bachelors,f,other,4,30,1.0,5,0,0,71
Operations,26,Bachelors,m,sourcing,1,43,3.0,12,0,0,60
Legal,2,Bachelors,m,other,1,55,3.0,8,0,0,62
Sales & Marketing,2,Masters & above,m,other,1,46,5.0,16,0,1,62
Sales & Marketing,2,Masters & above,m,sourcing,1,43,4.0,11,0,0,48
Analytics,28,Bachelors,m,other,4,28,3.0,2,0,0,88
Sales & Marketing,2,Bachelors,m,other,1,34,2.0,2,0,0,47
Sales & Marketing,16,Bachelors,m,sourcing,1,36,3.0,4,0,0,53
R&D,11,Masters & above,m,other,1,28,4.0,2,1,0,85
Procurement,34,Bachelors,m,other,1,30,5.0,5,1,0,65
Finance,4,Bachelors,f,other,1,34,5.0,5,0,0,69
Operations,2,Bachelors,f,sourcing,1,40,4.0,11,0,0,61
Analytics,25,Bachelors,m,other,1,31,4.0,4,0,0,79
Operations,7,Bachelors,f,other,2,50,4.0,20,0,0,64
Sales & Marketing,2,Masters & above,f,other,1,43,5.0,6,1,0,52
Technology,22,Masters & above,f,other,2,35,3.0,3,0,0,79
Operations,2,Bachelors,f,other,1,29,5.0,7,1,0,60
Operations,8,Bachelors,f,other,2,28,2.0,5,0,0,64
Technology,13,Bachelors,f,sourcing,1,29,1.0,2,0,0,71
Procurement,7,Masters & above,m,other,2,42,5.0,14,1,0,68
Finance,2,Masters & above,m,other,1,32,1.0,3,1,0,56
Sales & Marketing,22,Bachelors,f,other,2,26,2.0,3,1,0,51
Finance,2,Below Secondary,f,sourcing,1,25,5.0,2,1,0,63
Analytics,22,Bachelors,m,sourcing,2,32,4.0,7,1,0,86
Procurement,17,Bachelors,f,sourcing,2,34,5.0,7,0,0,64
Procurement,2,Bachelors,m,other,1,46,3.0,7,0,0,71
Operations,17,Bachelors,f,other,1,27,4.0,1,0,1,58
Sales & Marketing,31,Masters & above,m,sourcing,1,31,3.0,6,0,0,50
Sales & Marketing,2,Bachelors,m,other,2,41,1.0,5,1,0,49
Sales & Marketing,15,Bachelors,m,sourcing,4,35,1.0,7,1,1,52
Sales & Marketing,11,Bachelors,m,other,1,47,1.0,4,0,0,50
Operations,6,Bachelors,m,other,1,26,5.0,4,1,0,62
Operations,4,Masters & above,f,other,1,51,4.0,9,0,0,60
Legal,2,Below Secondary,m,other,1,27,5.0,4,1,0,55
Procurement,27,Bachelors,m,other,1,43,3.0,4,1,1,70
Technology,8,Masters & above,f,other,1,32,3.0,3,0,0,82
Operations,7,Masters & above,f,other,1,36,1.0,7,0,0,56
Analytics,2,Bachelors,m,other,1,32,4.0,6,0,0,90
Sales & Marketing,27,Bachelors,m,other,1,31,5.0,10,0,0,52
Finance,2,Masters & above,f,sourcing,1,43,4.0,10,0,0,61
Sales & Marketing,12,Bachelors,m,other,1,33,3.0,2,0,0,54
Operations,2,Bachelors,m,other,1,36,1.0,9,0,0,56
Operations,8,Masters & above,m,sourcing,1,42,3.0,7,1,0,59
Technology,15,Bachelors,f,other,1,27,3.0,3,0,0,79
Sales & Marketing,30,Bachelors,m,sourcing,1,33,1.0,3,0,0,49
Operations,27,Bachelors,f,other,1,32,3.0,2,0,0,60
Operations,2,Bachelors,f,other,1,51,5.0,2,0,1,88
Operations,26,Bachelors,m,other,2,37,3.0,8,0,0,63
Legal,4,Masters & above,m,other,1,37,5.0,5,1,0,61
Analytics,2,Bachelors,m,other,1,40,3.0,11,0,0,84
Technology,2,Bachelors,m,sourcing,1,26,4.0,3,1,0,81
Technology,17,Bachelors,m,other,1,29,5.0,5,1,0,79
Procurement,2,Bachelors,f,sourcing,1,31,3.0,2,0,0,94
Legal,11,Bachelors,m,other,1,29,4.0,3,0,0,59
Procurement,31,Bachelors,f,other,2,32,1.0,3,0,0,68
Technology,2,Masters & above,f,other,1,53,4.0,4,0,0,79
Sales & Marketing,13,Bachelors,m,sourcing,1,43,5.0,17,1,0,50
Procurement,2,Masters & above,f,sourcing,1,32,1.0,6,0,0,67
Procurement,33,Masters & above,m,sourcing,1,38,5.0,10,1,0,72
Technology,4,Bachelors,f,other,1,30,5.0,2,0,0,77
Sales & Marketing,13,Masters & above,m,other,1,39,5.0,13,0,0,51
Technology,2,Masters & above,m,referred,1,34,4.0,8,0,0,81
Finance,2,Bachelors,f,other,1,25,5.0,3,0,0,65
Operations,13,Bachelors,m,sourcing,2,31,4.0,7,0,0,59
Technology,2,Bachelors,m,other,1,30,3.0,4,0,0,80
Sales & Marketing,15,Masters & above,m,other,1,40,5.0,6,0,0,48
Procurement,6,Bachelors,f,sourcing,2,27,3.0,2,0,0,65
Technology,31,Bachelors,f,other,1,27,3.0,2,0,0,80
Operations,7,Bachelors,f,sourcing,1,32,3.0,5,0,0,60
HR,2,Masters & above,m,sourcing,1,54,5.0,4,1,0,51
Procurement,22,Bachelors,m,other,3,28,3.0,3,1,0,71
Procurement,12,Bachelors,f,other,1,33,3.0,8,0,0,68
Sales & Marketing,2,Bachelors,m,other,1,34,3.0,2,1,0,88
Operations,2,Bachelors,f,other,1,32,2.0,7,0,0,64
Sales & Marketing,17,Masters & above,m,other,1,41,3.0,15,0,0,47
Procurement,8,Masters & above,f,other,1,39,4.0,10,1,0,70
Procurement,27,Bachelors,m,other,1,31,4.0,7,1,0,72
Sales & Marketing,22,Bachelors,m,other,2,28,3.0,3,0,0,47
Operations,11,Bachelors,m,other,1,29,3.0,3,0,0,66
Sales & Marketing,2,Masters & above,m,sourcing,2,35,3.0,3,1,0,48
Sales & Marketing,11,Bachelors,m,other,1,34,5.0,7,1,0,54
Finance,2,Below Secondary,m,sourcing,1,24,3.0,2,1,0,57
HR,13,Bachelors,f,other,1,24,3.0,2,0,0,51
Operations,2,Bachelors,f,sourcing,1,35,3.0,8,0,0,62
Operations,22,Bachelors,f,other,1,39,5.0,6,1,0,58
Operations,34,Bachelors,m,sourcing,1,26,5.0,3,1,0,60
R&D,26,Bachelors,m,other,1,28,3.0,2,1,0,85
Analytics,5,Masters & above,m,sourcing,2,33,5.0,3,0,0,81
Sales & Marketing,6,Bachelors,m,other,1,31,4.0,6,0,0,51
Procurement,17,Masters & above,f,sourcing,1,49,1.0,5,1,1,67
Procurement,14,Bachelors,f,sourcing,1,31,1.0,4,0,0,69
Analytics,7,Bachelors,m,other,1,44,3.0,4,0,0,86
Technology,28,Masters & above,f,sourcing,1,35,2.0,8,0,0,74
Sales & Marketing,2,Masters & above,f,sourcing,1,39,4.0,7,0,0,62
Sales & Marketing,7,Bachelors,m,other,1,34,3.0,4,1,0,49
Operations,7,Bachelors,f,sourcing,1,32,4.0,6,0,0,54
Finance,2,Bachelors,m,sourcing,1,55,3.0,3,0,0,62
Procurement,2,Masters & above,f,other,1,49,1.0,4,0,0,72
Analytics,31,Bachelors,m,sourcing,1,36,5.0,4,1,0,82
Procurement,15,Masters & above,m,other,1,36,5.0,12,1,0,68
Technology,5,Bachelors,m,sourcing,1,35,4.0,10,0,0,82
Analytics,26,Bachelors,f,sourcing,2,28,3.0,5,0,0,84
Sales & Marketing,2,Masters & above,m,other,1,59,3.0,29,1,0,48
Finance,11,Bachelors,m,other,1,32,3.0,7,1,0,68
Analytics,15,Masters & above,m,other,1,42,5.0,6,1,0,82
Sales & Marketing,19,Bachelors,m,sourcing,1,31,1.0,4,0,0,51
Technology,14,Bachelors,m,other,1,38,3.0,10,0,0,81
Finance,2,Bachelors,m,referred,1,28,5.0,3,1,0,57
Sales & Marketing,26,Bachelors,m,sourcing,1,44,1.0,6,1,0,48
Technology,2,Masters & above,m,other,2,39,3.0,4,0,0,76
Sales & Marketing,15,Bachelors,m,sourcing,1,35,1.0,3,0,0,51
Sales & Marketing,2,Masters & above,f,other,1,58,5.0,15,0,0,45
Operations,31,Masters & above,f,other,1,32,5.0,7,1,0,60
Technology,29,Bachelors,m,sourcing,1,31,3.0,2,1,0,78
Finance,11,Bachelors,f,other,1,31,3.0,5,1,0,61
Technology,26,Bachelors,m,other,1,29,3.0,2,0,0,80
Sales & Marketing,7,Masters & above,m,sourcing,1,37,3.0,8,0,0,52
Operations,19,Bachelors,m,other,1,31,3.0,6,1,0,66
Procurement,2,Bachelors,m,other,1,34,4.0,4,1,0,72
Sales & Marketing,9,Bachelors,m,sourcing,4,27,2.0,1,0,0,52
Finance,26,Bachelors,m,sourcing,1,28,1.0,2,0,0,61
Sales & Marketing,7,Masters & above,m,other,2,55,3.0,4,0,0,91
Procurement,22,Bachelors,m,other,1,40,3.0,2,1,1,70
Sales & Marketing,7,Masters & above,m,other,1,35,3.0,8,0,0,48
Analytics,31,Bachelors,m,other,1,32,4.0,4,0,0,87
Sales & Marketing,2,Bachelors,m,sourcing,2,30,3.0,4,0,0,49
Technology,13,Bachelors,f,other,1,31,2.0,8,0,0,83
Finance,2,Bachelors,m,other,1,35,3.0,11,0,0,59
Sales & Marketing,27,Bachelors,m,other,1,37,1.0,10,0,0,51
Sales & Marketing,7,Masters & above,m,sourcing,2,36,3.0,4,0,0,49
Sales & Marketing,28,Masters & above,m,other,1,34,5.0,7,0,0,52
HR,23,Masters & above,m,other,1,38,5.0,4,1,0,49
Technology,7,Bachelors,f,other,1,42,3.0,5,1,0,80
Analytics,2,Bachelors,m,other,2,26,2.0,3,1,0,82
Operations,13,Bachelors,f,sourcing,1,39,3.0,10,0,0,59
Operations,7,Bachelors,m,sourcing,1,45,3.0,7,1,0,62
Legal,2,Bachelors,m,other,1,52,3.0,9,0,0,57
Sales & Marketing,27,Bachelors,m,other,1,29,4.0,6,0,0,52
Operations,13,Bachelors,m,other,1,36,4.0,10,0,0,62
Operations,11,Masters & above,f,sourcing,1,35,5.0,7,0,0,56
Operations,22,Bachelors,f,other,1,28,5.0,3,1,0,63
Technology,16,Below Secondary,f,other,2,24,4.0,2,0,0,85
Operations,13,Bachelors,m,other,1,36,3.0,3,1,0,61
Sales & Marketing,2,Bachelors,f,sourcing,1,54,2.0,3,0,0,48
Operations,7,Bachelors,f,sourcing,1,40,3.0,13,1,0,57
Sales & Marketing,7,Bachelors,m,other,2,44,5.0,8,0,0,49
Operations,22,Bachelors,m,other,1,35,4.0,7,1,1,57
Procurement,2,Masters & above,f,other,1,34,3.0,7,1,0,66
Analytics,27,Bachelors,m,other,2,41,3.0,6,0,0,86
Finance,2,Masters & above,f,sourcing,1,52,4.0,20,1,0,64
Technology,22,Bachelors,m,other,2,30,4.0,5,1,0,85
Sales & Marketing,2,Bachelors,f,sourcing,1,55,3.0,11,1,0,50
R&D,7,Masters & above,m,other,4,36,3.0,3,1,0,85
Finance,22,Bachelors,f,sourcing,1,27,1.0,4,1,0,59
Technology,2,Masters & above,m,other,3,42,3.0,10,0,0,80
Technology,2,Bachelors,m,other,1,50,5.0,18,0,0,80
Technology,21,Bachelors,f,other,2,31,3.0,4,0,0,81
Sales & Marketing,31,Masters & above,m,sourcing,1,45,1.0,5,0,0,54
Operations,26,Bachelors,f,sourcing,1,28,5.0,4,1,0,54
Sales & Marketing,13,Bachelors,m,other,1,44,2.0,15,0,0,53
Sales & Marketing,2,Masters & above,f,other,1,48,4.0,3,0,0,52
Operations,2,Masters & above,m,sourcing,1,42,3.0,16,0,0,60
Operations,4,Bachelors,f,sourcing,1,36,5.0,7,0,0,70
Technology,2,Bachelors,f,sourcing,1,35,3.0,8,1,0,72
HR,32,Bachelors,f,other,1,34,1.0,5,0,0,53
Technology,29,Bachelors,m,other,1,31,3.0,2,1,0,79
Sales & Marketing,2,Masters & above,f,sourcing,1,56,2.0,7,0,0,47
Procurement,16,Masters & above,f,other,1,37,5.0,8,1,0,70
Operations,2,Bachelors,m,sourcing,2,42,4.0,11,1,1,58
HR,13,Bachelors,m,other,1,35,5.0,5,1,0,51
Sales & Marketing,22,Bachelors,m,sourcing,2,30,4.0,2,1,0,49
Technology,22,Masters & above,m,other,1,36,4.0,8,0,0,85
Procurement,2,Masters & above,m,other,1,46,1.0,4,0,0,68
Technology,5,Masters & above,m,other,1,35,3.0,7,0,0,81
Finance,22,Masters & above,m,sourcing,2,35,5.0,8,1,0,59
Sales & Marketing,23,Masters & above,m,other,1,38,5.0,9,1,0,50
Sales & Marketing,4,Masters & above,m,sourcing,1,35,5.0,3,1,1,53
Sales & Marketing,2,Bachelors,f,other,2,53,3.0,6,0,0,49
Technology,31,Masters & above,m,sourcing,2,38,4.0,5,0,0,81
Operations,14,Bachelors,f,other,1,41,3.0,7,0,0,58
Operations,19,Bachelors,f,other,2,39,4.0,12,0,0,62
Analytics,2,Bachelors,m,other,1,31,1.0,9,0,0,85
Analytics,2,Bachelors,f,sourcing,2,33,3.0,4,0,0,80
Sales & Marketing,26,Bachelors,f,sourcing,1,32,5.0,7,1,0,43
Technology,22,Masters & above,f,sourcing,1,35,2.0,7,1,0,76
Finance,22,Bachelors,m,sourcing,2,29,2.0,3,1,0,59
HR,2,Bachelors,m,other,1,51,4.0,11,0,0,53
Analytics,32,Bachelors,m,other,3,26,5.0,2,1,0,86
Operations,15,Bachelors,f,other,1,44,2.0,4,1,0,56
Operations,15,Bachelors,m,sourcing,3,30,3.0,3,1,0,57
Operations,22,Bachelors,f,other,1,34,4.0,9,1,0,61
Operations,2,Bachelors,m,sourcing,1,38,5.0,2,1,0,57
Sales & Marketing,22,Bachelors,m,sourcing,1,26,2.0,3,0,0,51
Operations,3,Bachelors,m,other,1,45,3.0,7,1,0,57
Operations,7,Masters & above,f,other,2,37,4.0,8,0,0,57
Procurement,2,Masters & above,m,other,1,48,3.0,5,1,0,70
Operations,2,Bachelors,f,sourcing,2,35,5.0,7,1,0,57
Finance,26,Bachelors,m,other,4,33,1.0,4,0,0,61
Sales & Marketing,16,Bachelors,m,other,2,31,1.0,5,0,0,52
HR,2,Bachelors,f,other,1,49,4.0,2,0,0,50
Technology,2,Bachelors,m,sourcing,5,29,3.0,4,0,0,79
Analytics,15,Bachelors,m,sourcing,3,32,3.0,7,0,0,80
Technology,16,Masters & above,f,other,1,41,4.0,5,0,0,79
Operations,11,Masters & above,m,other,1,40,3.0,6,1,0,60
Sales & Marketing,26,Bachelors,m,sourcing,1,48,1.0,21,0,0,47
Sales & Marketing,19,Bachelors,f,other,1,34,1.0,7,0,0,53
Sales & Marketing,4,Bachelors,m,other,1,27,4.0,4,1,0,54
HR,28,Masters & above,f,other,1,33,4.0,6,1,0,79
Sales & Marketing,25,Masters & above,m,other,1,41,5.0,7,1,0,51
Sales & Marketing,7,Masters & above,f,other,2,32,5.0,7,1,0,51
Finance,2,Masters & above,f,sourcing,1,37,2.0,9,0,0,59
Procurement,2,Masters & above,m,sourcing,1,58,3.0,4,1,0,68
Operations,13,Masters & above,f,other,1,37,1.0,6,0,0,64
Analytics,13,Bachelors,m,other,1,37,5.0,8,1,0,84
Operations,16,Bachelors,f,other,1,32,4.0,7,0,0,59
Technology,27,Masters & above,m,sourcing,1,40,5.0,9,1,0,80
Sales & Marketing,2,Bachelors,m,referred,1,35,5.0,7,0,0,46
Procurement,10,Masters & above,m,other,1,35,2.0,9,1,0,70
HR,32,Below Secondary,m,other,2,23,5.0,2,1,0,57
Sales & Marketing,10,Masters & above,m,other,1,36,5.0,4,1,0,48
HR,13,Masters & above,m,other,1,41,3.0,11,1,0,96
Sales & Marketing,22,Bachelors,m,sourcing,3,33,3.0,6,0,0,50
Analytics,2,Bachelors,m,sourcing,1,33,4.0,9,0,0,86
Operations,2,Masters & above,m,other,1,40,3.0,6,0,0,62
Sales & Marketing,4,Masters & above,f,other,1,36,3.0,7,0,0,45
Analytics,2,Bachelors,f,other,1,30,3.0,4,0,0,87
Operations,13,Bachelors,m,other,1,40,3.0,11,0,0,56
Technology,2,Bachelors,m,sourcing,2,31,3.0,3,0,0,84
Sales & Marketing,2,Bachelors,f,sourcing,1,47,1.0,3,0,0,49
Technology,27,Masters & above,f,other,1,41,3.0,9,0,0,78
Procurement,2,Masters & above,f,sourcing,1,40,2.0,3,0,0,71
Legal,2,Bachelors,m,other,1,50,2.0,15,0,0,61
Procurement,16,Bachelors,f,sourcing,1,29,5.0,2,1,0,77
Procurement,34,Bachelors,m,sourcing,1,32,3.0,5,0,0,68
Technology,13,Masters & above,m,other,1,34,4.0,7,1,0,78
Operations,22,Bachelors,m,sourcing,1,29,4.0,2,1,0,59
Technology,2,Masters & above,m,sourcing,1,52,1.0,25,0,0,79
Operations,29,Bachelors,m,other,1,29,5.0,4,0,0,59
Sales & Marketing,2,Masters & above,m,other,1,33,3.0,9,0,0,47
Sales & Marketing,13,Bachelors,f,sourcing,2,34,3.0,4,1,0,47
Finance,25,Bachelors,m,other,1,29,5.0,6,0,0,64
Sales & Marketing,2,Masters & above,m,other,2,38,3.0,2,1,0,51
Operations,2,Below Secondary,m,sourcing,1,25,4.0,3,1,0,65
Operations,7,Bachelors,f,other,1,32,4.0,7,1,0,57
Technology,2,Masters & above,m,other,1,33,5.0,6,1,0,84
Procurement,11,Bachelors,m,other,1,30,2.0,5,1,0,71
Legal,20,Bachelors,m,other,1,31,1.0,5,0,0,59
Sales & Marketing,13,Bachelors,m,sourcing,1,29,5.0,3,1,0,49
Operations,22,Bachelors,f,sourcing,1,45,5.0,17,1,0,61
Operations,23,Bachelors,m,other,1,34,5.0,7,1,0,58
Procurement,34,Bachelors,m,other,1,29,1.0,4,0,0,75
Sales & Marketing,2,Bachelors,m,sourcing,4,28,3.0,4,0,0,46
Sales & Marketing,16,Masters & above,f,sourcing,1,36,5.0,10,0,0,50
Sales & Marketing,22,Bachelors,m,sourcing,6,27,3.0,3,0,0,57
Analytics,22,Bachelors,m,sourcing,2,27,3.0,4,0,0,84
Sales & Marketing,16,Bachelors,m,other,2,51,2.0,17,0,0,48
Operations,7,Bachelors,f,sourcing,1,28,5.0,2,1,0,62
Operations,2,Masters & above,f,sourcing,2,38,4.0,11,0,0,59
Sales & Marketing,9,Bachelors,f,other,1,27,2.0,2,0,0,46
Operations,7,Bachelors,m,sourcing,1,41,3.0,7,0,0,55
Sales & Marketing,13,Bachelors,f,other,1,41,5.0,11,1,0,47
Finance,22,Bachelors,m,other,1,28,4.0,2,0,0,57
Sales & Marketing,2,Bachelors,f,sourcing,1,60,3.0,12,0,0,54
Sales & Marketing,22,Bachelors,m,other,1,31,4.0,6,0,0,46
Sales & Marketing,4,Masters & above,m,sourcing,1,51,5.0,9,1,0,51
Procurement,23,Masters & above,m,other,1,44,4.0,7,1,0,68
Sales & Marketing,22,Masters & above,m,other,1,43,1.0,13,0,0,53
Sales & Marketing,15,Bachelors,m,other,3,31,1.0,5,0,0,50
Operations,2,Bachelors,f,other,1,37,4.0,10,1,0,60
Finance,2,Masters & above,m,other,1,58,4.0,3,1,0,60
Procurement,7,Masters & above,f,other,1,51,3.0,9,0,0,71
Operations,7,Masters & above,m,other,1,43,3.0,15,0,0,63
Sales & Marketing,10,Masters & above,m,other,1,31,3.0,2,0,0,59
Technology,33,Bachelors,m,sourcing,1,53,3.0,11,0,0,79
Finance,31,Bachelors,m,other,1,29,3.0,3,0,0,58
Sales & Marketing,19,Bachelors,m,other,1,37,1.0,7,1,0,52
R&D,22,Masters & above,m,other,2,35,5.0,6,1,0,89
Operations,19,Bachelors,m,other,1,38,4.0,9,1,0,63
Procurement,15,Masters & above,f,other,1,41,3.0,5,0,0,73
Procurement,2,Bachelors,f,sourcing,1,31,5.0,3,1,0,69
Operations,7,Bachelors,m,other,1,35,1.0,9,1,0,65
Sales & Marketing,7,Masters & above,m,other,4,35,1.0,5,0,0,52
Sales & Marketing,2,Bachelors,f,other,1,39,3.0,9,1,0,51
Operations,20,Bachelors,f,other,1,28,4.0,3,0,0,59
Operations,2,Bachelors,f,other,1,45,5.0,17,1,0,63
Procurement,2,Bachelors,f,other,3,38,4.0,13,0,0,72
Procurement,7,Masters & above,f,other,1,59,4.0,14,1,0,64
Analytics,2,Masters & above,m,other,1,44,3.0,4,0,0,83
Sales & Marketing,2,Bachelors,f,sourcing,1,47,3.0,19,0,0,47
Sales & Marketing,23,Bachelors,m,sourcing,1,31,5.0,6,1,0,50
Operations,2,Bachelors,m,sourcing,3,54,5.0,18,0,0,58
Sales & Marketing,12,Bachelors,m,sourcing,1,37,3.0,7,0,0,55
Sales & Marketing,16,Bachelors,m,other,1,36,1.0,7,1,0,48
Analytics,31,Masters & above,m,sourcing,1,43,5.0,6,0,0,81
Procurement,7,Masters & above,f,sourcing,1,32,4.0,5,1,0,72
Sales & Marketing,22,Masters & above,f,sourcing,1,38,1.0,5,0,0,52
Technology,2,Masters & above,f,other,1,50,3.0,8,0,0,84
Operations,7,Bachelors,f,sourcing,1,36,3.0,3,1,1,59
Operations,29,Masters & above,f,other,1,38,5.0,8,1,0,58
Procurement,8,Masters & above,m,other,1,32,3.0,7,1,1,71
Sales & Marketing,4,Bachelors,m,other,2,28,1.0,4,0,0,50
Technology,4,Masters & above,m,sourcing,2,49,2.0,11,0,0,80
Technology,7,Masters & above,m,other,1,41,3.0,7,0,0,87
Procurement,22,Bachelors,f,other,1,29,5.0,2,1,0,66
Sales & Marketing,16,Bachelors,m,other,1,48,4.0,15,0,0,51
Analytics,2,Bachelors,m,sourcing,1,39,1.0,2,0,0,89
Operations,22,Masters & above,m,sourcing,1,40,4.0,4,1,0,61
Operations,2,Bachelors,m,sourcing,1,50,2.0,6,0,0,62
Analytics,2,Bachelors,m,sourcing,1,47,3.0,4,0,0,76
Procurement,2,Masters & above,m,other,1,40,4.0,10,0,0,70
R&D,7,Bachelors,m,sourcing,2,36,2.0,7,1,0,87
Sales & Marketing,14,Bachelors,m,other,1,29,4.0,6,0,0,48
Operations,4,Bachelors,m,other,1,32,3.0,5,1,0,60
Legal,22,Bachelors,m,sourcing,1,29,5.0,3,1,0,60
Operations,15,Masters & above,m,other,2,46,4.0,12,0,0,59
Procurement,2,Bachelors,f,other,1,33,1.0,3,1,0,71
Analytics,22,Bachelors,m,sourcing,1,29,5.0,3,1,0,81
Sales & Marketing,9,Masters & above,m,sourcing,1,27,5.0,5,1,1,49
Sales & Marketing,22,Bachelors,m,referred,1,33,3.0,8,0,0,45
Sales & Marketing,11,Masters & above,m,other,1,42,1.0,5,0,0,47
Sales & Marketing,1,Masters & above,m,other,2,31,1.0,2,0,0,55
Analytics,2,Bachelors,m,other,2,36,3.0,9,0,0,84
Sales & Marketing,2,Bachelors,m,sourcing,2,47,5.0,16,0,0,49
Technology,22,Bachelors,f,other,1,29,4.0,2,0,0,93
Sales & Marketing,2,Bachelors,f,other,2,33,5.0,6,0,0,51
Sales & Marketing,2,Bachelors,m,sourcing,2,33,4.0,7,1,0,46
R&D,2,Masters & above,m,other,2,41,3.0,9,0,0,84
Operations,27,Bachelors,f,other,1,26,3.0,3,1,0,64
Sales & Marketing,2,Bachelors,f,sourcing,1,29,3.0,6,0,0,52
Sales & Marketing,2,Bachelors,m,referred,1,33,3.0,5,1,0,45
Operations,7,Bachelors,m,sourcing,1,38,5.0,9,1,0,60
Sales & Marketing,8,Bachelors,m,sourcing,1,30,2.0,4,0,0,47
Sales & Marketing,22,Bachelors,m,other,1,49,2.0,6,0,0,50
HR,7,Bachelors,f,sourcing,1,28,3.0,4,0,0,51
Procurement,15,Bachelors,m,other,3,30,1.0,4,0,0,66
Operations,22,Masters & above,m,other,1,41,3.0,12,0,0,64
Sales & Marketing,31,Bachelors,f,other,1,30,5.0,2,1,0,43
Operations,22,Bachelors,m,other,1,34,3.0,2,1,0,60
Sales & Marketing,22,Bachelors,m,other,7,25,1.0,2,0,0,53
Analytics,13,Bachelors,m,sourcing,1,31,5.0,2,0,0,88
Sales & Marketing,2,Bachelors,f,sourcing,1,34,5.0,2,0,0,50
Operations,26,Bachelors,m,other,1,30,4.0,1,0,0,61
R&D,22,Bachelors,m,other,1,31,3.0,1,1,0,86
Procurement,2,Masters & above,m,sourcing,1,60,4.0,6,0,0,70
Analytics,22,Bachelors,m,sourcing,2,33,3.0,5,1,0,88
Sales & Marketing,26,Bachelors,m,other,1,33,3.0,3,0,0,51
Sales & Marketing,22,Masters & above,m,other,1,29,5.0,2,0,0,49
Sales & Marketing,1,Masters & above,m,other,1,38,3.0,2,0,0,48
Technology,31,Masters & above,m,other,1,34,4.0,5,1,0,78
Technology,23,Masters & above,f,other,1,37,5.0,3,1,0,81
Sales & Marketing,2,Bachelors,m,other,1,44,3.0,15,0,0,47
Procurement,22,Bachelors,m,other,1,28,1.0,6,0,0,64
HR,25,Masters & above,m,other,1,49,3.0,2,0,0,47
Sales & Marketing,28,Masters & above,f,other,2,33,5.0,2,1,0,52
Sales & Marketing,19,Bachelors,m,sourcing,1,35,4.0,6,1,0,50
Operations,4,Bachelors,m,other,1,26,4.0,2,1,0,59
Technology,16,Below Secondary,m,sourcing,1,24,3.0,2,0,0,79
Procurement,7,Bachelors,m,sourcing,1,34,5.0,3,1,0,71
Procurement,2,Masters & above,m,sourcing,1,43,4.0,10,0,0,66
Analytics,20,Bachelors,m,sourcing,2,31,4.0,6,0,0,85
Technology,28,Masters & above,m,other,2,32,3.0,3,0,0,82
Sales & Marketing,16,Bachelors,f,sourcing,1,40,4.0,5,0,0,52
Sales & Marketing,2,Bachelors,m,other,1,34,4.0,2,0,0,49
Technology,16,Masters & above,f,other,1,34,3.0,6,0,0,79
Legal,13,Bachelors,m,other,3,32,5.0,1,0,0,57
Sales & Marketing,2,Bachelors,m,sourcing,1,45,5.0,17,1,0,48
HR,24,Bachelors,m,other,1,32,1.0,4,0,0,53
Sales & Marketing,13,Masters & above,f,other,1,39,2.0,11,0,0,47
Sales & Marketing,14,Bachelors,m,sourcing,1,36,4.0,3,1,0,49
Operations,15,Bachelors,m,other,1,49,1.0,11,0,0,56
Procurement,2,Bachelors,m,sourcing,2,55,4.0,13,1,0,72
Technology,13,Bachelors,m,other,2,45,3.0,15,0,0,81
Sales & Marketing,2,Bachelors,m,other,1,31,4.0,4,1,0,46
Operations,28,Bachelors,m,other,1,27,3.0,3,1,0,57
Sales & Marketing,22,Bachelors,m,sourcing,4,32,3.0,8,0,0,51
Sales & Marketing,11,Bachelors,m,sourcing,1,30,1.0,6,1,0,49
Finance,2,Bachelors,f,sourcing,1,43,3.0,4,0,0,62
Technology,31,Bachelors,f,other,1,28,3.0,2,0,0,80
Technology,2,Masters & above,m,other,1,33,4.0,4,0,0,79
Technology,27,Bachelors,m,sourcing,1,31,2.0,3,0,0,81
Sales & Marketing,15,Bachelors,m,other,2,24,3.0,1,0,0,50
Technology,25,Bachelors,m,sourcing,1,28,3.0,3,1,0,79
Analytics,32,Bachelors,m,other,1,27,3.0,3,0,0,85
HR,3,Bachelors,f,other,1,27,3.0,4,1,1,90
Analytics,13,Bachelors,m,sourcing,1,35,5.0,8,1,0,86
HR,26,Bachelors,f,other,1,33,3.0,7,0,0,47
Procurement,13,Bachelors,m,other,1,35,3.0,5,0,0,72
Technology,27,Masters & above,m,other,1,41,3.0,13,0,0,82
Operations,31,Bachelors,m,sourcing,1,28,3.0,4,1,0,59
Analytics,11,Bachelors,m,other,1,39,5.0,3,0,0,87
Sales & Marketing,31,Bachelors,m,other,1,29,3.0,4,0,0,49
Sales & Marketing,31,Bachelors,f,sourcing,1,30,5.0,3,1,0,48
Sales & Marketing,5,Bachelors,f,sourcing,1,34,3.0,6,0,0,50
HR,4,Masters & above,m,sourcing,1,35,4.0,5,1,1,51
Sales & Marketing,3,Bachelors,m,other,1,37,3.0,8,0,0,66
Sales & Marketing,27,Bachelors,f,sourcing,1,25,5.0,1,1,1,53
Sales & Marketing,4,Masters & above,m,other,1,43,5.0,12,1,0,50
R&D,15,Masters & above,m,sourcing,1,33,4.0,5,0,0,85
Sales & Marketing,16,Bachelors,m,sourcing,1,33,5.0,3,1,0,45
Operations,16,Bachelors,m,sourcing,1,31,4.0,7,0,0,56
Sales & Marketing,7,Bachelors,m,sourcing,1,30,4.0,5,0,0,48
Analytics,28,Bachelors,m,other,1,28,3.0,4,0,0,86
Operations,22,Masters & above,m,sourcing,1,51,5.0,21,0,0,63
R&D,22,Masters & above,m,other,1,30,4.0,2,1,1,86
Procurement,4,Bachelors,m,sourcing,2,26,5.0,3,0,0,68
Sales & Marketing,31,Bachelors,f,other,1,35,4.0,9,0,0,49
Operations,15,Bachelors,m,referred,1,43,3.0,14,1,0,61
Procurement,31,Bachelors,f,other,2,32,3.0,5,0,0,73
HR,7,Masters & above,m,other,1,37,4.0,2,1,0,50
Procurement,13,Bachelors,f,other,1,33,3.0,6,1,0,71
Technology,20,Bachelors,f,sourcing,1,28,3.0,2,0,0,82
Sales & Marketing,2,Bachelors,m,sourcing,1,34,5.0,5,1,0,47
Analytics,21,Bachelors,m,other,1,26,2.0,2,0,0,87
Finance,30,Bachelors,m,sourcing,1,25,4.0,2,1,0,58
Sales & Marketing,22,Bachelors,f,other,1,27,1.0,3,0,0,47
Analytics,23,Masters & above,m,other,2,37,5.0,8,0,0,79
Procurement,7,Masters & above,m,sourcing,6,52,3.0,14,0,0,71
Finance,2,Bachelors,m,sourcing,3,42,3.0,11,0,0,59
Operations,22,Bachelors,m,sourcing,1,28,4.0,4,0,0,64
Analytics,2,Bachelors,f,other,1,30,2.0,4,0,0,81
Sales & Marketing,7,Bachelors,m,other,1,37,3.0,8,0,0,46
Technology,2,Below Secondary,m,sourcing,1,25,3.0,4,1,0,80
Sales & Marketing,14,Masters & above,m,other,1,39,3.0,11,0,0,48
Procurement,2,Masters & above,f,referred,1,38,5.0,4,0,0,67
Procurement,30,Bachelors,f,other,1,33,5.0,3,1,0,70
Sales & Marketing,29,Bachelors,m,sourcing,1,26,2.0,3,0,0,48
Sales & Marketing,2,Masters & above,m,sourcing,1,44,3.0,7,0,0,54
Analytics,20,Bachelors,m,sourcing,1,27,4.0,5,0,0,83
Sales & Marketing,8,Masters & above,m,other,1,36,1.0,7,1,0,51
Technology,5,Bachelors,m,sourcing,1,43,3.0,3,0,0,81
Procurement,2,Below Secondary,f,sourcing,1,21,3.0,2,0,0,71
Procurement,27,Masters & above,f,other,1,35,4.0,6,1,0,67
Technology,15,Bachelors,f,other,1,35,3.0,10,0,0,79
Sales & Marketing,13,Bachelors,m,other,2,34,1.0,3,0,0,52
Procurement,15,Bachelors,m,other,1,36,2.0,7,0,0,69
Procurement,7,Masters & above,f,other,1,39,3.0,3,1,0,73
Technology,2,Bachelors,m,other,1,50,3.0,16,0,0,77
Procurement,26,Bachelors,m,other,2,53,5.0,24,1,0,68
Sales & Marketing,23,Bachelors,m,other,2,29,3.0,3,0,0,50
Procurement,22,Bachelors,m,other,1,35,5.0,8,0,0,65
Sales & Marketing,20,Masters & above,m,sourcing,1,45,5.0,7,0,1,50
Sales & Marketing,22,Masters & above,m,sourcing,1,32,2.0,10,0,0,49
Sales & Marketing,10,Bachelors,m,sourcing,1,29,5.0,5,0,0,48
Procurement,13,Bachelors,m,other,1,30,2.0,6,0,0,71
Technology,5,Bachelors,f,other,1,35,3.0,4,1,0,80
Sales & Marketing,13,Masters & above,m,other,2,36,3.0,4,0,0,49
Operations,26,Bachelors,m,other,1,34,3.0,9,0,0,60
Sales & Marketing,22,Masters & above,m,other,1,42,3.0,10,1,0,49
R&D,2,Masters & above,m,sourcing,1,26,3.0,3,0,0,82
Sales & Marketing,21,Masters & above,f,other,1,31,1.0,3,0,0,48
Sales & Marketing,2,Bachelors,m,sourcing,2,36,5.0,7,0,0,50
Procurement,17,Masters & above,f,sourcing,1,37,3.0,4,0,0,74
Procurement,8,Bachelors,m,sourcing,1,31,3.0,6,0,0,72
Technology,2,Masters & above,f,other,1,59,2.0,8,0,0,85
Finance,31,Bachelors,m,other,1,32,3.0,7,0,0,60
Operations,2,Bachelors,f,referred,1,31,5.0,5,0,0,60
Operations,16,Masters & above,m,other,1,48,4.0,22,1,0,58
Technology,2,Masters & above,m,other,3,44,3.0,7,0,0,79
Sales & Marketing,31,Masters & above,m,sourcing,2,45,3.0,14,0,0,50
Sales & Marketing,7,Bachelors,f,other,2,34,1.0,4,1,1,44
Sales & Marketing,27,Bachelors,m,sourcing,1,28,3.0,6,0,0,45
Sales & Marketing,7,Bachelors,m,other,1,29,3.0,4,0,1,95
Finance,22,Below Secondary,f,sourcing,1,24,4.0,2,0,0,58
R&D,7,Bachelors,m,sourcing,1,32,5.0,2,1,0,86
Sales & Marketing,22,Bachelors,m,sourcing,1,34,2.0,7,0,0,46
Procurement,23,Bachelors,m,other,1,31,5.0,7,1,0,69
Operations,2,Bachelors,m,sourcing,1,34,5.0,7,1,0,59
Sales & Marketing,7,Bachelors,m,sourcing,2,35,4.0,7,0,0,51
Legal,2,Bachelors,m,sourcing,1,28,1.0,5,1,0,60
Sales & Marketing,5,Bachelors,m,sourcing,1,30,3.0,4,0,0,50
Operations,27,Bachelors,f,sourcing,1,35,4.0,8,0,1,59
Finance,26,Bachelors,m,other,1,30,3.0,7,1,0,59
Technology,7,Bachelors,m,other,1,42,2.0,14,0,0,79
Operations,21,Bachelors,m,sourcing,1,34,5.0,3,0,0,58
Sales & Marketing,11,Masters & above,m,other,1,36,1.0,4,0,0,50
Procurement,13,Bachelors,f,sourcing,1,38,2.0,10,0,0,72
Operations,12,Bachelors,f,other,1,32,3.0,4,0,0,59
Sales & Marketing,26,Bachelors,m,other,1,41,1.0,5,0,0,48
Technology,4,Masters & above,m,other,1,46,3.0,13,0,0,78
R&D,22,Masters & above,m,sourcing,1,26,4.0,3,1,0,88
Operations,20,Bachelors,m,other,1,30,4.0,8,0,0,64
R&D,22,Bachelors,m,other,1,36,4.0,7,1,0,83
Legal,7,Masters & above,m,sourcing,1,36,4.0,10,0,0,57
Sales & Marketing,22,Bachelors,m,sourcing,1,27,2.0,2,0,0,54
Operations,16,Bachelors,m,sourcing,1,30,5.0,7,1,0,58
Sales & Marketing,30,Bachelors,m,sourcing,1,25,1.0,2,0,0,51
Analytics,4,Bachelors,m,sourcing,1,34,3.0,10,0,0,90
Operations,15,Masters & above,f,other,1,34,4.0,4,1,0,58
Technology,2,Bachelors,f,referred,1,26,4.0,4,0,0,78
Sales & Marketing,22,Bachelors,m,sourcing,2,30,3.0,5,0,0,50
Technology,22,Masters & above,f,other,1,32,1.0,8,0,0,76
Sales & Marketing,2,Bachelors,m,other,5,35,2.0,6,0,0,49
Technology,34,Masters & above,m,sourcing,1,34,3.0,6,0,0,78
Sales & Marketing,7,Bachelors,m,other,1,30,2.0,4,0,0,46
Operations,17,Bachelors,f,sourcing,1,31,3.0,3,0,0,64
R&D,4,Masters & above,m,other,1,46,2.0,15,0,0,84
Finance,22,Masters & above,m,other,3,33,5.0,5,1,0,66
Operations,22,Bachelors,f,sourcing,1,40,3.0,7,1,0,63
Sales & Marketing,29,Bachelors,m,other,1,37,2.0,4,1,0,46
Technology,22,Bachelors,m,other,1,29,3.0,4,0,0,78
Analytics,9,Masters & above,m,sourcing,1,29,3.0,4,0,0,86
Operations,19,Bachelors,m,sourcing,1,35,3.0,7,0,0,63
Procurement,6,Bachelors,m,other,1,29,3.0,5,0,0,68
Finance,7,Below Secondary,f,sourcing,1,24,3.0,1,0,0,59
Analytics,7,Bachelors,m,sourcing,1,37,3.0,10,0,0,89
Procurement,20,Bachelors,m,sourcing,1,34,4.0,8,0,0,71
HR,16,Bachelors,m,other,2,35,3.0,8,0,0,48
Operations,17,Bachelors,f,sourcing,1,35,1.0,10,1,0,60
Procurement,2,Masters & above,m,sourcing,2,51,3.0,4,0,0,71
Procurement,7,Masters & above,m,other,1,34,4.0,4,0,0,66
Procurement,31,Bachelors,m,other,2,30,3.0,4,0,0,73
Procurement,15,Bachelors,m,other,1,27,4.0,3,1,0,69
Sales & Marketing,31,Bachelors,m,other,1,32,2.0,3,1,0,50
Sales & Marketing,16,Bachelors,f,sourcing,1,40,5.0,6,0,0,53
Technology,22,Bachelors,m,other,3,30,3.0,5,0,0,79
Technology,7,Masters & above,f,other,1,39,3.0,12,0,0,76
Analytics,22,Bachelors,m,sourcing,2,32,5.0,6,1,0,85
Analytics,14,Bachelors,m,other,1,34,3.0,9,0,0,85
Analytics,16,Bachelors,m,sourcing,1,30,4.0,9,0,0,86
R&D,2,Masters & above,f,sourcing,2,34,5.0,3,1,0,78
Sales & Marketing,2,Bachelors,m,sourcing,1,29,3.0,6,1,0,49
Sales & Marketing,10,Bachelors,m,other,1,29,3.0,2,0,0,51
Sales & Marketing,2,Bachelors,f,other,1,30,4.0,9,0,0,50
Technology,4,Masters & above,f,other,1,35,2.0,5,0,0,79
Operations,19,Masters & above,m,sourcing,1,53,3.0,6,1,0,57
HR,14,Bachelors,m,other,1,34,3.0,3,1,0,49
Sales & Marketing,26,Bachelors,m,other,2,34,5.0,7,1,0,50
Sales & Marketing,7,Masters & above,m,sourcing,1,30,5.0,2,0,0,49
Technology,2,Masters & above,m,other,1,50,1.0,18,0,0,83
Procurement,15,Masters & above,m,other,3,32,3.0,7,0,0,67
Technology,27,Masters & above,f,sourcing,1,41,3.0,2,1,0,82
Sales & Marketing,16,Masters & above,f,other,2,51,3.0,17,0,0,46
Procurement,2,Bachelors,f,other,1,30,4.0,3,0,0,66
Sales & Marketing,13,Bachelors,m,sourcing,1,38,1.0,5,0,0,47
Technology,23,Masters & above,f,other,1,42,2.0,2,0,0,78
Sales & Marketing,28,Bachelors,f,sourcing,1,31,3.0,7,0,0,49
Operations,32,Bachelors,f,other,1,41,5.0,3,1,1,62
Sales & Marketing,11,Masters & above,m,other,1,33,1.0,3,0,0,51
Operations,24,Masters & above,m,sourcing,1,33,5.0,5,1,0,62
Procurement,13,Bachelors,m,other,1,31,4.0,7,1,0,69
Technology,24,Bachelors,m,other,1,34,3.0,5,0,0,84
Finance,2,Bachelors,m,other,1,59,4.0,6,0,0,58
HR,7,Bachelors,m,other,1,30,1.0,4,0,0,47
Sales & Marketing,31,Bachelors,m,other,1,25,2.0,4,0,0,53
Analytics,2,Masters & above,m,other,1,46,3.0,6,0,0,82
Sales & Marketing,13,Bachelors,m,other,1,43,2.0,11,0,0,51
Procurement,10,Masters & above,f,sourcing,1,35,3.0,3,0,0,70
Sales & Marketing,15,Bachelors,m,sourcing,1,45,4.0,3,1,0,52
Sales & Marketing,24,Bachelors,m,other,1,28,2.0,5,1,0,51
Technology,7,Bachelors,m,sourcing,1,53,4.0,5,1,0,82
Operations,7,Bachelors,m,other,1,38,4.0,13,0,0,60
Operations,16,Bachelors,m,sourcing,2,33,5.0,6,1,1,95
Sales & Marketing,7,Bachelors,m,sourcing,1,26,2.0,2,0,0,61
HR,3,Bachelors,f,other,1,30,5.0,7,1,0,49
Operations,2,Masters & above,f,sourcing,1,34,5.0,3,1,0,59
Sales & Marketing,31,Bachelors,f,other,1,41,3.0,7,0,0,48
Operations,8,Bachelors,f,other,1,30,5.0,8,1,0,63
Analytics,29,Bachelors,m,other,1,31,3.0,5,0,0,83
Procurement,30,Bachelors,f,sourcing,1,33,4.0,7,1,0,67
Operations,22,Bachelors,f,sourcing,1,36,5.0,7,0,0,56
Procurement,22,Masters & above,m,sourcing,1,43,4.0,3,0,0,72
Finance,6,Bachelors,f,other,1,25,5.0,2,0,0,59
Operations,2,Masters & above,f,other,1,48,3.0,13,0,0,62
Finance,2,Masters & above,m,other,2,40,4.0,10,0,0,61
Operations,22,Bachelors,m,sourcing,2,40,3.0,12,0,0,59
Sales & Marketing,2,Bachelors,m,sourcing,1,43,5.0,5,0,0,48
Operations,23,Masters & above,m,other,1,38,5.0,11,1,0,60
Sales & Marketing,28,Bachelors,m,sourcing,1,29,5.0,5,0,0,61
Sales & Marketing,16,Bachelors,m,other,3,36,1.0,7,0,0,48
Sales & Marketing,19,Bachelors,m,sourcing,1,28,4.0,5,0,0,53
Procurement,22,Masters & above,m,other,1,33,5.0,5,0,0,67
Operations,11,Bachelors,m,sourcing,1,40,4.0,5,0,0,59
Procurement,2,Masters & above,f,sourcing,1,59,4.0,6,0,0,66
Sales & Marketing,12,Bachelors,f,other,2,31,1.0,2,0,0,47
Technology,33,Bachelors,m,sourcing,1,30,3.0,4,0,0,82
Analytics,22,Bachelors,m,sourcing,1,27,2.0,4,0,0,85
Sales & Marketing,15,Bachelors,m,other,1,42,3.0,12,0,0,53
Operations,27,Bachelors,m,sourcing,1,33,3.0,7,0,0,73
Sales & Marketing,2,Bachelors,m,sourcing,1,45,5.0,12,0,0,50
Operations,2,Masters & above,f,sourcing,2,37,5.0,11,1,0,58
Procurement,5,Bachelors,m,other,2,31,3.0,7,0,0,70
Finance,31,Bachelors,m,other,1,31,5.0,8,1,0,59
Procurement,7,Bachelors,f,other,1,27,5.0,4,1,0,72
Sales & Marketing,11,Bachelors,m,other,1,39,3.0,4,0,0,49
Sales & Marketing,2,Masters & above,f,other,2,53,3.0,18,0,0,51
Sales & Marketing,2,Masters & above,f,sourcing,1,34,1.0,2,0,0,50
Operations,2,Masters & above,f,other,1,51,5.0,3,1,0,59
Analytics,7,Masters & above,m,sourcing,1,37,5.0,4,0,0,86
Sales & Marketing,32,Bachelors,m,sourcing,1,35,2.0,8,0,0,50
Sales & Marketing,22,Bachelors,m,other,1,27,4.0,2,1,0,47
Sales & Marketing,28,Masters & above,m,other,1,37,4.0,4,0,0,44
Technology,5,Bachelors,f,other,1,30,3.0,4,1,0,83
Sales & Marketing,5,Bachelors,m,other,1,33,5.0,6,0,0,50
HR,2,Bachelors,f,sourcing,1,37,3.0,7,0,0,53
Operations,7,Below Secondary,m,other,1,29,3.0,4,0,0,63
Sales & Marketing,13,Bachelors,m,sourcing,1,47,1.0,18,0,0,52
HR,13,Bachelors,f,other,1,24,4.0,2,1,0,51
Sales & Marketing,31,Masters & above,m,sourcing,1,29,3.0,3,0,0,49
Operations,13,Bachelors,m,sourcing,1,55,3.0,3,1,0,63
Operations,2,Bachelors,m,other,1,38,5.0,3,1,0,58
Sales & Marketing,15,Bachelors,m,other,1,29,4.0,2,0,0,50
Operations,15,Bachelors,f,sourcing,1,47,2.0,18,0,0,58
Operations,4,Bachelors,f,sourcing,1,33,4.0,7,1,0,61
Technology,5,Masters & above,m,sourcing,1,35,3.0,2,0,0,77
Procurement,15,Bachelors,f,other,1,34,5.0,5,1,0,67
Analytics,25,Bachelors,m,other,2,29,4.0,2,1,0,83
Finance,2,Masters & above,m,sourcing,3,47,5.0,7,1,0,58
Analytics,2,Bachelors,m,other,2,35,3.0,10,0,0,82
Analytics,16,Bachelors,m,sourcing,1,27,3.0,2,0,0,82
Operations,15,Bachelors,m,other,1,60,5.0,17,1,0,67
Operations,2,Masters & above,f,sourcing,1,47,5.0,18,1,0,96
Sales & Marketing,11,Bachelors,m,other,1,33,5.0,7,1,0,48
Procurement,8,Bachelors,f,sourcing,1,31,5.0,1,1,0,69
Finance,11,Bachelors,m,sourcing,2,27,3.0,3,1,0,60
Operations,28,Masters & above,f,other,1,34,4.0,9,1,0,62
Procurement,2,Masters & above,m,other,2,40,3.0,4,0,0,69
Operations,2,Bachelors,m,other,1,38,2.0,10,0,0,59
Technology,8,Bachelors,m,other,1,31,5.0,4,1,0,81
Operations,11,Masters & above,m,other,1,43,4.0,3,0,0,56
Sales & Marketing,32,Bachelors,m,other,1,38,3.0,10,0,0,55
Analytics,32,Bachelors,m,other,1,24,2.0,2,0,0,83
Operations,15,Bachelors,m,other,3,32,5.0,5,0,0,59
Sales & Marketing,26,Bachelors,m,sourcing,1,30,5.0,6,1,1,50
Sales & Marketing,15,Masters & above,m,sourcing,1,42,1.0,16,0,0,49
Sales & Marketing,9,Bachelors,m,other,2,26,3.0,5,0,0,48
Operations,14,Bachelors,m,sourcing,1,28,3.0,3,0,0,58
Legal,2,Bachelors,f,sourcing,1,38,1.0,3,0,0,65
Operations,11,Bachelors,m,sourcing,1,27,1.0,2,0,0,58
Operations,12,Bachelors,m,other,1,35,4.0,3,1,0,57
Technology,1,Bachelors,m,other,1,28,1.0,2,0,0,80
Operations,28,Bachelors,m,other,1,34,5.0,8,0,0,62
Procurement,30,Masters & above,m,other,1,33,5.0,7,0,0,70
Analytics,2,Bachelors,m,other,1,38,5.0,8,0,0,86
Analytics,15,Bachelors,m,other,1,35,3.0,6,1,0,82
Operations,17,Bachelors,f,sourcing,1,35,5.0,8,1,0,87
Technology,2,Bachelors,m,sourcing,1,36,4.0,3,1,0,80
Operations,32,Bachelors,f,other,1,27,1.0,2,0,0,59
Procurement,2,Bachelors,f,referred,1,31,4.0,5,1,1,72
Procurement,27,Bachelors,m,sourcing,1,30,5.0,5,1,0,70
Finance,26,Bachelors,m,sourcing,1,29,1.0,4,0,0,58
Technology,5,Bachelors,m,sourcing,1,29,2.0,2,0,0,83
Operations,2,Bachelors,f,other,2,31,4.0,3,1,0,61
Analytics,2,Bachelors,m,other,2,35,5.0,7,1,0,85
Sales & Marketing,12,Bachelors,f,sourcing,1,27,4.0,2,1,0,45
Sales & Marketing,31,Bachelors,m,other,1,33,2.0,7,0,0,52
Procurement,23,Bachelors,m,other,1,31,3.0,7,1,0,64
Procurement,2,Bachelors,m,sourcing,2,39,3.0,5,0,0,72
Sales & Marketing,31,Bachelors,m,sourcing,1,28,1.0,2,0,0,47
Procurement,27,Bachelors,f,sourcing,1,31,5.0,5,1,0,75
Sales & Marketing,31,Masters & above,f,other,1,36,4.0,7,0,0,52
Sales & Marketing,11,Bachelors,m,other,1,44,5.0,5,1,0,50
Procurement,2,Bachelors,m,sourcing,3,28,3.0,2,0,0,66
Procurement,17,Bachelors,f,sourcing,2,31,3.0,3,0,0,67
Technology,33,Masters & above,m,sourcing,1,40,4.0,2,1,1,81
Sales & Marketing,20,Masters & above,m,other,1,38,5.0,11,1,0,51
Procurement,31,Bachelors,m,other,1,32,4.0,5,0,0,72
Procurement,8,Bachelors,m,sourcing,1,32,3.0,3,0,0,68
Procurement,7,Masters & above,f,sourcing,1,41,4.0,2,0,0,71
Sales & Marketing,7,Masters & above,f,other,1,45,3.0,6,0,0,49
Operations,2,Masters & above,f,other,1,59,5.0,18,1,0,62
Sales & Marketing,19,Bachelors,m,other,1,32,1.0,3,0,0,48
HR,2,Masters & above,f,sourcing,1,41,5.0,8,0,0,51
Sales & Marketing,4,Bachelors,m,other,1,49,1.0,7,0,0,50
Sales & Marketing,22,Bachelors,m,sourcing,1,30,2.0,7,1,0,48
Technology,27,Bachelors,m,sourcing,2,29,1.0,2,0,0,78
Technology,5,Bachelors,f,other,1,37,3.0,10,0,0,82
HR,2,Bachelors,f,sourcing,1,57,3.0,13,0,0,52
Analytics,20,Bachelors,m,sourcing,1,27,4.0,5,0,0,86
Sales & Marketing,4,Masters & above,m,other,1,52,3.0,5,0,0,49
Analytics,22,Bachelors,f,other,1,25,3.0,2,0,0,81
Sales & Marketing,2,Masters & above,m,sourcing,1,46,5.0,6,1,0,50
Procurement,24,Bachelors,f,sourcing,1,28,3.0,4,0,0,72
Analytics,17,Bachelors,m,other,1,28,4.0,9,0,0,83
Procurement,2,Bachelors,f,other,2,59,5.0,18,1,0,70
Sales & Marketing,28,Bachelors,m,other,3,31,5.0,5,0,0,48
Sales & Marketing,29,Bachelors,m,other,1,33,4.0,6,0,0,52
Operations,7,Bachelors,m,sourcing,2,51,4.0,2,0,0,63
Procurement,13,Bachelors,m,other,1,32,2.0,6,0,0,72
Analytics,21,Bachelors,m,sourcing,1,32,2.0,9,0,0,85
Sales & Marketing,27,Bachelors,m,sourcing,1,25,2.0,2,0,0,49
Operations,6,Bachelors,m,other,1,32,5.0,4,1,0,62
Sales & Marketing,14,Bachelors,m,other,1,49,3.0,4,0,0,51
Operations,19,Bachelors,f,other,1,34,4.0,5,0,0,59
Operations,14,Bachelors,f,other,1,29,3.0,7,0,0,55
Sales & Marketing,8,Bachelors,m,sourcing,1,29,4.0,4,0,0,53
Sales & Marketing,26,Bachelors,m,sourcing,5,29,3.0,4,0,0,46
Operations,2,Masters & above,m,sourcing,1,46,5.0,8,1,0,62
Procurement,31,Masters & above,m,sourcing,1,37,3.0,4,1,0,68
R&D,22,Bachelors,m,referred,1,28,5.0,5,1,0,88
Procurement,22,Bachelors,m,other,2,31,3.0,7,0,0,68
Procurement,34,Bachelors,m,other,1,29,3.0,3,1,0,73
Analytics,30,Bachelors,m,other,1,33,4.0,3,0,0,80
Operations,7,Bachelors,f,other,1,28,1.0,4,0,0,62
Operations,16,Masters & above,f,other,1,41,1.0,2,1,0,56
HR,10,Masters & above,f,sourcing,1,33,3.0,8,1,0,54
Sales & Marketing,11,Masters & above,m,other,1,34,1.0,7,0,0,49
Sales & Marketing,26,Masters & above,m,other,1,35,3.0,2,0,0,49
Sales & Marketing,23,Bachelors,m,sourcing,1,31,3.0,7,1,0,53
Legal,31,Bachelors,m,sourcing,1,39,4.0,3,1,1,61
Finance,2,Bachelors,m,other,1,49,3.0,5,0,0,61
Technology,4,Masters & above,m,sourcing,1,37,3.0,4,1,0,80
Sales & Marketing,2,Masters & above,m,other,1,53,1.0,14,0,0,47
Analytics,15,Bachelors,m,other,1,30,3.0,4,1,0,87
Operations,7,Bachelors,f,other,1,30,5.0,6,0,1,59
Sales & Marketing,7,Masters & above,f,sourcing,1,42,2.0,14,0,0,44
Technology,7,Masters & above,m,sourcing,1,35,2.0,7,0,0,80
Operations,20,Bachelors,m,sourcing,1,40,3.0,9,1,0,64
Operations,30,Masters & above,f,sourcing,1,39,5.0,5,1,0,89
Technology,2,Bachelors,m,referred,1,35,4.0,3,1,0,82
Operations,22,Below Secondary,m,sourcing,1,25,3.0,2,0,0,62
Sales & Marketing,2,Bachelors,m,other,1,33,5.0,7,0,0,55
Operations,13,Bachelors,m,other,1,33,3.0,6,0,0,58
Legal,2,Bachelors,m,sourcing,1,35,3.0,5,0,0,58
Sales & Marketing,13,Bachelors,m,other,1,46,3.0,6,1,0,47
Analytics,7,Masters & above,m,other,2,43,3.0,5,1,0,84
HR,2,Bachelors,m,other,1,35,1.0,3,0,0,49
Analytics,28,Bachelors,m,sourcing,1,28,5.0,2,0,0,84
Operations,12,Bachelors,f,sourcing,1,43,3.0,10,1,0,65
Technology,4,Bachelors,m,other,1,25,4.0,2,1,0,79
Procurement,23,Masters & above,m,other,2,38,5.0,6,1,0,69
Technology,7,Bachelors,m,other,1,31,4.0,5,0,0,79
Sales & Marketing,27,Bachelors,f,sourcing,2,26,4.0,3,0,0,52
Sales & Marketing,31,Bachelors,m,other,1,40,4.0,14,0,0,52
Operations,22,Masters & above,m,other,3,38,3.0,4,1,0,64
Operations,11,Bachelors,f,other,1,31,4.0,7,1,1,59
Sales & Marketing,26,Bachelors,f,sourcing,3,25,1.0,3,1,0,47
Operations,31,Bachelors,m,sourcing,1,39,3.0,7,0,0,63
R&D,8,Bachelors,m,other,1,31,5.0,4,0,0,82
Analytics,22,Bachelors,m,sourcing,1,30,5.0,9,1,0,85
Legal,2,Masters & above,f,other,1,46,4.0,11,0,0,55
Sales & Marketing,28,Masters & above,f,sourcing,2,36,3.0,13,0,0,52
Operations,2,Bachelors,f,other,2,26,4.0,2,0,0,57
Procurement,6,Bachelors,f,other,2,32,4.0,6,1,0,70
Sales & Marketing,21,Bachelors,m,other,1,35,4.0,2,0,0,48
Technology,7,Bachelors,f,sourcing,3,31,3.0,3,0,0,80
Procurement,2,Bachelors,m,other,2,31,4.0,7,1,0,71
Sales & Marketing,11,Bachelors,m,other,1,41,1.0,7,0,0,50
Operations,7,Bachelors,m,other,1,27,3.0,4,1,0,63
Operations,32,Bachelors,m,other,1,31,1.0,5,0,0,60
Sales & Marketing,31,Bachelors,m,sourcing,1,32,5.0,4,0,0,47
Operations,7,Bachelors,m,other,1,33,4.0,5,1,0,57
Technology,2,Masters & above,m,other,1,52,3.0,10,0,0,80
Operations,21,Bachelors,m,other,3,33,5.0,2,1,0,63
Sales & Marketing,13,Bachelors,m,sourcing,1,39,5.0,2,1,0,51
Procurement,2,Masters & above,m,sourcing,2,56,3.0,15,0,0,69
Procurement,29,Masters & above,m,sourcing,1,37,2.0,9,0,0,72
Sales & Marketing,13,Bachelors,m,other,1,33,3.0,6,0,0,48
Sales & Marketing,32,Bachelors,m,sourcing,2,30,4.0,5,0,0,55
Analytics,24,Bachelors,m,other,1,29,3.0,6,0,0,83
Sales & Marketing,1,Bachelors,m,other,2,25,1.0,3,0,0,47
Sales & Marketing,12,Bachelors,m,other,1,41,5.0,6,0,0,45
R&D,22,Masters & above,m,other,2,35,4.0,9,0,0,81
Sales & Marketing,33,Bachelors,m,sourcing,2,27,3.0,4,0,0,50
Procurement,24,Masters & above,m,sourcing,1,31,1.0,5,0,0,69
Procurement,14,Bachelors,f,other,1,54,3.0,5,0,0,71
HR,2,Bachelors,m,other,1,40,2.0,3,0,0,50
Sales & Marketing,27,Bachelors,m,sourcing,1,33,3.0,8,0,0,48
Sales & Marketing,2,Bachelors,f,other,1,42,1.0,13,0,0,52
Procurement,28,Masters & above,m,other,1,30,5.0,6,0,0,72
Sales & Marketing,27,Bachelors,m,other,1,25,4.0,3,0,0,53
Procurement,26,Masters & above,m,other,1,35,1.0,8,0,0,75
Procurement,26,Bachelors,m,sourcing,2,27,3.0,1,0,0,68
Operations,11,Masters & above,m,other,1,40,5.0,12,1,0,61
HR,33,Bachelors,m,other,2,32,5.0,3,1,0,44
Sales & Marketing,2,Bachelors,m,other,1,37,5.0,10,0,0,47
Sales & Marketing,10,Masters & above,m,other,1,37,3.0,2,1,1,52
Sales & Marketing,19,Bachelors,m,other,1,38,1.0,3,1,0,52
Sales & Marketing,6,Bachelors,m,sourcing,1,35,4.0,8,0,0,51
Operations,32,Masters & above,m,other,1,40,3.0,14,0,0,59
Sales & Marketing,34,Bachelors,m,sourcing,1,25,3.0,1,0,0,49
R&D,4,Bachelors,m,other,1,30,4.0,1,1,0,87
Sales & Marketing,2,Bachelors,m,other,1,32,1.0,6,1,0,52
Analytics,7,Bachelors,m,other,2,35,3.0,3,0,0,87
Procurement,2,Masters & above,m,other,1,42,4.0,3,0,0,67
HR,22,Bachelors,m,sourcing,1,27,5.0,5,1,0,48
Procurement,15,Masters & above,f,sourcing,1,31,1.0,6,0,0,72
HR,2,Masters & above,f,other,1,49,3.0,3,1,0,45
Sales & Marketing,2,Masters & above,f,other,3,37,3.0,7,1,0,50
Operations,4,Bachelors,m,sourcing,1,27,3.0,5,1,0,57
Analytics,9,Masters & above,m,other,2,29,3.0,5,0,0,85
Sales & Marketing,7,Bachelors,m,sourcing,2,37,5.0,9,0,0,52
Finance,22,Bachelors,m,other,1,27,3.0,2,0,0,63
Analytics,31,Masters & above,m,sourcing,1,33,3.0,7,0,0,84
Procurement,2,Masters & above,f,sourcing,1,38,5.0,2,1,1,71
Sales & Marketing,25,Bachelors,m,other,1,30,2.0,3,1,0,48
Analytics,13,Bachelors,m,other,2,41,5.0,12,1,0,86
Analytics,4,Bachelors,m,other,1,39,4.0,12,1,0,83
Sales & Marketing,17,Bachelors,m,sourcing,1,44,1.0,15,0,0,46
Operations,8,Bachelors,m,sourcing,2,37,4.0,4,1,0,59
Analytics,2,Bachelors,m,sourcing,2,30,3.0,2,0,0,85
Operations,22,Bachelors,f,other,1,32,5.0,3,0,0,58
Sales & Marketing,4,Masters & above,m,sourcing,1,31,3.0,4,0,0,53
Procurement,22,Bachelors,m,other,1,26,5.0,5,0,0,70
Technology,27,Bachelors,m,sourcing,1,26,5.0,2,1,0,82
Operations,3,Masters & above,m,other,1,35,1.0,8,0,0,61
Procurement,21,Bachelors,m,other,1,32,3.0,4,0,0,71
Procurement,2,Bachelors,f,other,2,33,2.0,5,1,0,72
Technology,26,Masters & above,m,other,1,45,3.0,7,0,0,79
Technology,28,Masters & above,f,other,1,31,1.0,7,0,0,81
Procurement,31,Masters & above,m,other,1,40,3.0,8,0,0,69
Sales & Marketing,16,Bachelors,m,other,1,55,5.0,6,0,0,48
Procurement,11,Bachelors,f,sourcing,1,37,1.0,10,0,0,64
Operations,19,Bachelors,m,sourcing,1,39,3.0,3,0,0,57
HR,2,Bachelors,m,other,1,32,5.0,4,1,0,55
Sales & Marketing,26,Bachelors,m,sourcing,2,28,3.0,2,0,0,52
Sales & Marketing,2,Masters & above,m,sourcing,1,52,3.0,6,0,0,49
Sales & Marketing,22,Bachelors,m,sourcing,1,25,3.0,3,1,0,49
Sales & Marketing,15,Bachelors,m,other,2,39,3.0,5,0,0,50
Operations,14,Bachelors,m,other,1,35,4.0,5,0,0,59
Operations,22,Below Secondary,m,sourcing,1,21,3.0,2,0,0,59
Analytics,29,Bachelors,m,other,1,40,3.0,7,1,0,87
Procurement,23,Masters & above,m,other,2,44,3.0,13,0,0,72
Operations,19,Bachelors,m,sourcing,1,40,5.0,4,0,0,58
Sales & Marketing,20,Masters & above,m,other,1,36,1.0,4,0,0,46
Procurement,19,Bachelors,m,other,1,31,3.0,6,0,0,67
Procurement,2,Bachelors,f,sourcing,1,36,3.0,7,0,0,71
Finance,22,Bachelors,m,other,2,31,3.0,3,0,0,62
Operations,31,Masters & above,m,sourcing,3,39,3.0,11,1,0,60
Operations,22,Bachelors,m,sourcing,2,32,3.0,2,0,0,59
Sales & Marketing,23,Bachelors,f,other,1,33,3.0,8,0,0,45
Sales & Marketing,11,Bachelors,m,sourcing,1,26,5.0,3,1,0,54
Sales & Marketing,19,Bachelors,m,sourcing,1,42,3.0,3,0,0,50
Sales & Marketing,2,Bachelors,m,referred,1,42,3.0,6,1,0,51
Operations,32,Bachelors,m,other,1,36,3.0,7,0,0,94
Technology,2,Bachelors,m,referred,1,34,5.0,8,1,0,81
Sales & Marketing,22,Bachelors,m,sourcing,2,36,1.0,7,0,0,49
Analytics,4,Masters & above,m,other,1,36,4.0,8,1,0,79
Sales & Marketing,13,Masters & above,m,other,1,47,5.0,17,1,0,48
Procurement,23,Bachelors,m,other,1,33,3.0,6,1,0,68
Operations,15,Masters & above,f,other,1,38,2.0,12,0,0,60
Sales & Marketing,13,Bachelors,m,other,2,34,2.0,9,0,0,46
Sales & Marketing,11,Bachelors,m,sourcing,1,33,2.0,4,0,0,45
Sales & Marketing,16,Bachelors,m,other,2,23,3.0,2,0,0,48
Procurement,2,Bachelors,m,other,1,46,5.0,17,1,0,69
Sales & Marketing,14,Bachelors,m,other,1,32,1.0,4,0,0,47
Procurement,2,Bachelors,m,other,1,54,3.0,13,0,0,77
Analytics,5,Bachelors,m,other,1,33,4.0,3,1,0,85
Sales & Marketing,9,Masters & above,m,sourcing,1,31,3.0,4,0,0,49
Operations,15,Bachelors,m,other,1,32,5.0,7,1,0,59
Technology,17,Bachelors,m,sourcing,1,30,3.0,6,0,0,81
Operations,26,Bachelors,f,other,1,34,3.0,8,0,0,62
Procurement,27,Masters & above,f,other,2,36,3.0,5,0,0,73
Operations,2,Bachelors,m,other,1,45,1.0,5,0,0,61
Operations,31,Bachelors,m,other,1,30,4.0,6,1,0,60
Sales & Marketing,4,Masters & above,m,other,1,50,3.0,19,0,0,54
Analytics,6,Bachelors,m,sourcing,1,37,5.0,8,1,0,88
Sales & Marketing,2,Masters & above,f,other,1,35,3.0,5,1,0,51
Sales & Marketing,2,Masters & above,m,other,1,47,4.0,8,1,0,47
Sales & Marketing,5,Bachelors,m,other,1,46,2.0,14,0,0,44
Analytics,22,Bachelors,f,other,2,27,4.0,2,0,0,88
Operations,15,Bachelors,m,sourcing,1,36,4.0,9,0,0,57
Sales & Marketing,30,Bachelors,f,sourcing,1,32,1.0,7,0,0,50
Sales & Marketing,2,Bachelors,m,sourcing,1,40,3.0,7,0,0,51
Analytics,9,Bachelors,m,other,1,32,4.0,6,0,0,87
Operations,7,Bachelors,f,sourcing,1,33,5.0,5,1,0,61
Operations,7,Masters & above,f,other,1,56,5.0,14,0,0,59
Operations,22,Masters & above,f,other,1,35,1.0,4,0,0,65
Procurement,2,Masters & above,f,other,1,48,3.0,4,1,0,69
Operations,29,Bachelors,m,sourcing,1,42,4.0,8,1,0,53
Analytics,4,Bachelors,m,other,1,28,4.0,4,1,0,85
Analytics,7,Masters & above,m,other,1,33,3.0,8,1,0,85
Technology,24,Masters & above,m,sourcing,1,36,2.0,8,0,0,77
Procurement,16,Bachelors,m,other,4,26,3.0,3,0,0,66
Operations,13,Masters & above,f,other,1,51,5.0,17,0,0,62
Sales & Marketing,2,Bachelors,f,other,1,30,3.0,5,1,0,52
Sales & Marketing,20,Bachelors,m,sourcing,1,34,3.0,5,1,0,51
Procurement,34,Bachelors,m,other,1,32,5.0,3,1,0,65
Operations,19,Bachelors,f,other,1,40,3.0,5,0,0,57
Operations,2,Bachelors,f,sourcing,1,43,3.0,9,0,0,76
Technology,7,Masters & above,m,sourcing,1,41,4.0,5,1,0,75
Operations,2,Bachelors,m,other,1,47,4.0,17,1,0,57
Sales & Marketing,2,Bachelors,m,other,1,34,5.0,9,0,0,96
Technology,5,Bachelors,m,sourcing,1,28,4.0,3,0,0,86
Operations,13,Bachelors,f,other,2,33,3.0,6,1,0,64
Sales & Marketing,15,Bachelors,m,other,1,49,3.0,8,0,0,51
Operations,9,Bachelors,m,other,1,28,3.0,4,1,0,63
Operations,23,Masters & above,f,other,2,38,2.0,7,0,0,64
Operations,22,Masters & above,m,referred,1,35,5.0,9,0,0,57
Technology,4,Masters & above,m,other,1,47,3.0,6,0,0,84
Sales & Marketing,4,Masters & above,m,other,1,44,1.0,11,0,0,45
Technology,2,Masters & above,m,sourcing,1,49,4.0,20,1,0,78
Technology,15,Bachelors,m,other,1,30,4.0,9,0,0,75
Operations,2,Masters & above,m,sourcing,3,44,5.0,16,1,0,58
Analytics,5,Bachelors,m,other,1,27,1.0,3,0,0,87
Procurement,2,Masters & above,m,sourcing,2,43,3.0,6,0,0,66
Operations,15,Bachelors,f,sourcing,1,36,3.0,10,1,0,58
Sales & Marketing,15,Bachelors,m,other,1,46,5.0,18,0,0,49
Technology,2,Bachelors,f,referred,1,51,5.0,15,0,0,88
Sales & Marketing,16,Bachelors,m,other,2,26,3.0,4,0,0,50
HR,22,Masters & above,m,sourcing,1,34,5.0,4,1,0,52
Sales & Marketing,22,Bachelors,m,sourcing,3,30,1.0,5,0,0,46
Procurement,11,Masters & above,f,other,1,38,3.0,6,0,0,82
Technology,7,Bachelors,f,other,1,35,4.0,10,0,0,79
Operations,26,Bachelors,m,other,1,39,3.0,5,0,0,62
Sales & Marketing,20,Bachelors,m,sourcing,1,33,4.0,7,0,0,52
Sales & Marketing,2,Bachelors,f,sourcing,2,36,3.0,7,0,0,48
Sales & Marketing,7,Bachelors,m,other,1,32,4.0,5,1,0,49
Sales & Marketing,2,Masters & above,m,sourcing,1,38,4.0,3,1,0,48
Sales & Marketing,25,Masters & above,m,other,1,39,5.0,9,0,0,49
Sales & Marketing,4,Masters & above,m,other,1,37,3.0,4,0,0,53
Sales & Marketing,7,Bachelors,m,sourcing,1,29,5.0,4,1,0,48
Sales & Marketing,7,Bachelors,m,other,1,46,3.0,4,0,0,52
Operations,7,Masters & above,m,other,1,33,5.0,7,1,0,62
Technology,23,Bachelors,m,other,1,24,3.0,2,0,0,81
Technology,23,Bachelors,f,other,1,32,5.0,7,0,0,76
Operations,24,Bachelors,f,other,1,27,3.0,3,0,0,59
HR,22,Bachelors,m,other,1,23,3.0,2,0,0,55
Finance,2,Bachelors,f,other,1,44,5.0,12,0,1,69
Procurement,2,Masters & above,f,referred,1,39,3.0,3,1,0,74
Procurement,22,Bachelors,m,other,1,33,5.0,2,1,0,72
Procurement,7,Bachelors,m,other,1,39,3.0,13,0,0,67
Sales & Marketing,22,Bachelors,m,sourcing,1,39,2.0,13,0,0,47
Operations,22,Bachelors,m,sourcing,1,24,5.0,3,1,0,61
Sales & Marketing,26,Bachelors,m,other,1,35,3.0,3,0,0,49
Finance,31,Bachelors,m,sourcing,1,29,3.0,5,0,0,59
Technology,7,Masters & above,m,other,1,52,4.0,22,0,0,81
Analytics,4,Masters & above,m,other,1,35,5.0,7,1,0,85
Sales & Marketing,16,Masters & above,m,other,1,41,2.0,10,0,0,47
Procurement,22,Bachelors,m,other,5,28,3.0,5,0,0,70
Finance,2,Bachelors,m,other,1,54,3.0,16,0,0,60
Sales & Marketing,11,Bachelors,m,sourcing,1,34,3.0,7,1,0,49
Technology,7,Bachelors,m,sourcing,1,31,3.0,3,0,0,83
Technology,22,Bachelors,m,sourcing,1,28,4.0,5,1,0,76
Procurement,13,Masters & above,m,other,3,45,3.0,12,0,0,67
Sales & Marketing,2,Bachelors,m,other,1,41,2.0,3,0,0,53
Sales & Marketing,30,Bachelors,m,other,2,29,4.0,5,0,0,51
HR,7,Bachelors,m,other,1,40,5.0,10,1,0,51
Sales & Marketing,2,Masters & above,f,sourcing,1,39,5.0,10,0,0,52
Analytics,16,Bachelors,m,sourcing,1,29,3.0,4,0,0,86
Finance,30,Bachelors,m,sourcing,2,30,5.0,6,1,0,57
Sales & Marketing,2,Masters & above,m,other,1,54,3.0,10,1,0,49
Operations,2,Bachelors,m,other,1,32,2.0,8,0,0,59
Sales & Marketing,31,Bachelors,m,other,1,38,3.0,9,0,0,51
Sales & Marketing,4,Masters & above,f,other,1,38,5.0,2,1,0,52
Technology,2,Masters & above,m,other,1,51,1.0,4,0,0,78
Sales & Marketing,11,Bachelors,m,other,1,30,5.0,4,1,0,49
Analytics,22,Bachelors,m,sourcing,1,37,4.0,6,0,0,86
Procurement,26,Bachelors,f,sourcing,1,40,3.0,8,0,0,74
Analytics,13,Bachelors,m,sourcing,1,46,3.0,7,0,0,85
Operations,2,Bachelors,f,other,1,46,4.0,5,1,0,58
HR,7,Masters & above,m,sourcing,1,35,5.0,7,0,0,52
Operations,22,Bachelors,f,sourcing,1,31,3.0,8,0,0,62
Finance,2,Masters & above,m,sourcing,1,32,3.0,5,0,0,59
Sales & Marketing,2,Bachelors,f,other,1,45,3.0,12,0,0,51
Technology,26,Bachelors,f,sourcing,2,35,1.0,5,0,0,78
Sales & Marketing,15,Bachelors,m,other,1,29,1.0,2,0,0,48
Technology,2,Masters & above,m,other,1,46,4.0,9,0,0,80
Sales & Marketing,29,Bachelors,m,other,1,30,2.0,6,0,0,48
Operations,2,Bachelors,m,sourcing,1,38,1.0,3,0,0,61
Operations,13,Bachelors,m,sourcing,1,34,5.0,6,1,0,59
Sales & Marketing,22,Bachelors,f,sourcing,2,27,3.0,2,0,0,46
Procurement,15,Masters & above,f,other,1,45,3.0,11,0,0,70
Procurement,2,Bachelors,f,sourcing,1,37,3.0,8,0,0,66
HR,15,Bachelors,m,sourcing,2,32,3.0,8,0,0,50
Sales & Marketing,24,Masters & above,f,sourcing,1,31,3.0,3,1,0,47
Procurement,2,Masters & above,f,sourcing,1,33,1.0,6,0,0,72
Sales & Marketing,16,Masters & above,m,other,1,43,5.0,6,0,0,54
Sales & Marketing,4,Masters & above,m,other,2,35,4.0,5,0,0,59
Sales & Marketing,15,Bachelors,f,other,1,39,3.0,7,0,0,48
Technology,15,Masters & above,m,other,1,34,3.0,7,0,0,83
Technology,24,Bachelors,m,sourcing,1,27,1.0,3,1,0,74
Sales & Marketing,2,Bachelors,m,referred,1,30,5.0,2,1,0,47
Operations,14,Bachelors,f,other,1,30,3.0,3,1,1,95
Operations,3,Masters & above,f,sourcing,1,36,3.0,7,0,0,65
Sales & Marketing,22,Masters & above,f,other,1,43,4.0,12,0,0,49
Sales & Marketing,30,Masters & above,m,other,1,35,1.0,11,0,0,56
Procurement,10,Masters & above,f,other,1,38,5.0,11,1,0,73
Analytics,20,Bachelors,m,other,1,39,4.0,9,0,0,86
Technology,14,Masters & above,f,other,1,39,4.0,7,1,0,78
Sales & Marketing,2,Bachelors,m,other,2,38,1.0,10,0,0,49
Procurement,2,Masters & above,f,other,1,47,2.0,3,0,0,67
Analytics,2,Bachelors,m,other,2,29,2.0,5,1,0,83
R&D,22,Bachelors,m,sourcing,1,27,4.0,5,0,0,86
Analytics,4,Bachelors,m,other,2,28,5.0,2,0,1,87
Technology,31,Bachelors,f,other,1,26,2.0,2,0,0,80
Sales & Marketing,31,Bachelors,m,sourcing,1,30,5.0,2,1,0,51
Technology,27,Bachelors,f,sourcing,2,32,3.0,8,0,0,79
Analytics,6,Bachelors,m,other,1,30,4.0,3,0,0,86
Analytics,22,Bachelors,m,other,3,26,5.0,2,1,0,87
Analytics,32,Bachelors,f,sourcing,1,30,4.0,6,0,0,87
Sales & Marketing,7,Masters & above,m,sourcing,1,41,3.0,8,0,0,49
Procurement,7,Masters & above,f,sourcing,3,49,3.0,11,0,0,72
Analytics,17,Bachelors,m,other,1,34,3.0,8,0,0,79
Sales & Marketing,9,Masters & above,m,other,1,37,2.0,9,0,0,46
Procurement,26,Bachelors,m,other,1,32,3.0,2,0,0,68
Operations,27,Masters & above,f,sourcing,1,39,3.0,10,0,0,58
Procurement,2,Masters & above,f,sourcing,2,54,3.0,5,0,0,71
Analytics,22,Bachelors,m,referred,1,28,5.0,2,0,0,83
Sales & Marketing,22,Masters & above,m,other,1,30,3.0,6,1,0,48
Sales & Marketing,2,Masters & above,f,sourcing,1,55,3.0,18,0,0,52
Procurement,26,Bachelors,m,sourcing,1,38,1.0,11,0,0,70
Sales & Marketing,31,Bachelors,m,other,1,29,5.0,2,0,0,51
Legal,2,Bachelors,f,other,1,37,4.0,8,0,0,59
Sales & Marketing,16,Bachelors,m,sourcing,1,29,3.0,6,0,0,54
Operations,15,Bachelors,m,other,1,36,4.0,7,0,0,58
Procurement,22,Masters & above,f,sourcing,1,39,1.0,10,0,0,70
Sales & Marketing,2,Bachelors,f,sourcing,1,48,4.0,4,0,0,46
Operations,29,Bachelors,m,other,1,32,1.0,7,1,0,62
Operations,22,Bachelors,m,sourcing,1,48,4.0,6,1,0,65
Technology,7,Bachelors,f,other,1,48,5.0,7,1,0,81
Sales & Marketing,11,Bachelors,m,sourcing,1,32,5.0,7,1,0,50
Analytics,25,Bachelors,m,sourcing,1,32,4.0,2,0,0,85
Operations,15,Bachelors,m,referred,2,32,5.0,7,1,0,66
Technology,22,Masters & above,m,sourcing,1,32,3.0,4,0,0,75
Sales & Marketing,14,Bachelors,m,other,1,41,1.0,13,0,0,50
HR,22,Masters & above,m,other,2,40,1.0,11,0,0,51
Operations,11,Masters & above,f,sourcing,1,32,2.0,9,0,0,58
HR,2,Bachelors,f,other,1,47,4.0,7,0,0,44
R&D,2,Bachelors,m,other,1,37,3.0,8,0,0,78
Sales & Marketing,33,Masters & above,m,other,1,57,3.0,2,0,0,48
Sales & Marketing,10,Masters & above,m,sourcing,2,41,3.0,16,0,0,49
Finance,2,Masters & above,m,other,2,53,5.0,7,1,0,58
Sales & Marketing,25,Masters & above,m,sourcing,1,33,5.0,7,0,0,52
Operations,25,Bachelors,f,sourcing,1,27,3.0,4,1,0,60
Sales & Marketing,2,Bachelors,m,other,1,37,2.0,5,1,1,51
Operations,29,Masters & above,m,sourcing,1,47,5.0,4,1,0,55
Procurement,12,Bachelors,m,other,1,29,5.0,4,1,0,73
Sales & Marketing,7,Bachelors,m,other,2,47,3.0,9,0,0,52
Analytics,4,Masters & above,m,other,1,37,3.0,10,1,0,83
Procurement,15,Bachelors,m,sourcing,3,37,1.0,4,0,0,70
Procurement,2,Bachelors,m,other,1,50,3.0,17,0,0,66
Sales & Marketing,2,Bachelors,m,other,1,45,5.0,17,1,0,50
Operations,4,Bachelors,m,other,1,32,3.0,6,1,0,59
Technology,5,Masters & above,m,other,1,42,3.0,3,0,0,79
Technology,22,Bachelors,m,referred,2,29,3.0,2,0,0,80
Legal,13,Bachelors,m,other,1,31,5.0,3,1,1,63
Operations,2,Bachelors,f,sourcing,1,44,3.0,11,0,0,61
Sales & Marketing,2,Bachelors,m,other,1,55,3.0,15,0,0,47
Legal,22,Bachelors,m,sourcing,1,30,3.0,3,0,0,59
Operations,19,Bachelors,m,other,1,36,3.0,6,1,0,57
Finance,22,Bachelors,m,sourcing,1,29,1.0,4,0,0,66
Technology,22,Bachelors,m,sourcing,1,30,4.0,2,1,1,92
Sales & Marketing,2,Bachelors,f,other,2,31,3.0,3,0,0,57
Technology,22,Bachelors,m,referred,2,31,5.0,4,0,0,82
Analytics,20,Bachelors,m,sourcing,2,43,3.0,12,1,0,89
Sales & Marketing,22,Bachelors,m,sourcing,1,41,3.0,12,0,0,46
HR,13,Masters & above,f,other,1,32,3.0,6,0,0,50
Sales & Marketing,2,Bachelors,m,other,2,38,3.0,4,1,1,92
Analytics,28,Bachelors,m,sourcing,2,26,3.0,2,0,0,81
R&D,30,Bachelors,m,sourcing,3,30,3.0,4,0,0,85
Technology,14,Bachelors,m,sourcing,3,32,3.0,5,0,0,81
Sales & Marketing,8,Masters & above,m,sourcing,1,33,4.0,5,1,0,51
Technology,2,Bachelors,f,other,1,33,5.0,7,1,0,77
Sales & Marketing,3,Bachelors,m,sourcing,1,36,3.0,8,0,0,55
Procurement,7,Bachelors,f,sourcing,2,40,3.0,3,0,1,71
Sales & Marketing,30,Bachelors,m,other,1,41,1.0,10,0,0,50
Procurement,7,Masters & above,f,other,1,38,5.0,9,0,0,85
Technology,13,Bachelors,m,other,1,45,4.0,4,1,0,82
HR,22,Bachelors,m,other,1,22,3.0,2,0,0,55
Sales & Marketing,2,Bachelors,f,other,1,32,1.0,10,0,0,53
Sales & Marketing,2,Bachelors,f,other,1,54,1.0,23,0,0,46
Technology,27,Bachelors,m,other,2,28,1.0,7,0,0,76
Procurement,17,Bachelors,f,sourcing,2,39,4.0,2,0,0,68
Technology,5,Bachelors,f,other,1,25,3.0,2,1,0,80
Technology,7,Bachelors,f,sourcing,1,33,5.0,3,1,0,78
Analytics,31,Bachelors,m,sourcing,1,29,2.0,4,0,0,83
Analytics,28,Bachelors,m,sourcing,1,29,3.0,2,1,0,82
Operations,2,Bachelors,f,sourcing,1,41,3.0,2,0,0,60
Procurement,2,Bachelors,f,sourcing,1,38,1.0,11,0,0,66
Sales & Marketing,27,Bachelors,f,sourcing,1,33,3.0,7,0,0,49
Operations,26,Bachelors,f,sourcing,1,37,4.0,2,0,0,57
Operations,14,Bachelors,f,other,1,38,5.0,5,1,0,57
Operations,7,Masters & above,m,other,1,34,5.0,3,0,0,64
Sales & Marketing,7,Bachelors,m,other,1,29,5.0,5,1,0,47
Operations,23,Bachelors,m,sourcing,1,44,4.0,3,1,0,59
Analytics,26,Bachelors,f,other,2,30,1.0,4,0,0,84
Operations,29,Bachelors,m,sourcing,1,28,3.0,2,0,0,57
Analytics,2,Masters & above,m,other,2,35,3.0,4,0,0,79
R&D,2,Masters & above,m,other,2,42,3.0,13,1,0,87
Sales & Marketing,22,Masters & above,m,other,6,32,1.0,8,0,0,51
Procurement,17,Masters & above,f,sourcing,1,49,4.0,20,1,0,67
Operations,22,Masters & above,f,sourcing,2,42,4.0,11,1,0,60
Analytics,25,Bachelors,m,sourcing,2,28,4.0,3,1,0,85
Technology,10,Bachelors,f,other,1,28,3.0,4,1,0,81
Sales & Marketing,2,Bachelors,m,other,1,52,4.0,9,1,0,47
Technology,2,Bachelors,m,sourcing,1,45,3.0,16,0,0,81
Procurement,22,Masters & above,m,sourcing,1,42,5.0,11,0,0,70
Procurement,2,Bachelors,f,other,1,39,5.0,3,1,0,70
Analytics,29,Bachelors,m,other,1,25,4.0,2,1,0,81
Sales & Marketing,34,Bachelors,m,sourcing,3,25,4.0,2,0,0,47
Sales & Marketing,16,Bachelors,m,other,1,57,1.0,17,0,0,52
Operations,1,Masters & above,m,other,1,31,2.0,3,1,0,64
Operations,7,Masters & above,m,sourcing,1,36,3.0,4,1,0,60
Sales & Marketing,2,Bachelors,m,referred,3,31,3.0,5,1,0,51
Sales & Marketing,22,Bachelors,m,other,2,29,5.0,3,1,0,49
Sales & Marketing,14,Masters & above,m,other,1,38,4.0,8,0,0,51
Sales & Marketing,15,Bachelors,m,sourcing,1,41,2.0,5,1,0,53
Finance,2,Bachelors,f,sourcing,1,32,5.0,5,1,0,60
Technology,19,Bachelors,m,other,1,34,3.0,5,0,0,81
Legal,5,Bachelors,m,other,1,28,5.0,2,0,0,58
Operations,22,Masters & above,m,sourcing,1,57,1.0,19,1,0,55
Sales & Marketing,33,Bachelors,f,sourcing,1,31,1.0,2,0,0,50
Operations,2,Masters & above,f,other,2,55,5.0,24,1,0,56
HR,31,Bachelors,f,sourcing,1,27,3.0,4,0,0,51
Operations,2,Bachelors,m,other,1,59,5.0,2,0,0,59
Sales & Marketing,13,Bachelors,m,other,1,42,3.0,13,0,0,51
R&D,2,Masters & above,m,sourcing,1,34,4.0,6,1,0,87
Legal,7,Below Secondary,m,sourcing,1,28,5.0,3,0,0,59
Sales & Marketing,11,Masters & above,m,sourcing,1,45,3.0,6,1,1,50
Technology,4,Bachelors,f,other,1,35,5.0,4,1,1,76
HR,6,Bachelors,m,other,2,31,5.0,5,0,0,48
Sales & Marketing,34,Bachelors,m,other,1,31,2.0,4,0,0,52
Operations,2,Bachelors,f,other,2,36,5.0,9,1,0,58
Sales & Marketing,24,Bachelors,m,sourcing,1,37,4.0,7,0,0,48
Operations,16,Masters & above,f,other,1,38,5.0,10,0,0,58
Operations,8,Bachelors,m,other,1,26,3.0,3,1,0,62
Sales & Marketing,7,Bachelors,f,sourcing,1,44,1.0,3,1,0,41
Procurement,33,Masters & above,m,other,1,38,3.0,2,1,0,67
Operations,22,Bachelors,m,other,1,38,5.0,3,1,1,56
Analytics,2,Masters & above,m,sourcing,1,49,3.0,2,0,0,88
Sales & Marketing,6,Bachelors,m,sourcing,2,35,1.0,7,0,0,46
Operations,27,Masters & above,m,sourcing,1,52,4.0,21,0,0,60
R&D,30,Masters & above,m,other,1,34,4.0,3,1,0,88
Technology,27,Bachelors,f,other,1,35,3.0,10,0,0,81
Sales & Marketing,30,Bachelors,m,sourcing,1,35,1.0,9,0,0,53
HR,2,Masters & above,f,other,1,41,5.0,2,0,0,62
Sales & Marketing,28,Masters & above,m,sourcing,2,39,2.0,4,0,0,48
Analytics,22,Bachelors,m,sourcing,2,30,4.0,5,0,0,87
Procurement,31,Bachelors,m,other,1,26,2.0,3,0,0,70
Technology,7,Bachelors,f,other,1,38,2.0,6,0,0,77
Technology,13,Bachelors,m,other,1,37,4.0,4,1,0,80
Procurement,26,Bachelors,f,other,1,27,1.0,5,0,0,69
Sales & Marketing,7,Bachelors,m,sourcing,1,43,2.0,13,0,0,54
Technology,20,Bachelors,m,sourcing,1,31,3.0,2,0,0,79
Analytics,1,Masters & above,m,sourcing,1,37,3.0,9,0,0,84
Sales & Marketing,4,Masters & above,m,sourcing,1,36,3.0,8,0,0,49
Operations,22,Masters & above,m,sourcing,1,31,3.0,5,1,0,61
Sales & Marketing,13,Masters & above,m,other,1,34,3.0,5,1,0,49
Operations,13,Bachelors,f,other,1,30,2.0,5,0,0,60
Sales & Marketing,7,Masters & above,m,sourcing,2,35,3.0,4,0,0,48
Sales & Marketing,28,Bachelors,m,other,1,34,1.0,9,0,0,52
Sales & Marketing,6,Bachelors,m,other,2,32,1.0,2,0,0,48
Sales & Marketing,22,Masters & above,f,sourcing,1,33,5.0,5,0,0,57
Sales & Marketing,2,Bachelors,m,other,3,39,2.0,3,0,0,48
HR,2,Bachelors,f,sourcing,1,32,4.0,4,0,0,48
Analytics,23,Bachelors,m,sourcing,1,34,3.0,10,0,0,83
Operations,26,Masters & above,m,other,1,34,3.0,9,1,0,57
HR,26,Bachelors,f,sourcing,1,27,5.0,3,1,0,52
Sales & Marketing,22,Bachelors,m,other,1,27,5.0,3,0,0,63
Technology,2,Bachelors,f,sourcing,1,33,5.0,8,1,0,82
Sales & Marketing,2,Bachelors,f,other,1,58,3.0,8,0,0,53
Sales & Marketing,2,Bachelors,f,other,2,32,5.0,7,1,0,49
Analytics,28,Bachelors,m,other,1,27,2.0,3,1,0,72
HR,7,Bachelors,m,sourcing,1,50,5.0,7,0,0,48
Procurement,15,Masters & above,f,other,1,32,3.0,3,0,0,67
Technology,17,Bachelors,m,sourcing,1,30,5.0,7,1,0,82
Sales & Marketing,6,Bachelors,f,sourcing,1,30,3.0,5,0,0,49
Operations,7,Bachelors,m,sourcing,1,41,5.0,12,1,0,59
Sales & Marketing,27,Bachelors,f,sourcing,1,31,1.0,7,0,0,47
Technology,8,Bachelors,f,sourcing,2,34,3.0,7,0,0,79
Sales & Marketing,31,Bachelors,m,sourcing,1,39,4.0,9,0,0,47
Analytics,28,Masters & above,m,sourcing,1,35,4.0,4,0,0,81
Sales & Marketing,28,Bachelors,m,other,1,33,4.0,5,1,0,50
Sales & Marketing,2,Masters & above,m,sourcing,1,50,3.0,15,0,0,49
Procurement,30,Bachelors,m,other,1,31,5.0,6,1,0,74
Technology,10,Bachelors,f,other,1,29,1.0,6,0,0,75
Procurement,27,Bachelors,m,other,2,26,3.0,4,0,0,69
Sales & Marketing,28,Bachelors,m,other,1,34,4.0,6,1,0,46
Legal,22,Bachelors,m,other,1,30,5.0,4,0,0,60
Operations,22,Masters & above,m,sourcing,1,46,5.0,3,1,0,60
Operations,14,Masters & above,f,sourcing,2,35,4.0,4,1,0,61
Sales & Marketing,23,Bachelors,m,sourcing,1,33,3.0,3,0,0,45
Sales & Marketing,9,Bachelors,m,other,2,35,3.0,7,0,0,50
Legal,2,Below Secondary,f,other,1,25,3.0,2,1,0,61
Sales & Marketing,27,Bachelors,m,other,1,31,1.0,5,0,0,47
Sales & Marketing,2,Bachelors,f,other,1,54,5.0,17,0,0,53
Procurement,2,Bachelors,m,sourcing,1,59,3.0,16,0,0,74
Sales & Marketing,4,Bachelors,m,sourcing,1,29,1.0,7,0,0,51
Procurement,13,Bachelors,f,other,1,32,3.0,6,0,0,67
Sales & Marketing,15,Bachelors,m,sourcing,3,27,2.0,4,0,0,45
Operations,2,Bachelors,m,sourcing,2,32,5.0,6,1,0,65
Sales & Marketing,2,Bachelors,f,other,1,42,4.0,12,0,0,48
Sales & Marketing,26,Masters & above,m,sourcing,1,49,1.0,6,0,0,48
Technology,23,Masters & above,m,sourcing,1,43,4.0,12,1,0,78
Operations,13,Bachelors,m,other,1,27,5.0,5,1,0,57
Sales & Marketing,13,Masters & above,m,other,1,31,1.0,5,0,0,49
Technology,7,Bachelors,m,other,1,30,4.0,7,0,0,77
Technology,2,Masters & above,f,sourcing,1,34,1.0,8,0,0,76
Sales & Marketing,2,Bachelors,m,other,1,31,4.0,5,0,0,51
Sales & Marketing,10,Masters & above,m,sourcing,1,42,3.0,13,0,0,50
Sales & Marketing,2,Bachelors,m,other,1,32,1.0,3,1,0,53
Sales & Marketing,22,Masters & above,m,sourcing,1,41,4.0,11,0,0,48
Technology,2,Masters & above,m,sourcing,1,37,2.0,7,0,0,78
Technology,15,Masters & above,m,other,2,37,5.0,3,1,0,79
Sales & Marketing,5,Bachelors,m,sourcing,1,40,5.0,6,1,0,49
Analytics,34,Bachelors,m,sourcing,2,30,2.0,9,0,0,81
R&D,7,Bachelors,m,other,2,34,2.0,5,0,0,84
Technology,13,Masters & above,m,other,1,35,3.0,7,1,0,80
Sales & Marketing,27,Masters & above,m,other,1,34,1.0,4,0,0,52
Sales & Marketing,7,Masters & above,m,sourcing,1,35,2.0,7,0,0,51
Sales & Marketing,16,Bachelors,m,other,2,39,3.0,9,0,0,47
HR,22,Bachelors,m,other,1,30,5.0,4,0,0,51
Analytics,2,Masters & above,m,other,1,41,2.0,14,0,0,85
Operations,2,Masters & above,m,sourcing,1,42,5.0,6,1,0,65
Operations,22,Bachelors,m,other,1,43,4.0,3,1,0,61
Operations,26,Bachelors,f,other,1,41,5.0,13,1,0,64
Sales & Marketing,13,Masters & above,m,sourcing,2,34,3.0,6,0,0,47
Procurement,17,Bachelors,m,other,1,32,3.0,4,0,0,70
Operations,15,Bachelors,f,other,1,35,1.0,3,0,0,59
HR,7,Masters & above,m,sourcing,2,35,3.0,10,0,0,51
Sales & Marketing,20,Bachelors,m,sourcing,1,29,5.0,2,1,0,52
Technology,7,Masters & above,f,other,1,52,4.0,16,1,0,87
Analytics,22,Bachelors,f,other,1,25,3.0,2,0,0,86
Operations,11,Masters & above,f,other,1,59,4.0,16,1,0,64
Procurement,23,Masters & above,m,sourcing,1,37,1.0,8,0,0,74
Procurement,10,Bachelors,f,other,1,32,3.0,3,0,0,65
Operations,22,Bachelors,m,other,4,28,1.0,8,0,0,63
Procurement,17,Masters & above,f,sourcing,1,53,4.0,8,0,0,68
Analytics,2,Masters & above,f,other,1,38,3.0,7,0,0,88
Sales & Marketing,2,Masters & above,m,other,2,46,3.0,2,0,0,48
Sales & Marketing,4,Masters & above,m,sourcing,1,39,3.0,4,0,0,49
Operations,15,Bachelors,f,other,1,46,4.0,15,0,0,60
Technology,2,Masters & above,m,other,1,35,4.0,8,0,0,70
Sales & Marketing,15,Bachelors,m,other,1,28,2.0,2,0,0,47
Procurement,5,Bachelors,m,other,1,37,4.0,3,1,0,69
Operations,13,Bachelors,f,other,1,44,3.0,4,0,0,57
HR,32,Bachelors,m,other,2,26,5.0,2,0,0,49
Legal,7,Masters & above,m,other,1,34,3.0,5,0,0,62
Legal,13,Bachelors,m,sourcing,1,38,3.0,2,0,0,63
Operations,32,Bachelors,f,other,1,28,3.0,3,1,0,55
Technology,28,Bachelors,m,other,1,25,3.0,2,0,0,79
Operations,28,Masters & above,m,other,1,35,1.0,9,0,0,62
Operations,13,Bachelors,f,referred,1,30,3.0,6,1,0,58
Procurement,2,Masters & above,f,other,2,36,1.0,3,0,0,66
Technology,2,Bachelors,f,other,1,45,5.0,5,0,0,81
Sales & Marketing,28,Bachelors,m,other,1,25,3.0,2,0,0,50
Sales & Marketing,23,Masters & above,m,other,2,42,3.0,4,0,0,50
Sales & Marketing,21,Masters & above,m,other,1,38,5.0,4,1,0,47
Sales & Marketing,23,Bachelors,m,other,1,33,2.0,5,0,0,53
Analytics,13,Bachelors,m,sourcing,3,24,4.0,2,0,0,87
Technology,14,Bachelors,m,other,1,28,4.0,5,1,0,82
Procurement,2,Bachelors,m,other,1,25,1.0,2,1,0,69
Operations,2,Bachelors,m,sourcing,1,35,2.0,6,1,0,65
Sales & Marketing,12,Bachelors,m,sourcing,1,32,4.0,2,1,0,47
Procurement,2,Bachelors,m,sourcing,2,47,3.0,4,1,0,75
Technology,24,Masters & above,m,sourcing,1,34,3.0,5,0,0,76
Operations,19,Bachelors,m,sourcing,1,30,3.0,3,0,0,57
Operations,12,Bachelors,f,sourcing,1,30,5.0,10,1,0,60
Operations,2,Bachelors,m,sourcing,1,31,3.0,3,0,0,53
Technology,2,Bachelors,m,sourcing,1,32,2.0,6,1,0,76
Technology,27,Bachelors,f,other,1,28,2.0,5,1,0,82
HR,7,Bachelors,f,other,1,30,2.0,8,0,0,48
Sales & Marketing,2,Masters & above,m,sourcing,1,60,3.0,19,0,0,50
Technology,2,Bachelors,m,other,1,34,5.0,7,1,0,82
Procurement,2,Bachelors,m,sourcing,1,34,4.0,10,0,0,69
Operations,22,Bachelors,f,other,1,33,5.0,6,0,0,58
Operations,15,Bachelors,m,other,1,52,3.0,18,0,0,62
Operations,14,Bachelors,f,other,1,32,4.0,5,0,0,62
Operations,2,Masters & above,f,other,1,35,5.0,2,1,0,56
Technology,16,Bachelors,f,other,2,32,3.0,4,0,0,83
Procurement,13,Bachelors,f,other,1,31,3.0,3,0,0,71
Procurement,22,Bachelors,m,sourcing,1,32,5.0,6,1,0,73
Operations,31,Masters & above,m,sourcing,1,37,5.0,7,1,0,57
Operations,16,Bachelors,m,other,1,38,2.0,4,1,0,61
Analytics,2,Bachelors,m,other,2,40,3.0,16,0,0,88
Operations,22,Masters & above,m,other,3,38,5.0,8,1,0,59
Operations,15,Bachelors,m,sourcing,1,34,3.0,3,0,0,61
Technology,7,Masters & above,m,other,1,32,1.0,4,0,1,81
HR,32,Bachelors,m,sourcing,1,26,5.0,2,1,1,50
Sales & Marketing,16,Bachelors,m,other,1,31,4.0,7,0,0,50
Sales & Marketing,21,Masters & above,m,sourcing,3,43,1.0,5,0,0,49
Analytics,2,Masters & above,m,other,1,45,1.0,7,0,0,82
Finance,2,Bachelors,f,sourcing,1,28,3.0,2,0,0,59
Operations,2,Bachelors,f,referred,1,30,3.0,6,0,0,65
Operations,13,Bachelors,m,sourcing,1,31,4.0,4,1,0,66
Sales & Marketing,28,Bachelors,m,other,1,34,1.0,3,0,0,55
Operations,13,Masters & above,m,other,1,41,4.0,4,1,0,62
Technology,2,Bachelors,m,sourcing,2,36,3.0,2,0,0,81
Operations,8,Bachelors,m,sourcing,1,33,3.0,6,0,0,61
Operations,21,Bachelors,m,other,1,36,1.0,10,0,0,61
Sales & Marketing,23,Masters & above,m,other,1,34,1.0,9,0,0,47
Analytics,22,Masters & above,f,other,1,35,4.0,9,0,0,87
Sales & Marketing,14,Masters & above,f,sourcing,1,37,5.0,3,1,0,53
Sales & Marketing,13,Bachelors,m,sourcing,1,48,5.0,3,0,0,49
Technology,22,Bachelors,m,other,3,28,4.0,4,1,0,76
Operations,2,Bachelors,f,other,1,30,4.0,4,1,0,60
R&D,26,Bachelors,m,sourcing,1,34,4.0,8,0,0,87
Sales & Marketing,16,Bachelors,m,other,1,42,2.0,16,0,0,52
Operations,6,Bachelors,f,other,1,45,4.0,16,0,0,58
Operations,2,Bachelors,f,sourcing,3,33,5.0,3,1,0,60
Operations,14,Bachelors,m,sourcing,1,26,3.0,3,0,0,60
Sales & Marketing,24,Bachelors,m,sourcing,2,31,3.0,4,0,0,60
Sales & Marketing,15,Bachelors,m,other,2,31,4.0,3,1,0,95
Sales & Marketing,2,Masters & above,m,sourcing,2,46,1.0,19,0,0,49
Procurement,7,Masters & above,m,other,3,46,4.0,7,0,0,72
Analytics,15,Bachelors,m,other,1,30,3.0,5,0,1,89
Procurement,17,Bachelors,f,other,1,27,4.0,2,1,0,74
Operations,19,Bachelors,f,sourcing,1,40,4.0,14,1,0,59
Operations,2,Bachelors,m,sourcing,1,52,1.0,18,0,0,61
Operations,6,Bachelors,m,sourcing,3,27,3.0,4,0,0,74
Operations,13,Masters & above,m,sourcing,1,49,5.0,16,0,0,59
Operations,21,Bachelors,f,sourcing,1,35,5.0,2,1,0,63
Sales & Marketing,3,Masters & above,m,other,1,35,5.0,7,1,0,53
HR,2,Masters & above,m,other,1,33,3.0,7,1,0,54
Sales & Marketing,31,Bachelors,m,other,1,29,5.0,3,1,0,91
Sales & Marketing,3,Bachelors,m,other,1,30,5.0,4,1,0,50
Procurement,22,Masters & above,f,other,1,32,3.0,4,1,0,73
Finance,26,Bachelors,m,other,1,26,1.0,3,0,0,60
Analytics,22,Bachelors,f,other,2,29,4.0,2,0,0,86
Operations,2,Bachelors,m,other,1,56,4.0,12,1,0,64
Operations,13,Masters & above,f,sourcing,1,35,3.0,2,1,0,55
Technology,7,Bachelors,f,other,1,40,3.0,8,0,0,77
R&D,22,Masters & above,m,other,1,30,4.0,6,0,0,84
Sales & Marketing,23,Masters & above,m,other,1,47,3.0,6,1,0,48
Technology,7,Bachelors,m,sourcing,2,28,4.0,2,0,0,78
Analytics,2,Bachelors,m,sourcing,1,28,3.0,2,0,0,84
Sales & Marketing,5,Bachelors,f,other,1,28,2.0,9,0,0,47
Sales & Marketing,22,Bachelors,f,sourcing,1,33,5.0,2,1,0,49
Procurement,2,Masters & above,f,other,1,38,2.0,7,0,0,68
Procurement,2,Bachelors,m,sourcing,1,53,5.0,8,1,0,73
HR,23,Bachelors,m,sourcing,1,31,3.0,2,0,0,47
Operations,11,Bachelors,f,other,1,28,5.0,3,0,0,63
Technology,22,Below Secondary,m,other,1,24,3.0,2,0,0,81
Analytics,13,Bachelors,m,sourcing,2,30,3.0,5,0,0,84
Procurement,7,Masters & above,f,other,2,51,3.0,19,0,0,71
Analytics,2,Masters & above,m,sourcing,1,55,3.0,15,0,0,90
Operations,26,Bachelors,f,sourcing,1,29,2.0,3,0,0,54
Sales & Marketing,2,Bachelors,m,other,1,46,1.0,16,0,0,47
Procurement,2,Masters & above,f,sourcing,1,38,3.0,3,0,0,67
Sales & Marketing,2,Bachelors,f,other,1,42,5.0,2,0,0,65
Technology,15,Bachelors,m,sourcing,1,32,5.0,6,1,0,79
Operations,11,Bachelors,f,sourcing,1,33,4.0,10,0,0,59
Operations,2,Bachelors,m,other,1,35,5.0,3,1,0,56
Sales & Marketing,3,Bachelors,m,other,1,38,3.0,7,0,0,51
Sales & Marketing,13,Bachelors,m,sourcing,1,32,4.0,5,0,0,50
Sales & Marketing,2,Bachelors,m,other,2,35,3.0,7,0,0,48
Sales & Marketing,31,Bachelors,m,sourcing,1,28,2.0,3,1,0,49
Analytics,34,Bachelors,m,other,1,30,3.0,8,1,0,86
Operations,9,Bachelors,m,other,1,27,3.0,4,0,0,62
Analytics,23,Bachelors,m,sourcing,1,32,2.0,5,0,0,84
R&D,4,Masters & above,m,sourcing,1,36,3.0,4,0,0,88
Sales & Marketing,20,Bachelors,m,other,1,27,5.0,3,0,0,48
Sales & Marketing,2,Bachelors,m,sourcing,1,33,3.0,7,0,0,47
Sales & Marketing,28,Bachelors,m,sourcing,1,32,3.0,3,0,0,50
HR,2,Masters & above,m,sourcing,1,37,5.0,9,1,0,51
Operations,26,Bachelors,m,sourcing,1,35,4.0,7,0,0,59
Technology,15,Bachelors,m,sourcing,2,46,5.0,12,1,0,82
Sales & Marketing,7,Bachelors,m,sourcing,1,35,5.0,5,1,1,51
Analytics,2,Masters & above,m,sourcing,1,56,3.0,18,0,0,83
Operations,2,Bachelors,f,other,1,50,3.0,2,0,0,66
Procurement,7,Masters & above,m,other,1,36,2.0,4,0,0,68
HR,22,Bachelors,f,other,1,30,5.0,6,1,0,50
Sales & Marketing,13,Bachelors,m,sourcing,1,44,4.0,13,0,0,45
Procurement,16,Masters & above,f,sourcing,1,36,3.0,9,0,0,76
Operations,27,Masters & above,m,other,1,42,3.0,5,0,0,66
HR,15,Masters & above,m,other,1,35,3.0,5,0,0,48
Operations,29,Masters & above,m,sourcing,1,39,2.0,10,0,0,60
Procurement,2,Below Secondary,f,other,1,25,4.0,2,1,0,70
Sales & Marketing,27,Bachelors,m,sourcing,1,28,5.0,2,1,0,48
Operations,22,Bachelors,m,referred,1,35,3.0,3,1,0,57
Sales & Marketing,2,Masters & above,m,sourcing,1,51,4.0,19,1,1,51
Procurement,5,Bachelors,f,other,1,31,3.0,5,0,0,73
Operations,30,Bachelors,m,sourcing,1,32,4.0,7,0,0,61
Operations,32,Bachelors,f,sourcing,1,39,3.0,8,0,0,60
Sales & Marketing,2,Bachelors,f,other,1,31,3.0,4,1,1,51
HR,11,Bachelors,f,other,1,31,4.0,5,0,0,50
Operations,22,Masters & above,m,other,1,38,4.0,6,1,0,58
Analytics,31,Bachelors,m,other,2,45,5.0,17,1,0,88
Procurement,7,Masters & above,f,sourcing,1,38,4.0,10,0,0,67
Finance,2,Bachelors,f,sourcing,1,31,1.0,4,0,0,57
Sales & Marketing,16,Masters & above,m,sourcing,1,37,1.0,5,0,0,45
Sales & Marketing,28,Bachelors,m,sourcing,2,39,5.0,7,1,0,50
Finance,7,Bachelors,m,other,1,32,5.0,8,1,0,59
Sales & Marketing,23,Masters & above,m,sourcing,1,31,5.0,6,1,0,51
Technology,7,Masters & above,m,other,2,47,3.0,18,0,0,76
Technology,24,Bachelors,m,other,2,27,3.0,3,1,0,79
Operations,24,Bachelors,m,sourcing,1,32,3.0,10,0,0,62
Procurement,2,Masters & above,f,other,1,53,3.0,3,0,0,73
Sales & Marketing,6,Bachelors,f,other,1,26,4.0,2,1,0,48
Sales & Marketing,2,Bachelors,f,other,4,27,2.0,4,0,0,49
Operations,2,Bachelors,m,sourcing,1,45,4.0,3,0,0,63
Technology,2,Masters & above,f,other,1,52,3.0,17,0,0,81
Sales & Marketing,13,Bachelors,f,sourcing,1,28,3.0,2,0,0,45
Legal,2,Bachelors,m,other,1,35,2.0,7,0,0,58
Technology,22,Bachelors,m,referred,2,28,4.0,2,0,0,83
Sales & Marketing,19,Bachelors,m,other,1,44,3.0,3,0,0,49
Analytics,24,Bachelors,m,other,1,38,1.0,3,0,0,85
Procurement,31,Bachelors,m,other,1,30,4.0,7,1,0,69
Operations,16,Bachelors,f,other,1,41,3.0,3,0,0,58
Procurement,31,Masters & above,f,other,1,40,3.0,10,0,0,70
Operations,4,Masters & above,f,sourcing,1,38,4.0,10,1,0,55
Procurement,16,Bachelors,m,other,1,56,4.0,9,1,0,70
Procurement,22,Masters & above,m,sourcing,1,52,4.0,7,0,0,71
Sales & Marketing,27,Masters & above,m,sourcing,1,37,4.0,4,0,0,46
Analytics,22,Bachelors,f,other,1,30,4.0,7,0,0,89
Sales & Marketing,2,Masters & above,m,sourcing,1,31,1.0,3,0,0,52
Procurement,14,Masters & above,f,sourcing,1,36,1.0,4,0,0,70
Operations,19,Bachelors,f,other,1,40,4.0,15,0,0,56
Sales & Marketing,22,Masters & above,m,sourcing,2,37,3.0,8,0,0,50
Technology,7,Bachelors,f,sourcing,1,29,3.0,3,0,0,77
Analytics,7,Bachelors,m,sourcing,1,32,4.0,4,1,0,85
Operations,2,Bachelors,f,sourcing,1,47,5.0,14,0,0,58
Operations,4,Bachelors,f,other,1,27,3.0,3,0,0,59
Analytics,22,Bachelors,f,other,2,26,4.0,3,1,0,82
Technology,33,Bachelors,m,other,2,43,3.0,15,0,0,76
Analytics,28,Bachelors,m,sourcing,1,29,4.0,2,1,0,85
Sales & Marketing,2,Bachelors,m,sourcing,1,43,4.0,11,0,0,50
Procurement,2,Bachelors,f,other,1,51,5.0,10,1,0,70
Legal,22,Masters & above,m,sourcing,1,37,3.0,6,0,0,58
Sales & Marketing,7,Bachelors,m,sourcing,1,45,2.0,7,1,0,45
Operations,19,Masters & above,m,other,2,43,3.0,4,0,0,63
Finance,22,Masters & above,f,sourcing,1,32,3.0,4,0,0,62
Sales & Marketing,2,Bachelors,m,other,1,48,2.0,4,0,0,51
Sales & Marketing,5,Bachelors,m,other,1,48,3.0,7,0,0,49
Procurement,2,Masters & above,m,sourcing,1,41,1.0,2,1,0,69
Sales & Marketing,28,Masters & above,m,other,1,47,4.0,15,1,0,47
Sales & Marketing,13,Bachelors,m,other,1,22,4.0,2,0,0,49
Procurement,23,Bachelors,f,other,1,28,3.0,2,0,0,68
Procurement,6,Bachelors,f,other,1,35,3.0,9,0,0,68
Procurement,17,Bachelors,f,other,1,36,5.0,3,0,0,66
Operations,22,Bachelors,f,other,2,29,5.0,4,1,0,60
Sales & Marketing,13,Bachelors,m,other,1,33,1.0,7,0,0,48
Procurement,2,Bachelors,f,other,1,51,1.0,9,0,0,72
Procurement,2,Masters & above,m,other,1,52,2.0,14,0,0,64
Analytics,34,Bachelors,m,other,1,36,5.0,5,0,0,87
Sales & Marketing,19,Bachelors,m,other,1,40,3.0,9,0,0,53
Finance,22,Bachelors,m,other,1,28,4.0,4,0,0,60
HR,2,Masters & above,f,sourcing,1,44,5.0,12,1,0,51
Technology,27,Bachelors,f,sourcing,1,32,5.0,6,1,1,92
Sales & Marketing,26,Bachelors,m,sourcing,1,50,3.0,7,0,0,45
Operations,25,Bachelors,m,other,1,32,3.0,8,0,0,63
R&D,13,Masters & above,m,sourcing,1,34,5.0,4,1,0,85
Sales & Marketing,26,Masters & above,m,other,1,33,5.0,10,0,0,47
Sales & Marketing,4,Bachelors,m,sourcing,1,49,3.0,5,0,0,48
Operations,34,Bachelors,m,sourcing,1,30,5.0,8,1,0,61
Sales & Marketing,16,Bachelors,f,other,1,40,1.0,6,0,0,48
Procurement,2,Masters & above,m,sourcing,1,47,3.0,17,1,0,69
Operations,19,Bachelors,m,sourcing,1,44,5.0,16,1,0,62
Analytics,25,Bachelors,m,other,1,28,4.0,5,1,0,82
Procurement,8,Bachelors,m,other,1,29,3.0,3,1,0,68
Sales & Marketing,27,Bachelors,m,other,1,27,1.0,6,0,0,46
Procurement,2,Bachelors,f,sourcing,2,44,1.0,6,0,0,73
Sales & Marketing,14,Masters & above,m,sourcing,1,42,2.0,5,0,0,48
Analytics,15,Bachelors,m,other,1,27,4.0,2,1,0,81
Operations,15,Masters & above,m,sourcing,1,34,5.0,4,1,0,61
Technology,7,Bachelors,f,other,1,31,2.0,5,0,0,81
HR,2,Bachelors,f,other,1,30,1.0,4,0,0,51
Operations,31,Bachelors,m,other,1,54,5.0,11,0,0,59
Analytics,7,Masters & above,m,other,4,36,5.0,7,0,0,83
Procurement,30,Masters & above,m,other,1,42,3.0,7,0,0,71
HR,29,Bachelors,m,sourcing,1,33,3.0,9,1,0,48
Analytics,2,Bachelors,m,other,1,44,4.0,8,0,0,80
Sales & Marketing,11,Bachelors,m,sourcing,1,28,4.0,6,0,0,51
Sales & Marketing,28,Masters & above,m,sourcing,1,34,2.0,10,0,0,39
Finance,2,Masters & above,m,sourcing,2,55,5.0,6,1,0,60
Analytics,10,Masters & above,m,other,1,33,4.0,7,1,0,85
Procurement,31,Bachelors,f,other,1,33,5.0,5,1,0,68
HR,22,Masters & above,f,sourcing,1,30,4.0,2,0,0,51
Operations,4,Bachelors,m,other,1,31,1.0,5,1,0,57
Procurement,7,Bachelors,f,sourcing,1,30,3.0,3,1,1,94
Operations,13,Masters & above,m,other,2,33,4.0,9,0,0,60
Technology,2,Masters & above,f,sourcing,1,36,4.0,9,1,0,82
Operations,22,Masters & above,m,sourcing,1,36,1.0,7,0,0,56
Operations,2,Bachelors,m,other,1,41,5.0,13,0,0,62
Sales & Marketing,15,Bachelors,f,sourcing,1,28,3.0,5,0,0,50
HR,2,Bachelors,f,sourcing,1,56,3.0,8,0,0,52
Procurement,2,Bachelors,m,sourcing,2,42,3.0,7,1,0,68
Procurement,34,Bachelors,m,other,1,27,2.0,4,0,0,71
Sales & Marketing,17,Bachelors,m,other,1,32,2.0,6,1,0,47
Sales & Marketing,28,Bachelors,f,other,1,30,3.0,4,0,0,59
Operations,28,Bachelors,f,other,1,37,5.0,7,1,0,58
Analytics,27,Bachelors,m,sourcing,1,28,3.0,5,0,0,87
Sales & Marketing,13,Bachelors,m,other,1,29,4.0,7,0,0,50
HR,12,Bachelors,m,other,1,30,3.0,2,0,0,44
Technology,5,Bachelors,f,other,2,33,3.0,5,0,0,76
Sales & Marketing,13,Bachelors,m,sourcing,1,35,3.0,9,0,0,47
Sales & Marketing,7,Masters & above,m,other,1,41,1.0,5,1,0,49
Sales & Marketing,16,Bachelors,m,sourcing,1,37,5.0,4,0,0,47
HR,7,Bachelors,f,sourcing,1,27,3.0,2,1,0,47
Technology,26,Bachelors,m,other,2,36,4.0,10,1,0,79
Technology,2,Bachelors,m,other,1,46,1.0,16,0,0,80
Operations,2,Masters & above,f,other,1,48,4.0,8,0,0,62
Procurement,7,Bachelors,m,other,3,35,2.0,11,0,0,70
Finance,22,Bachelors,f,sourcing,1,28,4.0,2,1,0,59
Procurement,28,Masters & above,f,sourcing,1,33,2.0,8,0,0,69
Sales & Marketing,31,Bachelors,f,sourcing,1,26,4.0,3,1,0,52
Operations,11,Bachelors,m,sourcing,2,25,3.0,2,0,0,61
Procurement,13,Masters & above,m,sourcing,1,49,2.0,4,0,0,71
HR,23,Bachelors,m,other,1,33,1.0,7,1,0,54
Operations,2,Bachelors,m,other,1,33,4.0,2,1,0,61
Sales & Marketing,19,Bachelors,m,sourcing,2,37,3.0,8,0,0,48
Operations,30,Bachelors,f,sourcing,1,32,4.0,5,0,0,57
Sales & Marketing,28,Bachelors,m,other,1,27,3.0,4,1,0,49
Operations,20,Masters & above,f,other,1,38,4.0,8,0,0,59
Analytics,16,Bachelors,m,other,1,39,2.0,7,0,0,81
Sales & Marketing,2,Masters & above,m,other,2,45,3.0,7,1,0,49
Technology,11,Bachelors,m,sourcing,1,30,4.0,4,1,0,83
Legal,7,Masters & above,m,sourcing,1,36,5.0,5,1,0,56
Sales & Marketing,30,Masters & above,m,sourcing,1,37,4.0,3,0,0,53
Procurement,2,Below Secondary,f,sourcing,1,25,2.0,2,1,1,66
Technology,7,Bachelors,m,other,2,34,3.0,7,0,0,79
Operations,4,Bachelors,m,sourcing,1,42,5.0,11,1,0,60
Procurement,8,Masters & above,m,other,1,37,4.0,4,1,0,68
Analytics,27,Bachelors,m,other,2,32,3.0,6,0,0,82
Procurement,26,Masters & above,f,sourcing,1,41,2.0,6,0,0,70
Sales & Marketing,15,Bachelors,m,sourcing,1,32,5.0,5,0,0,48
Operations,29,Bachelors,m,sourcing,1,28,5.0,4,0,0,59
Operations,23,Bachelors,m,other,1,30,4.0,5,0,0,57
Operations,5,Masters & above,f,other,1,37,1.0,9,0,0,61
Operations,22,Masters & above,m,sourcing,1,51,4.0,4,0,0,59
Sales & Marketing,4,Masters & above,m,other,1,44,3.0,2,0,0,46
Analytics,7,Masters & above,m,other,1,33,3.0,7,0,0,84
Sales & Marketing,2,Bachelors,m,other,1,52,4.0,11,0,0,51
HR,2,Bachelors,f,referred,1,33,2.0,6,1,0,49
Sales & Marketing,2,Masters & above,m,other,1,46,4.0,6,1,0,48
Operations,4,Masters & above,m,other,1,43,4.0,10,0,0,60
Sales & Marketing,23,Bachelors,m,other,1,31,5.0,7,1,0,52
Procurement,13,Bachelors,f,sourcing,2,30,3.0,3,0,0,65
Sales & Marketing,16,Bachelors,m,other,2,33,3.0,7,0,0,46
Technology,24,Bachelors,m,sourcing,1,25,3.0,2,0,0,82
Technology,26,Masters & above,f,sourcing,1,36,3.0,3,0,0,81
Sales & Marketing,2,Masters & above,m,sourcing,1,49,5.0,7,0,0,47
HR,22,Bachelors,m,sourcing,1,37,3.0,4,0,0,53
HR,28,Masters & above,f,other,1,32,1.0,5,1,0,51
Operations,15,Masters & above,m,other,1,51,5.0,3,0,0,58
Procurement,17,Bachelors,f,other,1,24,3.0,2,0,0,72
Sales & Marketing,2,Bachelors,m,sourcing,2,55,3.0,4,0,0,44
Sales & Marketing,15,Masters & above,m,other,1,40,2.0,9,0,0,52
Procurement,2,Below Secondary,m,other,2,20,5.0,2,0,0,65
R&D,26,Bachelors,m,other,3,30,5.0,2,1,0,84
Operations,30,Bachelors,m,other,1,26,3.0,4,0,0,59
Technology,32,Bachelors,m,sourcing,1,27,3.0,2,1,1,76
Sales & Marketing,8,Bachelors,m,other,1,27,3.0,2,0,0,45
Procurement,2,Bachelors,m,sourcing,2,33,3.0,2,1,0,71
HR,2,Bachelors,m,other,1,30,3.0,2,0,0,47
Sales & Marketing,16,Bachelors,m,other,1,49,2.0,24,0,0,48
Operations,31,Bachelors,m,sourcing,1,36,3.0,2,0,0,62
Operations,26,Bachelors,m,other,1,38,5.0,5,1,0,54
Operations,2,Bachelors,f,other,2,49,3.0,19,0,0,61
Operations,22,Masters & above,m,sourcing,1,39,5.0,4,0,0,73
Operations,20,Bachelors,m,sourcing,1,30,5.0,2,1,0,57
Legal,22,Bachelors,m,other,1,38,5.0,8,1,0,55
Sales & Marketing,22,Bachelors,m,other,1,43,3.0,12,0,0,48
Sales & Marketing,22,Bachelors,f,sourcing,2,28,3.0,1,0,0,50
Sales & Marketing,13,Bachelors,m,other,2,27,2.0,2,0,0,50
Operations,17,Bachelors,m,other,1,38,5.0,2,0,0,69
Analytics,29,Masters & above,m,sourcing,1,31,3.0,3,1,0,82
Procurement,2,Masters & above,f,other,1,42,4.0,7,1,0,70
Technology,31,Bachelors,m,referred,1,31,3.0,5,0,0,76
Analytics,22,Bachelors,m,sourcing,2,32,4.0,3,0,0,82
Procurement,15,Bachelors,m,sourcing,1,50,5.0,14,1,0,69
Technology,1,Masters & above,f,other,1,33,3.0,7,0,0,81
Sales & Marketing,23,Masters & above,m,sourcing,1,49,3.0,8,0,0,51
Procurement,2,Masters & above,f,sourcing,1,58,2.0,19,0,0,70
Technology,13,Bachelors,m,other,1,55,3.0,14,0,0,81
Sales & Marketing,2,Bachelors,m,other,1,45,2.0,16,0,0,49
Operations,7,Bachelors,f,sourcing,1,29,1.0,4,0,0,61
Operations,26,Bachelors,f,sourcing,1,27,5.0,4,1,0,61
Sales & Marketing,28,Masters & above,m,other,1,39,3.0,9,1,0,49
Procurement,26,Bachelors,f,sourcing,2,28,3.0,7,0,0,72
Operations,26,Bachelors,m,other,1,30,4.0,2,0,0,60
Operations,31,Masters & above,f,sourcing,1,50,3.0,3,0,0,62
Technology,22,Masters & above,m,other,2,35,1.0,9,1,0,78
Sales & Marketing,32,Bachelors,m,sourcing,1,25,1.0,3,0,0,49
Technology,20,Masters & above,m,other,1,55,3.0,4,0,0,74
Finance,22,Bachelors,m,sourcing,1,30,3.0,4,0,0,57
Procurement,22,Bachelors,m,sourcing,1,46,3.0,6,0,0,73
Procurement,7,Bachelors,f,other,2,40,3.0,8,0,0,84
Sales & Marketing,13,Bachelors,m,other,2,44,3.0,19,0,0,48
Technology,2,Bachelors,m,other,1,43,4.0,2,1,0,76
Sales & Marketing,2,Bachelors,m,referred,1,37,3.0,2,1,0,49
Technology,27,Bachelors,f,other,1,37,5.0,5,1,0,79
Operations,27,Masters & above,f,sourcing,1,44,4.0,4,0,0,64
Analytics,2,Bachelors,m,sourcing,1,36,4.0,10,1,0,89
Sales & Marketing,26,Masters & above,m,other,1,34,1.0,5,0,0,53
Operations,11,Bachelors,m,sourcing,1,29,1.0,2,0,0,63
Legal,2,Bachelors,m,sourcing,1,27,4.0,3,0,0,56
Technology,16,Bachelors,m,other,1,38,3.0,4,0,0,77
Sales & Marketing,27,Bachelors,f,sourcing,1,32,3.0,5,1,0,45
Operations,7,Bachelors,f,other,2,41,5.0,12,1,0,58
Technology,30,Bachelors,m,other,1,27,3.0,3,0,0,78
Technology,31,Masters & above,m,other,1,50,3.0,5,0,0,78
Analytics,26,Bachelors,m,other,2,43,3.0,15,1,0,92
HR,2,Masters & above,m,sourcing,1,48,3.0,15,0,0,52
Operations,2,Bachelors,m,other,1,58,4.0,28,0,0,64
Finance,4,Bachelors,m,sourcing,1,30,1.0,6,0,0,61
Analytics,19,Bachelors,m,other,2,38,3.0,4,0,0,84
Technology,13,Masters & above,f,other,1,42,3.0,3,1,0,81
Operations,2,Masters & above,f,sourcing,1,39,3.0,11,0,0,62
Technology,31,Masters & above,f,other,1,38,2.0,11,0,0,79
Technology,2,Below Secondary,m,other,1,20,3.0,2,0,0,77
Sales & Marketing,22,Bachelors,f,sourcing,1,30,4.0,4,0,0,48
Analytics,8,Bachelors,m,sourcing,1,27,5.0,6,1,1,84
Operations,2,Bachelors,m,sourcing,1,44,3.0,15,1,0,60
Finance,23,Bachelors,m,sourcing,2,36,3.0,7,0,0,61
Technology,1,Bachelors,m,other,1,28,3.0,4,0,0,82
Technology,2,Masters & above,f,other,1,34,5.0,9,1,0,78
Operations,22,Bachelors,m,other,1,31,5.0,4,1,0,94
Sales & Marketing,23,Bachelors,m,sourcing,2,31,4.0,3,0,0,51
Operations,15,Bachelors,m,sourcing,1,29,4.0,5,0,0,61
Analytics,22,Bachelors,f,other,2,30,3.0,5,0,0,85
Sales & Marketing,9,Bachelors,m,sourcing,1,25,2.0,3,0,0,47
Analytics,26,Bachelors,m,sourcing,2,28,5.0,2,1,0,86
Sales & Marketing,5,Bachelors,m,sourcing,2,30,3.0,4,0,0,48
Sales & Marketing,22,Masters & above,m,other,3,39,3.0,3,1,0,54
Procurement,2,Masters & above,f,sourcing,1,52,3.0,10,0,0,70
Operations,23,Bachelors,f,sourcing,1,30,2.0,4,0,0,61
Sales & Marketing,2,Bachelors,f,other,1,44,1.0,9,0,0,51
Analytics,22,Bachelors,f,sourcing,2,28,5.0,3,0,0,83
Technology,12,Bachelors,f,other,1,26,5.0,4,1,0,80
Sales & Marketing,7,Bachelors,m,sourcing,1,27,5.0,4,0,0,44
Analytics,7,Masters & above,m,other,3,34,5.0,5,1,0,86
Procurement,2,Bachelors,f,sourcing,1,32,5.0,5,1,0,69
Operations,22,Bachelors,f,sourcing,2,27,1.0,2,1,0,64
Analytics,29,Bachelors,m,sourcing,2,31,3.0,7,0,0,83
HR,22,Bachelors,m,sourcing,1,27,4.0,2,0,0,54
Technology,16,Bachelors,m,other,1,25,3.0,3,0,0,82
Analytics,7,Bachelors,m,other,1,26,3.0,2,0,0,80
Analytics,21,Bachelors,m,other,1,44,3.0,2,0,0,85
Sales & Marketing,28,Bachelors,m,other,1,25,5.0,3,1,0,49
Operations,22,Masters & above,f,other,2,36,4.0,3,0,0,56
Legal,34,Bachelors,m,sourcing,1,27,5.0,3,1,0,64
Analytics,7,Bachelors,f,other,1,34,3.0,10,0,0,86
Technology,26,Bachelors,m,sourcing,1,30,3.0,5,0,0,76
Operations,2,Masters & above,m,other,1,33,5.0,4,1,0,62
Sales & Marketing,26,Bachelors,f,sourcing,1,27,2.0,4,0,0,53
Analytics,2,Masters & above,m,other,1,40,4.0,7,0,0,89
Procurement,10,Masters & above,m,other,2,35,3.0,2,0,0,72
Sales & Marketing,2,Masters & above,m,sourcing,1,48,2.0,13,0,0,51
Finance,23,Masters & above,m,other,1,34,3.0,7,0,0,59
Procurement,30,Bachelors,f,other,1,29,5.0,3,1,0,68
Sales & Marketing,19,Bachelors,f,other,1,37,5.0,10,0,0,45
Analytics,7,Masters & above,m,sourcing,1,34,3.0,3,1,0,80
Procurement,24,Bachelors,m,other,1,26,1.0,4,0,0,70
Operations,27,Bachelors,m,other,1,30,3.0,2,0,0,61
Analytics,7,Bachelors,m,other,1,37,5.0,10,1,0,89
Sales & Marketing,22,Masters & above,m,other,3,45,3.0,6,0,0,44
Procurement,2,Masters & above,m,sourcing,2,35,3.0,7,0,0,70
Analytics,7,Bachelors,m,sourcing,1,40,5.0,14,1,0,82
Sales & Marketing,2,Bachelors,m,other,1,32,4.0,5,1,0,49
Procurement,2,Bachelors,f,sourcing,1,53,1.0,2,0,0,71
Analytics,22,Bachelors,m,other,1,27,5.0,6,0,0,95
Sales & Marketing,2,Masters & above,m,sourcing,1,33,4.0,2,0,0,48
Sales & Marketing,13,Masters & above,m,sourcing,1,33,4.0,2,1,0,50
Technology,16,Bachelors,m,sourcing,1,28,3.0,5,1,0,80
Operations,19,Bachelors,f,sourcing,1,38,3.0,8,0,0,58
Operations,2,Bachelors,m,other,1,58,1.0,15,0,0,60
Technology,2,Masters & above,m,other,1,54,4.0,18,1,0,79
Legal,31,Bachelors,m,sourcing,1,31,4.0,6,1,0,63
Sales & Marketing,16,Bachelors,m,sourcing,1,31,4.0,6,0,0,48
Sales & Marketing,2,Masters & above,f,other,2,33,1.0,2,0,0,47
Operations,29,Bachelors,m,sourcing,2,33,5.0,4,1,0,59
Sales & Marketing,2,Masters & above,m,other,1,39,4.0,11,0,0,54
Sales & Marketing,11,Bachelors,m,other,2,32,3.0,7,0,0,48
Sales & Marketing,6,Bachelors,f,other,1,31,1.0,8,0,0,51
Finance,32,Bachelors,m,sourcing,2,28,4.0,3,1,0,61
Operations,22,Masters & above,f,other,2,35,3.0,7,0,0,56
Procurement,28,Masters & above,f,sourcing,1,38,1.0,5,0,0,72
Finance,2,Bachelors,m,sourcing,3,30,5.0,5,0,0,57
Analytics,22,Bachelors,m,other,1,31,4.0,4,1,0,80
Sales & Marketing,7,Bachelors,m,other,1,33,2.0,6,0,0,50
Sales & Marketing,23,Bachelors,m,other,2,30,3.0,3,0,0,46
Sales & Marketing,7,Masters & above,f,other,2,35,1.0,8,0,0,49
Sales & Marketing,2,Bachelors,m,other,1,35,1.0,7,0,0,48
Operations,22,Bachelors,m,referred,1,31,5.0,4,1,0,59
Technology,2,Masters & above,f,sourcing,1,36,1.0,2,0,0,79
Operations,26,Bachelors,m,sourcing,1,31,3.0,7,0,0,63
Procurement,30,Masters & above,m,sourcing,1,42,3.0,7,0,0,69
Sales & Marketing,13,Bachelors,m,sourcing,1,42,2.0,3,0,0,51
Technology,27,Bachelors,f,sourcing,2,32,1.0,4,0,0,74
Analytics,28,Masters & above,m,other,1,39,3.0,4,1,0,88
Sales & Marketing,13,Bachelors,m,other,1,50,3.0,3,1,0,47
Operations,2,Masters & above,m,other,1,39,3.0,4,1,0,60
Procurement,8,Bachelors,f,other,1,35,3.0,6,0,0,70
Sales & Marketing,31,Bachelors,m,other,1,50,2.0,12,0,0,52
Sales & Marketing,7,Bachelors,m,sourcing,1,40,5.0,6,0,0,50
R&D,2,Bachelors,m,other,1,44,1.0,13,0,0,84
HR,7,Masters & above,f,other,1,34,5.0,9,0,0,51
HR,32,Bachelors,f,sourcing,1,31,1.0,7,0,0,50
Procurement,17,Bachelors,f,other,1,35,4.0,3,1,0,69
Procurement,2,Masters & above,f,other,1,34,2.0,7,0,0,72
Analytics,7,Bachelors,m,sourcing,2,43,4.0,5,1,0,83
Technology,26,Bachelors,f,other,1,40,1.0,10,0,0,83
Sales & Marketing,19,Bachelors,m,other,1,34,1.0,5,0,0,48
Operations,30,Bachelors,f,other,1,28,3.0,5,1,0,60
Sales & Marketing,2,Masters & above,f,other,2,35,4.0,8,0,0,53
Sales & Marketing,15,Bachelors,f,sourcing,1,29,1.0,5,0,0,53
Sales & Marketing,13,Bachelors,m,other,1,41,5.0,13,1,0,49
Technology,25,Bachelors,f,other,1,29,4.0,5,0,0,76
HR,2,Masters & above,f,sourcing,1,60,3.0,10,0,0,48
Sales & Marketing,7,Bachelors,m,sourcing,1,37,3.0,6,0,0,55
HR,7,Bachelors,f,sourcing,1,33,3.0,6,0,0,50
HR,7,Masters & above,m,sourcing,1,48,4.0,20,0,0,48
Sales & Marketing,2,Bachelors,m,other,3,34,2.0,9,0,0,52
Analytics,30,Bachelors,m,other,1,31,5.0,6,1,0,90
Legal,22,Masters & above,m,other,1,33,3.0,3,0,0,61
Technology,4,Bachelors,f,sourcing,1,46,3.0,3,1,0,79
Finance,2,Bachelors,m,other,1,30,5.0,8,1,0,65
Procurement,2,Masters & above,m,sourcing,2,38,3.0,8,0,0,69
Analytics,30,Bachelors,m,other,2,28,3.0,1,0,0,86
Procurement,24,Bachelors,f,other,1,28,3.0,4,0,0,67
Technology,6,Bachelors,m,referred,1,29,4.0,1,0,0,80
Sales & Marketing,28,Masters & above,m,other,1,46,3.0,3,0,0,52
Sales & Marketing,24,Masters & above,f,other,1,33,1.0,3,0,0,47
Analytics,2,Bachelors,m,other,1,58,5.0,23,0,0,85
Operations,31,Masters & above,f,sourcing,1,48,4.0,9,0,0,59
Technology,2,Masters & above,m,other,1,44,4.0,2,1,0,76
Analytics,15,Bachelors,m,other,2,31,4.0,2,0,0,82
Procurement,28,Masters & above,m,other,2,36,3.0,4,0,0,68
Sales & Marketing,2,Bachelors,m,other,1,39,4.0,10,1,0,48
Technology,7,Masters & above,f,other,1,37,3.0,3,0,0,82
Finance,2,Below Secondary,m,sourcing,1,23,5.0,2,1,0,61
Sales & Marketing,2,Bachelors,m,other,1,31,3.0,9,1,0,53
Finance,13,Bachelors,m,other,1,30,4.0,6,0,0,67
Legal,26,Bachelors,m,sourcing,1,35,5.0,4,0,0,58
Operations,13,Masters & above,m,other,1,39,3.0,6,1,0,56
Operations,15,Bachelors,f,sourcing,1,38,4.0,14,1,0,60
Procurement,26,Masters & above,m,sourcing,1,46,3.0,8,0,0,68
R&D,22,Bachelors,m,other,1,29,5.0,4,1,0,90
Sales & Marketing,34,Bachelors,f,sourcing,1,29,3.0,7,0,0,47
Sales & Marketing,13,Bachelors,f,sourcing,1,40,3.0,9,0,0,50
Sales & Marketing,4,Bachelors,m,other,1,35,4.0,2,1,0,51
Operations,31,Bachelors,m,other,1,36,4.0,3,1,0,62
Operations,4,Masters & above,m,sourcing,1,52,3.0,10,1,0,58
Sales & Marketing,15,Bachelors,m,other,1,37,5.0,10,1,0,47
Operations,7,Bachelors,f,other,1,26,5.0,2,1,0,61
Technology,6,Bachelors,m,other,1,24,2.0,2,1,0,78
Sales & Marketing,2,Bachelors,m,referred,1,39,4.0,8,1,0,47
Operations,7,Bachelors,f,other,2,32,3.0,3,0,0,59
Procurement,2,Bachelors,m,other,1,60,4.0,6,1,0,71
Operations,31,Bachelors,m,sourcing,1,30,1.0,8,0,0,58
Analytics,15,Bachelors,m,sourcing,1,30,3.0,6,0,0,93
Sales & Marketing,20,Bachelors,m,sourcing,1,24,1.0,2,0,0,51
Analytics,22,Bachelors,m,referred,1,27,5.0,5,0,0,88
Analytics,28,Masters & above,m,other,2,34,4.0,10,0,0,86
Operations,22,Bachelors,m,sourcing,1,34,5.0,8,1,0,60
Technology,24,Bachelors,m,sourcing,1,40,3.0,13,0,0,81
Operations,22,Masters & above,m,sourcing,1,53,5.0,4,0,0,57
Analytics,22,Masters & above,f,other,1,41,5.0,7,1,0,83
Operations,19,Bachelors,f,other,1,43,3.0,15,0,0,55
HR,10,Masters & above,m,other,1,29,5.0,7,1,0,49
Operations,13,Masters & above,f,sourcing,2,33,4.0,3,0,0,59
Operations,7,Bachelors,f,other,1,36,4.0,7,0,0,57
Sales & Marketing,2,Masters & above,f,other,1,41,4.0,3,1,0,49
Finance,32,Bachelors,m,sourcing,2,26,4.0,2,0,0,59
Operations,32,Bachelors,f,other,1,35,3.0,5,0,0,56
Sales & Marketing,31,Bachelors,m,sourcing,1,31,1.0,6,0,0,50
Sales & Marketing,2,Masters & above,m,referred,1,37,5.0,5,1,0,52
Finance,14,Bachelors,m,other,1,29,5.0,3,1,0,59
Finance,31,Bachelors,m,other,1,25,5.0,2,1,0,62
Sales & Marketing,7,Bachelors,f,sourcing,1,30,2.0,5,0,0,61
Sales & Marketing,7,Masters & above,f,other,1,38,1.0,4,0,0,49
Analytics,25,Bachelors,m,other,1,31,4.0,6,1,0,84
Technology,27,Bachelors,m,sourcing,1,30,4.0,2,0,0,78
Legal,2,Below Secondary,m,other,1,26,4.0,2,1,0,60
Analytics,2,Masters & above,m,sourcing,2,34,3.0,8,1,0,85
Sales & Marketing,30,Bachelors,f,sourcing,1,41,3.0,11,0,0,50
Procurement,2,Masters & above,m,sourcing,1,52,4.0,4,0,0,67
Operations,20,Bachelors,m,other,1,27,5.0,5,1,0,59
Analytics,11,Bachelors,m,sourcing,2,48,4.0,17,0,0,82
Technology,15,Bachelors,m,sourcing,2,35,5.0,3,1,1,79
Operations,17,Bachelors,m,other,1,31,1.0,4,0,0,62
Analytics,26,Bachelors,m,sourcing,1,29,3.0,8,0,0,83
Operations,7,Bachelors,f,other,3,29,1.0,4,0,0,59
Analytics,22,Masters & above,f,other,1,31,3.0,4,0,0,83
Sales & Marketing,2,Bachelors,f,other,1,37,5.0,3,0,0,48
Operations,29,Bachelors,m,sourcing,1,47,5.0,15,0,0,59
Legal,13,Masters & above,m,sourcing,1,34,3.0,4,0,0,58
Procurement,22,Bachelors,f,other,1,32,4.0,3,0,0,75
Sales & Marketing,2,Bachelors,f,sourcing,1,38,2.0,9,0,0,50
Sales & Marketing,6,Bachelors,m,other,1,41,1.0,5,0,0,52
Analytics,22,Bachelors,f,sourcing,1,29,4.0,3,1,0,82
Procurement,13,Masters & above,f,other,1,45,5.0,3,1,1,66
Operations,19,Bachelors,f,other,1,38,4.0,10,0,0,60
Analytics,9,Bachelors,m,sourcing,1,28,5.0,4,1,0,83
Procurement,17,Bachelors,m,other,3,32,2.0,5,0,0,70
Analytics,2,Bachelors,m,other,2,34,3.0,3,1,0,82
Finance,22,Bachelors,m,sourcing,1,32,3.0,7,0,0,58
Operations,2,Bachelors,f,other,1,52,3.0,14,0,0,58
Technology,1,Masters & above,m,other,1,34,3.0,7,0,0,81
Sales & Marketing,22,Bachelors,m,other,1,25,1.0,2,0,0,51
Sales & Marketing,2,Bachelors,f,other,1,39,5.0,9,0,0,47
Procurement,16,Masters & above,f,other,1,36,5.0,7,1,0,73
Technology,11,Masters & above,m,other,1,41,3.0,7,0,0,77
Technology,13,Bachelors,m,other,1,34,4.0,7,0,0,78
Operations,16,Bachelors,f,sourcing,1,37,3.0,7,1,0,57
HR,22,Masters & above,f,other,1,32,5.0,3,0,0,47
Procurement,15,Bachelors,m,other,1,36,3.0,9,0,0,69
Sales & Marketing,10,Masters & above,m,sourcing,1,41,4.0,6,1,1,90
Sales & Marketing,16,Bachelors,m,sourcing,1,48,1.0,17,0,0,54
HR,2,Bachelors,f,referred,1,30,5.0,8,1,0,52
HR,2,Bachelors,f,other,1,42,5.0,7,1,0,46
Procurement,5,Masters & above,m,other,1,35,4.0,4,1,0,67
Procurement,23,Masters & above,f,sourcing,1,36,3.0,6,0,0,75
Analytics,21,Bachelors,m,other,1,31,5.0,4,0,0,78
Finance,7,Bachelors,m,other,1,35,3.0,5,0,0,63
Legal,26,Bachelors,m,other,1,26,5.0,2,0,0,59
HR,22,Bachelors,m,sourcing,1,30,4.0,3,1,0,50
Sales & Marketing,16,Bachelors,m,referred,1,31,4.0,3,0,0,52
Operations,2,Bachelors,m,other,1,54,5.0,5,0,0,63
Operations,15,Bachelors,f,sourcing,1,31,5.0,2,1,0,63
HR,11,Bachelors,f,other,1,24,3.0,2,0,0,46
Technology,5,Bachelors,m,other,1,35,3.0,8,0,0,76
Operations,32,Bachelors,m,sourcing,1,33,5.0,7,1,1,56
Technology,16,Masters & above,m,sourcing,1,53,5.0,19,1,0,80
Operations,20,Bachelors,m,sourcing,1,28,4.0,3,0,0,58
Sales & Marketing,15,Bachelors,m,sourcing,1,43,3.0,14,0,0,46
Sales & Marketing,16,Bachelors,m,other,1,29,5.0,7,1,0,49
Sales & Marketing,12,Bachelors,m,other,2,28,3.0,4,1,0,46
Legal,2,Bachelors,m,other,1,35,3.0,8,0,0,62
Operations,26,Bachelors,m,other,1,34,5.0,7,0,0,58
Technology,7,Bachelors,m,sourcing,1,29,4.0,2,1,0,78
Procurement,22,Masters & above,m,sourcing,1,32,3.0,5,0,0,70
Sales & Marketing,2,Bachelors,m,sourcing,2,30,5.0,5,1,0,47
Sales & Marketing,15,Bachelors,m,sourcing,2,26,3.0,3,0,0,51
Sales & Marketing,7,Bachelors,m,sourcing,1,30,4.0,7,1,0,48
Technology,2,Bachelors,m,sourcing,2,27,3.0,3,0,0,81
Sales & Marketing,7,Bachelors,m,other,1,46,2.0,13,0,0,50
Analytics,32,Bachelors,m,sourcing,1,28,3.0,2,0,0,87
Operations,28,Bachelors,f,other,1,30,5.0,5,0,0,59
Technology,2,Bachelors,f,sourcing,1,43,1.0,16,0,0,79
Technology,13,Masters & above,f,other,1,31,3.0,3,1,0,80
Operations,26,Bachelors,f,sourcing,1,32,3.0,10,0,0,64
Analytics,2,Bachelors,m,sourcing,1,40,5.0,3,0,0,79
Procurement,2,Bachelors,m,other,1,36,2.0,5,1,0,69
Technology,16,Bachelors,f,other,1,32,4.0,6,0,0,79
Sales & Marketing,2,Bachelors,m,other,1,38,4.0,3,1,0,48
Finance,6,Bachelors,m,sourcing,1,28,1.0,1,0,0,62
Sales & Marketing,26,Bachelors,m,sourcing,1,26,4.0,1,0,0,51
HR,22,Bachelors,m,other,2,28,4.0,3,0,0,47
Sales & Marketing,12,Bachelors,m,other,1,35,3.0,2,0,0,48
Operations,27,Masters & above,f,other,1,50,5.0,2,1,0,58
Sales & Marketing,25,Bachelors,m,sourcing,1,33,1.0,7,1,0,49
Sales & Marketing,13,Masters & above,m,other,1,39,2.0,3,0,0,53
Sales & Marketing,1,Masters & above,m,other,1,37,1.0,3,0,0,50
Operations,32,Bachelors,m,sourcing,1,26,3.0,2,0,0,57
Operations,2,Bachelors,f,other,1,32,5.0,6,0,0,58
Procurement,2,Bachelors,f,referred,1,30,3.0,7,1,0,71
Operations,21,Masters & above,m,other,2,33,4.0,3,0,0,58
Sales & Marketing,15,Bachelors,m,other,3,29,4.0,2,0,0,48
Procurement,2,Masters & above,f,other,1,31,3.0,4,0,0,66
Sales & Marketing,7,Bachelors,m,other,1,31,2.0,7,0,0,47
Operations,7,Masters & above,m,sourcing,1,49,1.0,7,0,0,59
Procurement,2,Bachelors,m,other,1,29,3.0,3,0,0,73
Operations,26,Bachelors,m,other,1,38,5.0,8,1,0,60
Sales & Marketing,13,Bachelors,m,sourcing,1,35,5.0,7,1,1,46
Operations,31,Bachelors,f,other,1,32,5.0,7,1,0,64
Sales & Marketing,14,Bachelors,m,other,1,41,2.0,7,0,0,46
Analytics,2,Bachelors,f,other,1,32,5.0,6,0,0,81
Sales & Marketing,2,Bachelors,m,other,1,54,5.0,15,1,0,47
Sales & Marketing,24,Masters & above,m,other,1,40,5.0,3,1,0,54
Sales & Marketing,2,Bachelors,f,referred,1,33,5.0,7,0,0,51
Operations,26,Bachelors,m,other,1,26,4.0,2,1,0,56
HR,28,Masters & above,m,sourcing,1,34,5.0,7,0,0,48
Sales & Marketing,19,Bachelors,f,other,1,35,2.0,7,0,0,53
Procurement,2,Bachelors,f,other,1,44,3.0,15,1,0,67
Procurement,2,Masters & above,f,other,1,37,2.0,8,0,0,71
Procurement,2,Below Secondary,f,other,1,24,3.0,1,0,0,68
HR,13,Masters & above,f,sourcing,1,35,5.0,7,0,0,48
Operations,15,Bachelors,f,other,1,35,5.0,4,0,0,60
Sales & Marketing,14,Bachelors,m,other,1,31,3.0,6,0,0,47
Procurement,17,Bachelors,m,sourcing,2,27,3.0,4,0,0,68
Operations,19,Bachelors,m,sourcing,1,32,1.0,7,1,0,62
Operations,27,Bachelors,m,other,1,32,4.0,4,0,0,57
Operations,9,Bachelors,m,other,1,32,5.0,3,0,0,60
Technology,2,Bachelors,m,sourcing,1,41,3.0,10,0,1,97
Operations,7,Bachelors,m,sourcing,1,28,5.0,3,0,0,55
Procurement,17,Bachelors,m,other,1,37,3.0,4,0,0,71
Operations,14,Masters & above,f,other,1,43,2.0,7,1,0,60
Sales & Marketing,2,Bachelors,f,sourcing,1,34,3.0,4,0,0,44
HR,31,Masters & above,f,sourcing,1,38,5.0,5,1,0,53
Sales & Marketing,13,Bachelors,m,other,1,27,1.0,5,0,0,49
Procurement,22,Bachelors,m,other,3,33,3.0,6,0,0,67
Sales & Marketing,13,Masters & above,m,other,1,30,3.0,3,0,0,48
Procurement,4,Masters & above,m,other,2,36,4.0,2,1,0,68
Operations,22,Masters & above,f,other,1,34,2.0,3,0,0,58
Operations,4,Masters & above,f,sourcing,1,31,3.0,7,0,0,60
Sales & Marketing,13,Masters & above,f,other,1,31,4.0,5,0,0,52
Operations,13,Bachelors,m,sourcing,1,41,3.0,15,0,0,57
HR,30,Bachelors,m,other,1,27,5.0,2,1,0,45
Technology,28,Bachelors,m,other,1,28,4.0,3,1,0,78
Operations,8,Bachelors,f,sourcing,1,29,3.0,3,0,0,64
Finance,2,Masters & above,m,other,1,35,3.0,9,1,0,58
Technology,2,Bachelors,m,other,1,36,4.0,8,1,0,81
Operations,13,Masters & above,m,sourcing,1,41,5.0,12,1,0,54
Operations,19,Bachelors,m,sourcing,1,41,2.0,15,0,0,59
Sales & Marketing,13,Bachelors,m,other,1,27,4.0,2,0,0,50
Technology,27,Masters & above,m,other,1,38,5.0,5,1,0,86
Sales & Marketing,2,Bachelors,m,other,2,27,4.0,5,0,0,51
Analytics,2,Masters & above,m,other,3,57,5.0,16,1,0,86
Procurement,10,Bachelors,m,other,1,29,1.0,3,0,0,71
Technology,2,Bachelors,f,referred,1,53,5.0,8,1,0,75
Analytics,22,Bachelors,m,other,3,30,3.0,3,0,0,85
Analytics,4,Masters & above,m,sourcing,2,39,3.0,2,1,0,81
Sales & Marketing,15,Masters & above,m,other,1,35,5.0,7,0,0,48
Sales & Marketing,16,Bachelors,m,other,1,36,4.0,5,1,0,51
Sales & Marketing,2,Bachelors,m,sourcing,1,34,2.0,3,0,0,48
Sales & Marketing,14,Masters & above,m,other,1,39,2.0,4,0,0,47
Sales & Marketing,7,Bachelors,m,other,1,39,1.0,3,0,0,46
Operations,27,Bachelors,m,other,1,40,3.0,7,1,0,62
Operations,22,Bachelors,f,other,2,30,3.0,2,0,0,60
Sales & Marketing,8,Bachelors,m,other,1,27,2.0,2,0,0,46
Operations,16,Bachelors,f,sourcing,1,31,3.0,2,1,0,57
Sales & Marketing,5,Masters & above,m,sourcing,1,43,1.0,11,0,0,48
Sales & Marketing,13,Bachelors,f,other,1,31,3.0,3,0,0,49
Operations,34,Bachelors,m,other,1,29,1.0,3,0,0,64
Technology,5,Bachelors,m,sourcing,1,32,3.0,3,0,0,78
Sales & Marketing,22,Bachelors,m,sourcing,1,29,4.0,4,1,0,46
Technology,1,Masters & above,f,other,1,34,1.0,7,0,0,82
Legal,2,Bachelors,m,other,1,45,3.0,7,0,0,56
Sales & Marketing,2,Masters & above,f,other,2,58,3.0,12,0,0,48
Sales & Marketing,22,Bachelors,m,sourcing,1,25,5.0,2,1,0,43
Sales & Marketing,2,Bachelors,f,other,2,37,1.0,9,0,0,47
Sales & Marketing,10,Masters & above,m,other,1,44,4.0,16,0,0,50
Finance,7,Bachelors,f,other,1,27,3.0,2,0,0,59
Technology,9,Bachelors,m,sourcing,2,29,3.0,3,1,0,80
Sales & Marketing,4,Bachelors,m,other,1,50,3.0,20,0,0,44
Operations,23,Bachelors,f,other,1,35,5.0,4,1,0,61
Sales & Marketing,23,Bachelors,m,other,1,27,3.0,2,0,0,63
Sales & Marketing,27,Bachelors,m,sourcing,1,30,5.0,6,0,0,51
Procurement,31,Bachelors,m,sourcing,1,41,1.0,13,0,0,71
Sales & Marketing,1,Bachelors,f,sourcing,1,28,3.0,2,1,0,46
Operations,6,Bachelors,f,sourcing,1,39,5.0,3,1,1,60
Sales & Marketing,25,Masters & above,m,sourcing,1,39,5.0,9,1,0,51
Procurement,17,Bachelors,f,other,2,40,3.0,5,0,0,70
Sales & Marketing,24,Bachelors,m,sourcing,1,26,2.0,2,0,0,44
HR,22,Below Secondary,m,other,1,24,2.0,2,0,0,47
Sales & Marketing,31,Bachelors,m,other,1,42,3.0,10,0,0,53
Sales & Marketing,25,Bachelors,m,sourcing,2,28,2.0,5,0,0,45
Technology,7,Bachelors,f,referred,2,30,5.0,6,1,0,81
HR,7,Bachelors,m,other,1,33,1.0,9,0,0,51
HR,7,Bachelors,f,referred,1,35,5.0,4,1,0,81
